# Utah Teapot Model
# Version: 2025 - Cem Yuksel
# Triangle Mesh Resolution: 8 (8452 faces)
# generated with https://graphics.cs.utah.edu/teapot/
o Utah Teapot

v -1.851563 2.249121 0
v -1.85142 2.239472 -0.09843751
v -1.851044 2.214034 -0.16875
v -1.850512 2.178069 -0.2109375
v -1.849902 2.136841 -0.225
v -1.849293 2.095613 -0.2109375
v -1.848761 2.059648 -0.16875
v -1.848385 2.03421 -0.09843751
v -1.848242 2.02456 0
v -2.15625 2.242969 0
v -2.152423 2.233452 -0.0984375
v -2.142334 2.208362 -0.16875
v -2.12807 2.17289 -0.2109375
v -2.111719 2.132227 -0.225
v -2.095367 2.091563 -0.2109375
v -2.081104 2.056091 -0.16875
v -2.071014 2.031001 -0.0984375
v -2.067188 2.021484 0
v -2.414063 2.22627 0
v -2.407256 2.217111 -0.0984375
v -2.389313 2.192967 -0.16875
v -2.363944 2.158833 -0.2109375
v -2.334863 2.119703 -0.225
v -2.305782 2.080572 -0.2109375
v -2.280414 2.046437 -0.16875
v -2.26247 2.022293 -0.0984375
v -2.255664 2.013135 0
v -2.625 2.19375 0
v -2.615869 2.18529 -0.0984375
v -2.591797 2.162988 -0.16875
v -2.557764 2.131458 -0.2109375
v -2.51875 2.095313 -0.225
v -2.479736 2.059167 -0.2109375
v -2.445703 2.027637 -0.16875
v -2.421631 2.005334 -0.0984375
v -2.4125 1.996875 0
v -2.789063 2.140137 0
v -2.778211 2.132829 -0.0984375
v -2.749603 2.113564 -0.16875
v -2.709157 2.086326 -0.2109375
v -2.662793 2.055102 -0.225
v -2.616428 2.023879 -0.2109375
v -2.575983 1.996642 -0.16875
v -2.547375 1.977376 -0.0984375
v -2.536523 1.970068 0
v -2.90625 2.060156 0
v -2.894232 2.054567 -0.0984375
v -2.862549 2.039832 -0.16875
v -2.817755 2.018999 -0.2109375
v -2.766407 1.995117 -0.225
v -2.715057 1.971236 -0.2109375
v -2.670264 1.950403 -0.16875
v -2.63858 1.935668 -0.0984375
v -2.626563 1.930078 0
v -2.976563 1.948535 0
v -2.963881 1.945344 -0.0984375
v -2.93045 1.936931 -0.16875
v -2.883186 1.925037 -0.2109375
v -2.829004 1.911402 -0.225
v -2.774822 1.897766 -0.2109375
v -2.727557 1.885872 -0.16875
v -2.694126 1.877459 -0.0984375
v -2.681445 1.874268 0
v -3 1.8 0
v -2.987109 1.8 -0.0984375
v -2.953125 1.8 -0.16875
v -2.905078 1.8 -0.2109375
v -2.85 1.8 -0.225
v -2.794922 1.8 -0.2109375
v -2.746875 1.8 -0.16875
v -2.712891 1.8 -0.0984375
v -2.7 1.8 0
v -1.602417 2.249744 0
v -1.59688 2.240103 -0.0984375
v -1.604268 2.21463 -0.16875
v -1.61711 2.190749 -0.1967078
v -1.623793 2.178595 -0.2109375
v -1.651786 2.137276 -0.225
v -1.683731 2.095954 -0.2109375
v -1.711609 2.06226 -0.1715033
v -1.713384 2.059908 -0.16875
v -1.736485 2.034413 -0.09843751
v -1.752658 2.02473 0
v -1.57958 2.252387 0
v -1.565497 2.262371 0
v -1.555444 2.283046 0
v -1.574232 2.242418 -0.09988242
v -1.560274 2.251816 -0.1030974
v -1.550207 2.271415 -0.1091552
v -1.581677 2.215173 -0.1724316
v -1.567766 2.222199 -0.1797175
v -1.557787 2.238003 -0.1930152
v -1.594357 2.188628 -0.2015197
v -1.580278 2.192336 -0.2112907
v -1.570674 2.203271 -0.2293326
v -1.600535 2.1751 -0.2161094
v -1.586333 2.177227 -0.2272758
v -1.57697 2.185687 -0.2477607
v -1.626998 2.128659 -0.2288038
v -1.612326 2.123546 -0.2420041
v -1.604869 2.121029 -0.2672842
v -1.656352 2.084447 -0.2108085
v -1.640952 2.071483 -0.222877
v -1.636597 2.056358 -0.247999
v -1.681498 2.051288 -0.1685936
v -1.665366 2.032658 -0.1771506
v -1.664203 2.007422 -0.1968786
v -1.683068 2.049007 -0.1657672
v -1.66694 2.029971 -0.1740908
v -1.666022 2.004044 -0.1933373
v -1.703951 2.025301 -0.0958493
v -1.687276 2.003075 -0.09963275
v -1.688784 1.970741 -0.109389
v -1.719288 2.01639 0
v -1.702332 1.993358 0
v -1.704589 1.959175 0
v -1.85142 2.239472 0.09843751
v -1.851044 2.214034 0.16875
v -1.850512 2.178069 0.2109375
v -1.849902 2.136841 0.225
v -1.849293 2.095613 0.2109375
v -1.848761 2.059648 0.16875
v -1.848385 2.03421 0.09843751
v -2.152423 2.233452 0.0984375
v -2.142334 2.208362 0.16875
v -2.12807 2.17289 0.2109375
v -2.111719 2.132227 0.225
v -2.095367 2.091563 0.2109375
v -2.081104 2.056091 0.16875
v -2.071014 2.031001 0.0984375
v -2.407256 2.217111 0.0984375
v -2.389313 2.192967 0.16875
v -2.363944 2.158833 0.2109375
v -2.334863 2.119703 0.225
v -2.305782 2.080572 0.2109375
v -2.280414 2.046437 0.16875
v -2.26247 2.022293 0.0984375
v -2.615869 2.18529 0.0984375
v -2.591797 2.162988 0.16875
v -2.557764 2.131458 0.2109375
v -2.51875 2.095313 0.225
v -2.479736 2.059167 0.2109375
v -2.445703 2.027637 0.16875
v -2.421631 2.005334 0.0984375
v -2.778211 2.132829 0.0984375
v -2.749603 2.113564 0.16875
v -2.709157 2.086326 0.2109375
v -2.662793 2.055102 0.225
v -2.616428 2.023879 0.2109375
v -2.575983 1.996642 0.16875
v -2.547375 1.977376 0.0984375
v -2.894232 2.054567 0.0984375
v -2.862549 2.039832 0.16875
v -2.817755 2.018999 0.2109375
v -2.766407 1.995117 0.225
v -2.715057 1.971236 0.2109375
v -2.670264 1.950403 0.16875
v -2.63858 1.935668 0.0984375
v -2.963881 1.945344 0.0984375
v -2.93045 1.936931 0.16875
v -2.883186 1.925037 0.2109375
v -2.829004 1.911402 0.225
v -2.774822 1.897766 0.2109375
v -2.727557 1.885872 0.16875
v -2.694126 1.877459 0.0984375
v -2.987109 1.8 0.0984375
v -2.953125 1.8 0.16875
v -2.905078 1.8 0.2109375
v -2.85 1.8 0.225
v -2.794922 1.8 0.2109375
v -2.746875 1.8 0.16875
v -2.712891 1.8 0.0984375
v -1.59688 2.240103 0.0984375
v -1.604268 2.21463 0.16875
v -1.61711 2.190749 0.1967078
v -1.623793 2.178595 0.2109375
v -1.651786 2.137276 0.225
v -1.683731 2.095954 0.2109375
v -1.711609 2.06226 0.1715033
v -1.713384 2.059908 0.16875
v -1.736485 2.034413 0.09843751
v -1.574232 2.242418 0.09988242
v -1.560274 2.251816 0.1030974
v -1.550207 2.271415 0.1091552
v -1.581677 2.215173 0.1724316
v -1.567766 2.222199 0.1797175
v -1.557787 2.238003 0.1930152
v -1.594357 2.188628 0.2015197
v -1.580278 2.192336 0.2112907
v -1.570674 2.203271 0.2293326
v -1.600535 2.1751 0.2161094
v -1.586333 2.177227 0.2272758
v -1.57697 2.185687 0.2477607
v -1.626998 2.128659 0.2288038
v -1.612326 2.123546 0.2420041
v -1.604869 2.121029 0.2672842
v -1.656352 2.084447 0.2108085
v -1.640952 2.071483 0.222877
v -1.636597 2.056358 0.247999
v -1.681498 2.051288 0.1685936
v -1.665366 2.032658 0.1771506
v -1.664203 2.007422 0.1968786
v -1.683068 2.049007 0.1657672
v -1.66694 2.029971 0.1740908
v -1.666022 2.004044 0.1933373
v -1.703951 2.025301 0.0958493
v -1.687276 2.003075 0.09963275
v -1.688784 1.970741 0.109389
v -2.983496 1.633081 0
v -2.970903 1.636213 -0.09843751
v -2.937705 1.644468 -0.16875
v -2.890768 1.65614 -0.2109375
v -2.836963 1.669519 -0.225
v -2.783158 1.682899 -0.2109375
v -2.736221 1.69457 -0.16875
v -2.703022 1.702826 -0.09843751
v -2.69043 1.705957 0
v -2.933594 1.470117 0
v -2.921878 1.47553 -0.0984375
v -2.890991 1.489801 -0.16875
v -2.847324 1.509977 -0.2109375
v -2.797266 1.533106 -0.225
v -2.747208 1.556234 -0.2109375
v -2.70354 1.57641 -0.16875
v -2.672653 1.590681 -0.0984375
v -2.660938 1.596094 0
v -2.849707 1.311548 0
v -2.839422 1.318601 -0.0984375
v -2.812308 1.337194 -0.16875
v -2.773973 1.363482 -0.2109375
v -2.73003 1.393616 -0.225
v -2.686085 1.42375 -0.2109375
v -2.647751 1.450037 -0.16875
v -2.620636 1.468631 -0.0984375
v -2.610352 1.475684 0
v -2.73125 1.157812 0
v -2.722925 1.16607 -0.0984375
v -2.700977 1.187842 -0.16875
v -2.669946 1.218622 -0.2109375
v -2.634375 1.253906 -0.225
v -2.598804 1.289191 -0.2109375
v -2.567773 1.319971 -0.16875
v -2.545825 1.341742 -0.0984375
v -2.5375 1.35 0
v -2.577637 1.009351 0
v -2.571775 1.018587 -0.0984375
v -2.55632 1.042939 -0.16875
v -2.534471 1.077367 -0.2109375
v -2.509424 1.116834 -0.225
v -2.484377 1.1563 -0.2109375
v -2.462528 1.190728 -0.16875
v -2.447073 1.21508 -0.0984375
v -2.441211 1.224316 0
v -2.388281 0.8666015 0
v -2.385361 0.8767982 -0.0984375
v -2.377661 0.9036804 -0.16875
v -2.366776 0.9416862 -0.2109375
v -2.354297 0.9852539 -0.225
v -2.341818 1.028821 -0.2109375
v -2.330933 1.066827 -0.16875
v -2.323233 1.093709 -0.0984375
v -2.320313 1.103906 0
v -2.162598 0.7300048 0
v -2.163072 0.7413503 -0.0984375
v -2.164322 0.7712608 -0.16875
v -2.166089 0.8135481 -0.2109375
v -2.168115 0.8620239 -0.225
v -2.170141 0.9104996 -0.2109375
v -2.171909 0.952787 -0.16875
v -2.173159 0.9826976 -0.0984375
v -2.173633 0.994043 0
v -2.073389 0.9397488 0
v -2.062724 0.9232107 -0.0984375
v -2.0523 0.889223 -0.16875
v -2.048042 0.8717007 -0.1847679
v -2.032555 0.8386174 -0.2109375
v -2.005951 0.7787363 -0.225
v -1.992866 0.7440621 -0.2164638
v -1.974871 0.7167958 -0.2109375
v -1.944021 0.6610771 -0.16875
v -1.932112 0.6266984 -0.0984375
v -1.932176 0.6266192 -0.09742406
v -1.934904 0.61728 0
v -2.037527 0.9288946 0
v -2.008105 0.9433797 0
v -1.994884 0.9784158 0
v -2.027176 0.9140054 -0.09359321
v -1.998367 0.9280182 -0.09743623
v -1.98532 0.9608232 -0.1087588
v -2.017845 0.8851634 -0.1621103
v -1.991675 0.8969786 -0.1706502
v -1.979606 0.921998 -0.1924934
v -2.014677 0.8698956 -0.1789451
v -1.990272 0.8798564 -0.1890241
v -1.978966 0.9 -0.2135585
v -2.001056 0.8406286 -0.2079914
v -1.979958 0.8483828 -0.220717
v -1.97031 0.8613502 -0.2482085
v -1.980229 0.7826099 -0.2290801
v -1.965282 0.7848607 -0.2427876
v -1.958098 0.7859445 -0.2683226
v -1.971503 0.7462613 -0.2233152
v -1.959565 0.7455601 -0.2352425
v -1.953262 0.7416505 -0.2564085
v -1.95622 0.7173627 -0.2190845
v -1.946267 0.7149121 -0.2301874
v -1.94045 0.7085772 -0.2487976
v -1.930976 0.6575029 -0.175892
v -1.924131 0.6523783 -0.1829438
v -1.918936 0.6429452 -0.1939946
v -1.921707 0.6206557 -0.102189
v -1.916129 0.6143428 -0.1054482
v -1.911108 0.6037793 -0.1104189
v -1.921739 0.6205184 -0.1011398
v -1.916151 0.6141518 -0.1043719
v -1.91111 0.6035157 -0.1092976
v -1.924954 0.6104311 0
v -1.919531 0.6037233 0
v -1.914461 0.5926776 0
v -2.970903 1.636213 0.09843751
v -2.937705 1.644468 0.16875
v -2.890768 1.65614 0.2109375
v -2.836963 1.669519 0.225
v -2.783158 1.682899 0.2109375
v -2.736221 1.69457 0.16875
v -2.703022 1.702826 0.09843751
v -2.921878 1.47553 0.0984375
v -2.890991 1.489801 0.16875
v -2.847324 1.509977 0.2109375
v -2.797266 1.533106 0.225
v -2.747208 1.556234 0.2109375
v -2.70354 1.57641 0.16875
v -2.672653 1.590681 0.0984375
v -2.839422 1.318601 0.0984375
v -2.812308 1.337194 0.16875
v -2.773973 1.363482 0.2109375
v -2.73003 1.393616 0.225
v -2.686085 1.42375 0.2109375
v -2.647751 1.450037 0.16875
v -2.620636 1.468631 0.0984375
v -2.722925 1.16607 0.0984375
v -2.700977 1.187842 0.16875
v -2.669946 1.218622 0.2109375
v -2.634375 1.253906 0.225
v -2.598804 1.289191 0.2109375
v -2.567773 1.319971 0.16875
v -2.545825 1.341742 0.0984375
v -2.571775 1.018587 0.0984375
v -2.55632 1.042939 0.16875
v -2.534471 1.077367 0.2109375
v -2.509424 1.116834 0.225
v -2.484377 1.1563 0.2109375
v -2.462528 1.190728 0.16875
v -2.447073 1.21508 0.0984375
v -2.385361 0.8767982 0.0984375
v -2.377661 0.9036804 0.16875
v -2.366776 0.9416862 0.2109375
v -2.354297 0.9852539 0.225
v -2.341818 1.028821 0.2109375
v -2.330933 1.066827 0.16875
v -2.323233 1.093709 0.0984375
v -2.163072 0.7413503 0.0984375
v -2.164322 0.7712608 0.16875
v -2.166089 0.8135481 0.2109375
v -2.168115 0.8620239 0.225
v -2.170141 0.9104996 0.2109375
v -2.171909 0.952787 0.16875
v -2.173159 0.9826976 0.0984375
v -2.062724 0.9232107 0.0984375
v -2.0523 0.889223 0.16875
v -2.048042 0.8717007 0.1847679
v -2.032555 0.8386174 0.2109375
v -2.005951 0.7787363 0.225
v -1.992866 0.7440621 0.2164638
v -1.974871 0.7167958 0.2109375
v -1.944021 0.6610771 0.16875
v -1.932112 0.6266984 0.0984375
v -1.932176 0.6266192 0.09742406
v -2.027176 0.9140054 0.09359321
v -1.998367 0.9280182 0.09743623
v -1.98532 0.9608232 0.1087588
v -2.017845 0.8851634 0.1621103
v -1.991675 0.8969786 0.1706502
v -1.979606 0.921998 0.1924934
v -2.014677 0.8698956 0.1789451
v -1.990272 0.8798564 0.1890241
v -1.978966 0.9 0.2135585
v -2.001056 0.8406286 0.2079914
v -1.979958 0.8483828 0.220717
v -1.97031 0.8613502 0.2482085
v -1.980229 0.7826099 0.2290801
v -1.965282 0.7848607 0.2427876
v -1.958098 0.7859445 0.2683226
v -1.971503 0.7462613 0.2233152
v -1.959565 0.7455601 0.2352425
v -1.953262 0.7416505 0.2564085
v -1.95622 0.7173627 0.2190845
v -1.946267 0.7149121 0.2301874
v -1.94045 0.7085772 0.2487976
v -1.930976 0.6575029 0.175892
v -1.924131 0.6523783 0.1829438
v -1.918936 0.6429452 0.1939946
v -1.921707 0.6206557 0.102189
v -1.916129 0.6143428 0.1054482
v -1.911108 0.6037793 0.1104189
v -1.921739 0.6205184 0.1011398
v -1.916151 0.6141518 0.1043719
v -1.91111 0.6035157 0.1092976
v 2.8 2.4 0
v 2.817187 2.4 -0.04921875
v 2.8625 2.4 -0.084375
v 2.926563 2.4 -0.1054688
v 3 2.4 -0.1125
v 3.073437 2.4 -0.1054688
v 3.1375 2.4 -0.084375
v 3.182812 2.4 -0.04921875
v 3.2 2.4 0
v 2.828516 2.424609 0
v 2.848143 2.425105 -0.05062867
v 2.899889 2.426412 -0.08679199
v 2.973046 2.428259 -0.10849
v 3.056909 2.430377 -0.1157227
v 3.140773 2.432495 -0.10849
v 3.21393 2.434342 -0.08679199
v 3.265675 2.435649 -0.05062867
v 3.285303 2.436145 0
v 2.840625 2.442187 0
v 2.86263 2.442981 -0.0543457
v 2.920642 2.445071 -0.09316406
v 3.00266 2.448028 -0.1164551
v 3.09668 2.451416 -0.1242188
v 3.1907 2.454804 -0.1164551
v 3.272717 2.457761 -0.09316406
v 3.330729 2.459851 -0.0543457
v 3.352735 2.460645 0
v 2.838672 2.452734 0
v 2.862827 2.453655 -0.05960083
v 2.926509 2.456082 -0.1021729
v 3.016542 2.459513 -0.1277161
v 3.119751 2.463446 -0.1362305
v 3.22296 2.467379 -0.1277161
v 3.312993 2.47081 -0.1021729
v 3.376675 2.473237 -0.05960083
v 3.40083 2.474158 0
v 2.825 2.45625 0
v 2.850915 2.457156 -0.065625
v 2.919239 2.459546 -0.1125
v 3.015832 2.462924 -0.140625
v 3.126563 2.466797 -0.15
v 3.237293 2.47067 -0.140625
v 3.333887 2.474048 -0.1125
v 3.40221 2.476438 -0.065625
v 3.428125 2.477344 0
v 2.801953 2.452734 0
v 2.829075 2.453513 -0.07164917
v 2.900578 2.455567 -0.1228271
v 3.001669 2.45847 -0.1535339
v 3.117554 2.461798 -0.1637695
v 3.233438 2.465126 -0.1535339
v 3.334529 2.468029 -0.1228271
v 3.406033 2.470083 -0.07164917
v 3.433155 2.470862 0
v 2.771875 2.442187 0
v 2.799486 2.442754 -0.0769043
v 2.872278 2.444247 -0.1318359
v 2.975191 2.446359 -0.1647949
v 3.093164 2.448779 -0.1757813
v 3.211138 2.4512 -0.1647949
v 3.31405 2.453311 -0.1318359
v 3.386842 2.454804 -0.0769043
v 3.414453 2.455371 0
v 2.737109 2.424609 0
v 2.764328 2.424906 -0.08062134
v 2.836086 2.425691 -0.138208
v 2.937536 2.426799 -0.17276
v 3.053833 2.42807 -0.1842773
v 3.17013 2.429341 -0.17276
v 3.271581 2.430449 -0.138208
v 3.343338 2.431233 -0.08062134
v 3.370557 2.431531 0
v 2.7 2.4 0
v 2.725781 2.4 -0.08203125
v 2.79375 2.4 -0.140625
v 2.889844 2.4 -0.1757813
v 3 2.4 -0.1875
v 3.110156 2.4 -0.1757813
v 3.20625 2.4 -0.140625
v 3.274219 2.4 -0.08203125
v 3.3 2.4 0
v 2.817187 2.4 0.04921875
v 2.8625 2.4 0.084375
v 2.926563 2.4 0.1054688
v 3 2.4 0.1125
v 3.073437 2.4 0.1054688
v 3.1375 2.4 0.084375
v 3.182812 2.4 0.04921875
v 2.848143 2.425105 0.05062867
v 2.899889 2.426412 0.08679199
v 2.973046 2.428259 0.10849
v 3.056909 2.430377 0.1157227
v 3.140773 2.432495 0.10849
v 3.21393 2.434342 0.08679199
v 3.265675 2.435649 0.05062867
v 2.86263 2.442981 0.0543457
v 2.920642 2.445071 0.09316406
v 3.00266 2.448028 0.1164551
v 3.09668 2.451416 0.1242188
v 3.1907 2.454804 0.1164551
v 3.272717 2.457761 0.09316406
v 3.330729 2.459851 0.0543457
v 2.862827 2.453655 0.05960083
v 2.926509 2.456082 0.1021729
v 3.016542 2.459513 0.1277161
v 3.119751 2.463446 0.1362305
v 3.22296 2.467379 0.1277161
v 3.312993 2.47081 0.1021729
v 3.376675 2.473237 0.05960083
v 2.850915 2.457156 0.065625
v 2.919239 2.459546 0.1125
v 3.015832 2.462924 0.140625
v 3.126563 2.466797 0.15
v 3.237293 2.47067 0.140625
v 3.333887 2.474048 0.1125
v 3.40221 2.476438 0.065625
v 2.829075 2.453513 0.07164917
v 2.900578 2.455567 0.1228271
v 3.001669 2.45847 0.1535339
v 3.117554 2.461798 0.1637695
v 3.233438 2.465126 0.1535339
v 3.334529 2.468029 0.1228271
v 3.406033 2.470083 0.07164917
v 2.799486 2.442754 0.0769043
v 2.872278 2.444247 0.1318359
v 2.975191 2.446359 0.1647949
v 3.093164 2.448779 0.1757813
v 3.211138 2.4512 0.1647949
v 3.31405 2.453311 0.1318359
v 3.386842 2.454804 0.0769043
v 2.764328 2.424906 0.08062134
v 2.836086 2.425691 0.138208
v 2.937536 2.426799 0.17276
v 3.053833 2.42807 0.1842773
v 3.17013 2.429341 0.17276
v 3.271581 2.430449 0.138208
v 3.343338 2.431233 0.08062134
v 2.725781 2.4 0.08203125
v 2.79375 2.4 0.140625
v 2.889844 2.4 0.1757813
v 3 2.4 0.1875
v 3.110156 2.4 0.1757813
v 3.20625 2.4 0.140625
v 3.274219 2.4 0.08203125
v 2.579102 2.271973 0
v 2.598488 2.26992 -0.08781189
v 2.649597 2.264511 -0.1505347
v 2.721855 2.256863 -0.1881683
v 2.804687 2.248096 -0.2007129
v 2.88752 2.239328 -0.1881683
v 2.959778 2.23168 -0.1505347
v 3.010887 2.226271 -0.08781189
v 3.030273 2.224219 0
v 2.501562 2.121094 0
v 2.517273 2.115555 -0.1030518
v 2.558691 2.100952 -0.1766602
v 2.617248 2.080307 -0.2208252
v 2.684375 2.056641 -0.2355469
v 2.751501 2.032974 -0.2208252
v 2.810058 2.012329 -0.1766602
v 2.851477 1.997726 -0.1030518
v 2.867187 1.992188 0
v 2.445117 1.959668 0
v 2.458965 1.949584 -0.1245978
v 2.495471 1.923001 -0.2135962
v 2.547084 1.885417 -0.2669953
v 2.60625 1.842334 -0.2847949
v 2.665416 1.79925 -0.2669953
v 2.717029 1.761667 -0.2135962
v 2.753536 1.735084 -0.1245978
v 2.767383 1.725 0
v 2.3875 1.8 0
v 2.400391 1.784692 -0.1492969
v 2.434375 1.744336 -0.2559375
v 2.482422 1.68728 -0.3199219
v 2.5375 1.621875 -0.34125
v 2.592578 1.55647 -0.3199219
v 2.640625 1.499414 -0.2559375
v 2.674609 1.459058 -0.1492969
v 2.6875 1.44375 0
v 2.306445 1.654394 0
v 2.318379 1.63356 -0.173996
v 2.349841 1.578635 -0.2982788
v 2.394322 1.500981 -0.3728485
v 2.445313 1.411963 -0.3977051
v 2.496303 1.322945 -0.3728485
v 2.540784 1.245291 -0.2982788
v 2.572246 1.190365 -0.173996
v 2.58418 1.169531 0
v 2.179688 1.535156 0
v 2.189758 1.508871 -0.195542
v 2.216309 1.439575 -0.3352149
v 2.253845 1.341605 -0.4190186
v 2.296875 1.229297 -0.4469531
v 2.339905 1.116989 -0.4190186
v 2.377441 1.019019 -0.3352149
v 2.403992 0.9497223 -0.195542
v 2.414063 0.9234375 0
v 1.984961 1.45459 0
v 1.991356 1.423307 -0.2107819
v 2.008215 1.340835 -0.3613403
v 2.032051 1.224237 -0.4516754
v 2.059375 1.090576 -0.4817871
v 2.086699 0.9569148 -0.4516754
v 2.110535 0.8403167 -0.3613403
v 2.127394 0.7578449 -0.2107819
v 2.133789 0.7265625 0
v 1.951725 1.451139 0
v 1.939757 1.417329 -0.2118056
v 1.941955 1.402725 -0.2379339
v 1.946239 1.340338 -0.3484127
v 1.943644 1.331462 -0.3634164
v 1.945795 1.236621 -0.4340665
v 1.943684 1.208197 -0.4549719
v 1.956328 1.072678 -0.4845988
v 1.956217 1.068164 -0.4855799
v 1.970744 0.9281645 -0.4553898
v 1.974916 0.9133138 -0.4437673
v 1.979771 0.8048301 -0.3644968
v 1.981019 0.8018525 -0.3588114
v 1.980578 0.7620126 -0.2913153
v 1.965749 0.7115533 -0.2129682
v 1.973073 0.6796718 0
v 1.922153 1.448376 3.419091e-8
v 1.901807 1.460145 4.715571e-8
v 1.889598 1.487166 8.259695e-8
v 1.911107 1.415836 -0.210792
v 1.891814 1.426485 -0.2155909
v 1.879843 1.450259 -0.2265813
v 1.913573 1.401372 -0.2370011
v 1.894492 1.411394 -0.2425422
v 1.882587 1.433935 -0.2551264
v 1.918754 1.339919 -0.3484531
v 1.900857 1.347588 -0.3572354
v 1.889331 1.364597 -0.3758111
v 1.916262 1.331246 -0.3636506
v 1.89857 1.338631 -0.3728704
v 1.887095 1.354917 -0.3920986
v 1.919747 1.236509 -0.4360149
v 1.903543 1.240652 -0.4471132
v 1.892894 1.250391 -0.4692658
v 1.917907 1.208152 -0.4574907
v 1.902146 1.211455 -0.4691733
v 1.891722 1.219431 -0.4920278
v 1.932285 1.071821 -0.4890482
v 1.918276 1.07136 -0.5012114
v 1.909206 1.072119 -0.5243026
v 1.932211 1.067291 -0.4900915
v 1.91825 1.066726 -0.5022742
v 1.909212 1.067279 -0.5253669
v 1.949095 0.9258959 -0.461228
v 1.936911 0.9220572 -0.4721252
v 1.929406 0.9162387 -0.4925792
v 1.953643 0.9107684 -0.449661
v 1.941639 0.9065578 -0.4601381
v 1.934344 0.9 -0.4799344
v 1.961652 0.8016332 -0.3706687
v 1.951227 0.7963734 -0.3785359
v 1.944624 0.7865297 -0.3932652
v 1.963017 0.7985633 -0.3649352
v 1.952622 0.7932616 -0.3726365
v 1.946039 0.7832853 -0.3870911
v 1.964084 0.7580097 -0.296614
v 1.954093 0.7525927 -0.3023354
v 1.947646 0.7416505 -0.3134211
v 1.950584 0.7067085 -0.2168351
v 1.941109 0.7010532 -0.2205764
v 1.934557 0.6891773 -0.2278657
v 1.959066 0.6740388 0
v 1.949927 0.6684657 0
v 1.943415 0.6561407 0
v 2.598488 2.26992 0.08781189
v 2.649597 2.264511 0.1505347
v 2.721855 2.256863 0.1881683
v 2.804687 2.248096 0.2007129
v 2.88752 2.239328 0.1881683
v 2.959778 2.23168 0.1505347
v 3.010887 2.226271 0.08781189
v 2.517273 2.115555 0.1030518
v 2.558691 2.100952 0.1766602
v 2.617248 2.080307 0.2208252
v 2.684375 2.056641 0.2355469
v 2.751501 2.032974 0.2208252
v 2.810058 2.012329 0.1766602
v 2.851477 1.997726 0.1030518
v 2.458965 1.949584 0.1245978
v 2.495471 1.923001 0.2135962
v 2.547084 1.885417 0.2669953
v 2.60625 1.842334 0.2847949
v 2.665416 1.79925 0.2669953
v 2.717029 1.761667 0.2135962
v 2.753536 1.735084 0.1245978
v 2.400391 1.784692 0.1492969
v 2.434375 1.744336 0.2559375
v 2.482422 1.68728 0.3199219
v 2.5375 1.621875 0.34125
v 2.592578 1.55647 0.3199219
v 2.640625 1.499414 0.2559375
v 2.674609 1.459058 0.1492969
v 2.318379 1.63356 0.173996
v 2.349841 1.578635 0.2982788
v 2.394322 1.500981 0.3728485
v 2.445313 1.411963 0.3977051
v 2.496303 1.322945 0.3728485
v 2.540784 1.245291 0.2982788
v 2.572246 1.190365 0.173996
v 2.189758 1.508871 0.195542
v 2.216309 1.439575 0.3352149
v 2.253845 1.341605 0.4190186
v 2.296875 1.229297 0.4469531
v 2.339905 1.116989 0.4190186
v 2.377441 1.019019 0.3352149
v 2.403992 0.9497223 0.195542
v 1.991356 1.423307 0.2107819
v 2.008215 1.340835 0.3613403
v 2.032051 1.224237 0.4516754
v 2.059375 1.090576 0.4817871
v 2.086699 0.9569148 0.4516754
v 2.110535 0.8403167 0.3613403
v 2.127394 0.7578449 0.2107819
v 1.939757 1.417329 0.2118056
v 1.941955 1.402725 0.2379339
v 1.946239 1.340338 0.3484127
v 1.943644 1.331462 0.3634164
v 1.945795 1.236621 0.4340665
v 1.943684 1.208197 0.4549719
v 1.956328 1.072678 0.4845988
v 1.956217 1.068164 0.4855799
v 1.970744 0.9281645 0.4553898
v 1.974916 0.9133138 0.4437673
v 1.979771 0.8048301 0.3644968
v 1.981019 0.8018525 0.3588114
v 1.980578 0.7620126 0.2913153
v 1.965749 0.7115533 0.2129682
v 1.911107 1.415836 0.210792
v 1.891814 1.426485 0.2155909
v 1.879843 1.450259 0.2265813
v 1.913573 1.401372 0.2370011
v 1.894492 1.411394 0.2425422
v 1.882587 1.433935 0.2551264
v 1.918754 1.339919 0.3484531
v 1.900857 1.347588 0.3572354
v 1.889331 1.364597 0.3758111
v 1.916262 1.331246 0.3636506
v 1.89857 1.338631 0.3728704
v 1.887095 1.354917 0.3920986
v 1.919747 1.236509 0.4360149
v 1.903543 1.240652 0.4471132
v 1.892894 1.250391 0.4692658
v 1.917907 1.208152 0.4574907
v 1.902146 1.211455 0.4691733
v 1.891722 1.219431 0.4920278
v 1.932285 1.071821 0.4890482
v 1.918276 1.07136 0.5012114
v 1.909206 1.072119 0.5243026
v 1.932211 1.067291 0.4900915
v 1.91825 1.066726 0.5022742
v 1.909212 1.067279 0.5253669
v 1.949095 0.9258959 0.461228
v 1.936911 0.9220572 0.4721252
v 1.929406 0.9162387 0.4925792
v 1.953643 0.9107684 0.449661
v 1.941639 0.9065578 0.4601381
v 1.934344 0.9 0.4799344
v 1.961652 0.8016332 0.3706687
v 1.951227 0.7963734 0.3785359
v 1.944624 0.7865297 0.3932652
v 1.963017 0.7985633 0.3649352
v 1.952622 0.7932616 0.3726365
v 1.946039 0.7832853 0.3870911
v 1.964084 0.7580097 0.296614
v 1.954093 0.7525927 0.3023354
v 1.947646 0.7416505 0.3134211
v 1.950584 0.7067085 0.2168351
v 1.941109 0.7010532 0.2205764
v 1.934557 0.6891773 0.2278657
v 0 3.15 0
v 0 3.15 0
v 0 3.15 0
v 0 3.15 0
v 0 3.15 0
v 0 3.15 0
v 0 3.15 0
v 0 3.15 0
v 0 3.15 0
v -0.2300781 3.136816 0
v -0.2256572 3.136816 -0.04488602
v -0.2125645 3.136816 -0.08804709
v -0.191303 3.136816 -0.1278246
v -0.1626898 3.136816 -0.1626898
v -0.1278246 3.136816 -0.191303
v -0.08804709 3.136816 -0.2125645
v -0.044886 3.136816 -0.2256573
v 1.005703e-8 3.136816 -0.2300781
v -0.340625 3.100781 0
v -0.33408 3.100781 -0.06645264
v -0.3146965 3.100781 -0.1303516
v -0.2832193 3.100781 -0.1892411
v -0.2408582 3.100781 -0.2408582
v -0.1892411 3.100781 -0.2832194
v -0.1303515 3.100781 -0.3146965
v -0.06645261 3.100781 -0.33408
v 1.488919e-8 3.100781 -0.340625
v -0.3621094 3.047168 0
v -0.3551515 3.047168 -0.07064404
v -0.3345454 3.047168 -0.1385733
v -0.3010829 3.047168 -0.2011772
v -0.25605 3.047168 -0.25605
v -0.2011772 3.047168 -0.3010829
v -0.1385733 3.047168 -0.3345454
v -0.070644 3.047168 -0.3551516
v 1.58283e-8 3.047168 -0.3621094
v -0.325 2.98125 0
v -0.3187552 2.98125 -0.06340435
v -0.3002608 2.98125 -0.1243721
v -0.2702276 2.98125 -0.1805603
v -0.2298097 2.98125 -0.2298097
v -0.1805603 2.98125 -0.2702276
v -0.1243721 2.98125 -0.3002608
v -0.06340432 2.98125 -0.3187552
v 1.42062e-8 2.98125 -0.325
v -0.2597656 2.908301 0
v -0.2547743 2.908301 -0.05067776
v -0.2399921 2.908301 -0.09940802
v -0.2159872 2.908301 -0.1443181
v -0.1836821 2.908301 -0.1836821
v -0.1443181 2.908301 -0.2159873
v -0.09940799 2.908301 -0.2399921
v -0.05067774 2.908301 -0.2547743
v 1.135472e-8 2.908301 -0.2597656
v -0.196875 2.833594 0
v -0.1930921 2.833594 -0.03840841
v -0.1818888 2.833594 -0.07534081
v -0.1636956 2.833594 -0.1093779
v -0.1392117 2.833594 -0.1392117
v -0.1093779 2.833594 -0.1636956
v -0.07534079 2.833594 -0.1818888
v -0.03840839 2.833594 -0.1930921
v 8.60568e-9 2.833594 -0.196875
v -0.1667969 2.762402 0
v -0.1635919 2.762402 -0.03254046
v -0.1541002 2.762402 -0.06383041
v -0.1386865 2.762402 -0.09266739
v -0.1179432 2.762402 -0.1179432
v -0.09266738 2.762402 -0.1386865
v -0.06383041 2.762402 -0.1541002
v -0.03254044 2.762402 -0.1635919
v 7.290923e-9 2.762402 -0.1667969
v -0.2 2.7 0
v -0.1961571 2.7 -0.03901806
v -0.1847759 2.7 -0.07653669
v -0.1662939 2.7 -0.111114
v -0.1414214 2.7 -0.1414214
v -0.111114 2.7 -0.1662939
v -0.07653669 2.7 -0.1847759
v -0.03901805 2.7 -0.1961571
v 8.742278e-9 2.7 -0.2
v 0 3.15 0
v 0 3.15 0
v 0 3.15 0
v 0 3.15 0
v 0 3.15 0
v 0 3.15 0
v 0 3.15 0
v 0 3.15 0
v 0.04488602 3.136816 -0.2256572
v 0.08804709 3.136816 -0.2125645
v 0.1278246 3.136816 -0.191303
v 0.1626898 3.136816 -0.1626898
v 0.191303 3.136816 -0.1278246
v 0.2125645 3.136816 -0.08804709
v 0.2256573 3.136816 -0.044886
v 0.2300781 3.136816 1.005703e-8
v 0.06645264 3.100781 -0.33408
v 0.1303516 3.100781 -0.3146965
v 0.1892411 3.100781 -0.2832193
v 0.2408582 3.100781 -0.2408582
v 0.2832194 3.100781 -0.1892411
v 0.3146965 3.100781 -0.1303515
v 0.33408 3.100781 -0.06645261
v 0.340625 3.100781 1.488919e-8
v 0.07064404 3.047168 -0.3551515
v 0.1385733 3.047168 -0.3345454
v 0.2011772 3.047168 -0.3010829
v 0.25605 3.047168 -0.25605
v 0.3010829 3.047168 -0.2011772
v 0.3345454 3.047168 -0.1385733
v 0.3551516 3.047168 -0.070644
v 0.3621094 3.047168 1.58283e-8
v 0.06340435 2.98125 -0.3187552
v 0.1243721 2.98125 -0.3002608
v 0.1805603 2.98125 -0.2702276
v 0.2298097 2.98125 -0.2298097
v 0.2702276 2.98125 -0.1805603
v 0.3002608 2.98125 -0.1243721
v 0.3187552 2.98125 -0.06340432
v 0.325 2.98125 1.42062e-8
v 0.05067776 2.908301 -0.2547743
v 0.09940802 2.908301 -0.2399921
v 0.1443181 2.908301 -0.2159872
v 0.1836821 2.908301 -0.1836821
v 0.2159873 2.908301 -0.1443181
v 0.2399921 2.908301 -0.09940799
v 0.2547743 2.908301 -0.05067774
v 0.2597656 2.908301 1.135472e-8
v 0.03840841 2.833594 -0.1930921
v 0.07534081 2.833594 -0.1818888
v 0.1093779 2.833594 -0.1636956
v 0.1392117 2.833594 -0.1392117
v 0.1636956 2.833594 -0.1093779
v 0.1818888 2.833594 -0.07534079
v 0.1930921 2.833594 -0.03840839
v 0.196875 2.833594 8.60568e-9
v 0.03254046 2.762402 -0.1635919
v 0.06383041 2.762402 -0.1541002
v 0.09266739 2.762402 -0.1386865
v 0.1179432 2.762402 -0.1179432
v 0.1386865 2.762402 -0.09266738
v 0.1541002 2.762402 -0.06383041
v 0.1635919 2.762402 -0.03254044
v 0.1667969 2.762402 7.290923e-9
v 0.03901806 2.7 -0.1961571
v 0.07653669 2.7 -0.1847759
v 0.111114 2.7 -0.1662939
v 0.1414214 2.7 -0.1414214
v 0.1662939 2.7 -0.111114
v 0.1847759 2.7 -0.07653669
v 0.1961571 2.7 -0.03901805
v 0.2 2.7 8.742278e-9
v 0 3.15 0
v 0 3.15 0
v 0 3.15 0
v 0 3.15 0
v 0 3.15 0
v 0 3.15 0
v 0 3.15 0
v 0 3.15 0
v 0 3.136816 0.2300781
v 0.04488602 3.136816 0.2256572
v 0.08804709 3.136816 0.2125645
v 0.1278246 3.136816 0.191303
v 0.1626898 3.136816 0.1626898
v 0.191303 3.136816 0.1278246
v 0.2125645 3.136816 0.08804709
v 0.2256573 3.136816 0.044886
v 0 3.100781 0.340625
v 0.06645264 3.100781 0.33408
v 0.1303516 3.100781 0.3146965
v 0.1892411 3.100781 0.2832193
v 0.2408582 3.100781 0.2408582
v 0.2832194 3.100781 0.1892411
v 0.3146965 3.100781 0.1303515
v 0.33408 3.100781 0.06645261
v 0 3.047168 0.3621094
v 0.07064404 3.047168 0.3551515
v 0.1385733 3.047168 0.3345454
v 0.2011772 3.047168 0.3010829
v 0.25605 3.047168 0.25605
v 0.3010829 3.047168 0.2011772
v 0.3345454 3.047168 0.1385733
v 0.3551516 3.047168 0.070644
v 0 2.98125 0.325
v 0.06340435 2.98125 0.3187552
v 0.1243721 2.98125 0.3002608
v 0.1805603 2.98125 0.2702276
v 0.2298097 2.98125 0.2298097
v 0.2702276 2.98125 0.1805603
v 0.3002608 2.98125 0.1243721
v 0.3187552 2.98125 0.06340432
v 0 2.908301 0.2597656
v 0.05067776 2.908301 0.2547743
v 0.09940802 2.908301 0.2399921
v 0.1443181 2.908301 0.2159872
v 0.1836821 2.908301 0.1836821
v 0.2159873 2.908301 0.1443181
v 0.2399921 2.908301 0.09940799
v 0.2547743 2.908301 0.05067774
v 0 2.833594 0.196875
v 0.03840841 2.833594 0.1930921
v 0.07534081 2.833594 0.1818888
v 0.1093779 2.833594 0.1636956
v 0.1392117 2.833594 0.1392117
v 0.1636956 2.833594 0.1093779
v 0.1818888 2.833594 0.07534079
v 0.1930921 2.833594 0.03840839
v 0 2.762402 0.1667969
v 0.03254046 2.762402 0.1635919
v 0.06383041 2.762402 0.1541002
v 0.09266739 2.762402 0.1386865
v 0.1179432 2.762402 0.1179432
v 0.1386865 2.762402 0.09266738
v 0.1541002 2.762402 0.06383041
v 0.1635919 2.762402 0.03254044
v 0 2.7 0.2
v 0.03901806 2.7 0.1961571
v 0.07653669 2.7 0.1847759
v 0.111114 2.7 0.1662939
v 0.1414214 2.7 0.1414214
v 0.1662939 2.7 0.111114
v 0.1847759 2.7 0.07653669
v 0.1961571 2.7 0.03901805
v 0 3.15 0
v 0 3.15 0
v 0 3.15 0
v 0 3.15 0
v 0 3.15 0
v 0 3.15 0
v 0 3.15 0
v -0.2256572 3.136816 0.04488602
v -0.2125645 3.136816 0.08804709
v -0.191303 3.136816 0.1278246
v -0.1626898 3.136816 0.1626898
v -0.1278246 3.136816 0.191303
v -0.08804709 3.136816 0.2125645
v -0.044886 3.136816 0.2256573
v -0.33408 3.100781 0.06645264
v -0.3146965 3.100781 0.1303516
v -0.2832193 3.100781 0.1892411
v -0.2408582 3.100781 0.2408582
v -0.1892411 3.100781 0.2832194
v -0.1303515 3.100781 0.3146965
v -0.06645261 3.100781 0.33408
v -0.3551515 3.047168 0.07064404
v -0.3345454 3.047168 0.1385733
v -0.3010829 3.047168 0.2011772
v -0.25605 3.047168 0.25605
v -0.2011772 3.047168 0.3010829
v -0.1385733 3.047168 0.3345454
v -0.070644 3.047168 0.3551516
v -0.3187552 2.98125 0.06340435
v -0.3002608 2.98125 0.1243721
v -0.2702276 2.98125 0.1805603
v -0.2298097 2.98125 0.2298097
v -0.1805603 2.98125 0.2702276
v -0.1243721 2.98125 0.3002608
v -0.06340432 2.98125 0.3187552
v -0.2547743 2.908301 0.05067776
v -0.2399921 2.908301 0.09940802
v -0.2159872 2.908301 0.1443181
v -0.1836821 2.908301 0.1836821
v -0.1443181 2.908301 0.2159873
v -0.09940799 2.908301 0.2399921
v -0.05067774 2.908301 0.2547743
v -0.1930921 2.833594 0.03840841
v -0.1818888 2.833594 0.07534081
v -0.1636956 2.833594 0.1093779
v -0.1392117 2.833594 0.1392117
v -0.1093779 2.833594 0.1636956
v -0.07534079 2.833594 0.1818888
v -0.03840839 2.833594 0.1930921
v -0.1635919 2.762402 0.03254046
v -0.1541002 2.762402 0.06383041
v -0.1386865 2.762402 0.09266739
v -0.1179432 2.762402 0.1179432
v -0.09266738 2.762402 0.1386865
v -0.06383041 2.762402 0.1541002
v -0.03254044 2.762402 0.1635919
v -0.1961571 2.7 0.03901806
v -0.1847759 2.7 0.07653669
v -0.1662939 2.7 0.111114
v -0.1414214 2.7 0.1414214
v -0.111114 2.7 0.1662939
v -0.07653669 2.7 0.1847759
v -0.03901805 2.7 0.1961571
v -0.3046875 2.650195 0
v -0.298833 2.650195 -0.05944159
v -0.2814945 2.650195 -0.1165989
v -0.2533384 2.650195 -0.1692753
v -0.2154466 2.650195 -0.2154466
v -0.1692753 2.650195 -0.2533384
v -0.1165989 2.650195 -0.2814945
v -0.05944155 2.650195 -0.298833
v 1.331831e-8 2.650195 -0.3046875
v -0.45625 2.610938 0
v -0.4474833 2.610938 -0.08900996
v -0.4215201 2.610938 -0.1745993
v -0.379358 2.610938 -0.2534789
v -0.3226175 2.610938 -0.3226175
v -0.2534789 2.610938 -0.379358
v -0.1745993 2.610938 -0.4215201
v -0.08900991 2.610938 -0.4474833
v 1.994332e-8 2.610938 -0.45625
v -0.6359375 2.578711 0
v -0.6237181 2.578711 -0.1240653
v -0.5875296 2.578711 -0.2433628
v -0.5287627 2.578711 -0.353308
v -0.4496757 2.578711 -0.4496757
v -0.3533079 2.578711 -0.5287627
v -0.2433628 2.578711 -0.5875296
v -0.1240652 2.578711 -0.6237181
v 2.779771e-8 2.578711 -0.6359375
v -0.825 2.55 0
v -0.8091478 2.55 -0.1609495
v -0.7622006 2.55 -0.3157139
v -0.6859624 2.55 -0.4583454
v -0.5833631 2.55 -0.5833631
v -0.4583454 2.55 -0.6859625
v -0.3157138 2.55 -0.7622006
v -0.1609494 2.55 -0.8091478
v 3.606189e-8 2.55 -0.825
v -1.004688 2.521289 0
v -0.9853827 2.521289 -0.1960048
v -0.9282101 2.521289 -0.3844773
v -0.8353671 2.521289 -0.5581744
v -0.7104213 2.521289 -0.7104213
v -0.5581744 2.521289 -0.8353671
v -0.3844772 2.521289 -0.9282101
v -0.1960047 2.521289 -0.9853827
v 4.391628e-8 2.521289 -1.004688
v -1.15625 2.489062 0
v -1.134033 2.489062 -0.2255732
v -1.068236 2.489062 -0.4424777
v -0.9613867 2.489062 -0.642378
v -0.8175921 2.489062 -0.8175921
v -0.642378 2.489062 -0.9613868
v -0.4424777 2.489062 -1.068236
v -0.2255731 2.489062 -1.134033
v 5.054129e-8 2.489062 -1.15625
v -1.260937 2.449805 0
v -1.236709 2.449805 -0.2459967
v -1.164954 2.449805 -0.4825399
v -1.048431 2.449805 -0.7005394
v -0.8916175 2.449805 -0.8916175
v -0.7005393 2.449805 -1.048431
v -0.4825399 2.449805 -1.164954
v -0.2459966 2.449805 -1.236709
v 5.511733e-8 2.449805 -1.260937
v -1.3 2.4 0
v -1.275021 2.4 -0.2536174
v -1.201043 2.4 -0.4974885
v -1.08091 2.4 -0.7222413
v -0.9192387 2.4 -0.9192387
v -0.7222412 2.4 -1.080911
v -0.4974884 2.4 -1.201043
v -0.2536173 2.4 -1.275021
v 5.68248e-8 2.4 -1.3
v 0.05944159 2.650195 -0.298833
v 0.1165989 2.650195 -0.2814945
v 0.1692753 2.650195 -0.2533384
v 0.2154466 2.650195 -0.2154466
v 0.2533384 2.650195 -0.1692753
v 0.2814945 2.650195 -0.1165989
v 0.298833 2.650195 -0.05944155
v 0.3046875 2.650195 1.331831e-8
v 0.08900996 2.610938 -0.4474833
v 0.1745993 2.610938 -0.4215201
v 0.2534789 2.610938 -0.379358
v 0.3226175 2.610938 -0.3226175
v 0.379358 2.610938 -0.2534789
v 0.4215201 2.610938 -0.1745993
v 0.4474833 2.610938 -0.08900991
v 0.45625 2.610938 1.994332e-8
v 0.1240653 2.578711 -0.6237181
v 0.2433628 2.578711 -0.5875296
v 0.353308 2.578711 -0.5287627
v 0.4496757 2.578711 -0.4496757
v 0.5287627 2.578711 -0.3533079
v 0.5875296 2.578711 -0.2433628
v 0.6237181 2.578711 -0.1240652
v 0.6359375 2.578711 2.779771e-8
v 0.1609495 2.55 -0.8091478
v 0.3157139 2.55 -0.7622006
v 0.4583454 2.55 -0.6859624
v 0.5833631 2.55 -0.5833631
v 0.6859625 2.55 -0.4583454
v 0.7622006 2.55 -0.3157138
v 0.8091478 2.55 -0.1609494
v 0.825 2.55 3.606189e-8
v 0.1960048 2.521289 -0.9853827
v 0.3844773 2.521289 -0.9282101
v 0.5581744 2.521289 -0.8353671
v 0.7104213 2.521289 -0.7104213
v 0.8353671 2.521289 -0.5581744
v 0.9282101 2.521289 -0.3844772
v 0.9853827 2.521289 -0.1960047
v 1.004688 2.521289 4.391628e-8
v 0.2255732 2.489062 -1.134033
v 0.4424777 2.489062 -1.068236
v 0.642378 2.489062 -0.9613867
v 0.8175921 2.489062 -0.8175921
v 0.9613868 2.489062 -0.642378
v 1.068236 2.489062 -0.4424777
v 1.134033 2.489062 -0.2255731
v 1.15625 2.489062 5.054129e-8
v 0.2459967 2.449805 -1.236709
v 0.4825399 2.449805 -1.164954
v 0.7005394 2.449805 -1.048431
v 0.8916175 2.449805 -0.8916175
v 1.048431 2.449805 -0.7005393
v 1.164954 2.449805 -0.4825399
v 1.236709 2.449805 -0.2459966
v 1.260937 2.449805 5.511733e-8
v 0.2536174 2.4 -1.275021
v 0.4974885 2.4 -1.201043
v 0.7222413 2.4 -1.08091
v 0.9192387 2.4 -0.9192387
v 1.080911 2.4 -0.7222412
v 1.201043 2.4 -0.4974884
v 1.275021 2.4 -0.2536173
v 1.3 2.4 5.68248e-8
v 0 2.650195 0.3046875
v 0.05944159 2.650195 0.298833
v 0.1165989 2.650195 0.2814945
v 0.1692753 2.650195 0.2533384
v 0.2154466 2.650195 0.2154466
v 0.2533384 2.650195 0.1692753
v 0.2814945 2.650195 0.1165989
v 0.298833 2.650195 0.05944155
v 0 2.610938 0.45625
v 0.08900996 2.610938 0.4474833
v 0.1745993 2.610938 0.4215201
v 0.2534789 2.610938 0.379358
v 0.3226175 2.610938 0.3226175
v 0.379358 2.610938 0.2534789
v 0.4215201 2.610938 0.1745993
v 0.4474833 2.610938 0.08900991
v 0 2.578711 0.6359375
v 0.1240653 2.578711 0.6237181
v 0.2433628 2.578711 0.5875296
v 0.353308 2.578711 0.5287627
v 0.4496757 2.578711 0.4496757
v 0.5287627 2.578711 0.3533079
v 0.5875296 2.578711 0.2433628
v 0.6237181 2.578711 0.1240652
v 0 2.55 0.825
v 0.1609495 2.55 0.8091478
v 0.3157139 2.55 0.7622006
v 0.4583454 2.55 0.6859624
v 0.5833631 2.55 0.5833631
v 0.6859625 2.55 0.4583454
v 0.7622006 2.55 0.3157138
v 0.8091478 2.55 0.1609494
v 0 2.521289 1.004688
v 0.1960048 2.521289 0.9853827
v 0.3844773 2.521289 0.9282101
v 0.5581744 2.521289 0.8353671
v 0.7104213 2.521289 0.7104213
v 0.8353671 2.521289 0.5581744
v 0.9282101 2.521289 0.3844772
v 0.9853827 2.521289 0.1960047
v 0 2.489062 1.15625
v 0.2255732 2.489062 1.134033
v 0.4424777 2.489062 1.068236
v 0.642378 2.489062 0.9613867
v 0.8175921 2.489062 0.8175921
v 0.9613868 2.489062 0.642378
v 1.068236 2.489062 0.4424777
v 1.134033 2.489062 0.2255731
v 0 2.449805 1.260937
v 0.2459967 2.449805 1.236709
v 0.4825399 2.449805 1.164954
v 0.7005394 2.449805 1.048431
v 0.8916175 2.449805 0.8916175
v 1.048431 2.449805 0.7005393
v 1.164954 2.449805 0.4825399
v 1.236709 2.449805 0.2459966
v 0 2.4 1.3
v 0.2536174 2.4 1.275021
v 0.4974885 2.4 1.201043
v 0.7222413 2.4 1.08091
v 0.9192387 2.4 0.9192387
v 1.080911 2.4 0.7222412
v 1.201043 2.4 0.4974884
v 1.275021 2.4 0.2536173
v -0.298833 2.650195 0.05944159
v -0.2814945 2.650195 0.1165989
v -0.2533384 2.650195 0.1692753
v -0.2154466 2.650195 0.2154466
v -0.1692753 2.650195 0.2533384
v -0.1165989 2.650195 0.2814945
v -0.05944155 2.650195 0.298833
v -0.4474833 2.610938 0.08900996
v -0.4215201 2.610938 0.1745993
v -0.379358 2.610938 0.2534789
v -0.3226175 2.610938 0.3226175
v -0.2534789 2.610938 0.379358
v -0.1745993 2.610938 0.4215201
v -0.08900991 2.610938 0.4474833
v -0.6237181 2.578711 0.1240653
v -0.5875296 2.578711 0.2433628
v -0.5287627 2.578711 0.353308
v -0.4496757 2.578711 0.4496757
v -0.3533079 2.578711 0.5287627
v -0.2433628 2.578711 0.5875296
v -0.1240652 2.578711 0.6237181
v -0.8091478 2.55 0.1609495
v -0.7622006 2.55 0.3157139
v -0.6859624 2.55 0.4583454
v -0.5833631 2.55 0.5833631
v -0.4583454 2.55 0.6859625
v -0.3157138 2.55 0.7622006
v -0.1609494 2.55 0.8091478
v -0.9853827 2.521289 0.1960048
v -0.9282101 2.521289 0.3844773
v -0.8353671 2.521289 0.5581744
v -0.7104213 2.521289 0.7104213
v -0.5581744 2.521289 0.8353671
v -0.3844772 2.521289 0.9282101
v -0.1960047 2.521289 0.9853827
v -1.134033 2.489062 0.2255732
v -1.068236 2.489062 0.4424777
v -0.9613867 2.489062 0.642378
v -0.8175921 2.489062 0.8175921
v -0.642378 2.489062 0.9613868
v -0.4424777 2.489062 1.068236
v -0.2255731 2.489062 1.134033
v -1.236709 2.449805 0.2459967
v -1.164954 2.449805 0.4825399
v -1.048431 2.449805 0.7005394
v -0.8916175 2.449805 0.8916175
v -0.7005393 2.449805 1.048431
v -0.4825399 2.449805 1.164954
v -0.2459966 2.449805 1.236709
v -1.275021 2.4 0.2536174
v -1.201043 2.4 0.4974885
v -1.08091 2.4 0.7222413
v -0.9192387 2.4 0.9192387
v -0.7222412 2.4 1.080911
v -0.4974884 2.4 1.201043
v -0.2536173 2.4 1.275021
v -1.4 2.4 0
v -1.373099 2.4 -0.2731265
v -1.293431 2.4 -0.5357568
v -1.164057 2.4 -0.7777984
v -0.9899495 2.4 -0.9899495
v -0.7777982 2.4 -1.164057
v -0.5357568 2.4 -1.293431
v -0.2731263 2.4 -1.373099
v 6.119594e-8 2.4 -1.4
v -1.383789 2.443066 0
v -1.3572 2.443066 -0.2699638
v -1.278454 2.443066 -0.5295532
v -1.150578 2.443066 -0.768792
v -0.9784867 2.443066 -0.9784867
v -0.7687919 2.443066 -1.150578
v -0.5295531 2.443066 -1.278454
v -0.2699637 2.443066 -1.3572
v 6.048734e-8 2.443066 -1.383789
v -1.380469 2.473828 0
v -1.353943 2.473828 -0.2693161
v -1.275387 2.473828 -0.5282825
v -1.147818 2.473828 -0.7669473
v -0.9761388 2.473828 -0.9761388
v -0.7669473 2.473828 -1.147818
v -0.5282825 2.473828 -1.275387
v -0.269316 2.473828 -1.353943
v 6.03422e-8 2.473828 -1.380469
v -1.387695 2.492285 0
v -1.361031 2.492285 -0.2707259
v -1.282063 2.492285 -0.531048
v -1.153826 2.492285 -0.7709622
v -0.9812487 2.492285 -0.9812487
v -0.7709621 2.492285 -1.153826
v -0.531048 2.492285 -1.282063
v -0.2707258 2.492285 -1.361031
v 6.065808e-8 2.492285 -1.387695
v -1.403125 2.498438 0
v -1.376164 2.498438 -0.2737361
v -1.296318 2.498438 -0.5369527
v -1.166656 2.498438 -0.7795345
v -0.9921592 2.498438 -0.9921592
v -0.7795344 2.498438 -1.166656
v -0.5369527 2.498438 -1.296318
v -0.273736 2.498438 -1.376164
v 6.133254e-8 2.498438 -1.403125
v -1.424414 2.492285 0
v -1.397044 2.492285 -0.2778894
v -1.315987 2.492285 -0.5450996
v -1.184357 2.492285 -0.791362
v -1.007213 2.492285 -1.007213
v -0.791362 2.492285 -1.184357
v -0.5450996 2.492285 -1.315987
v -0.2778893 2.492285 -1.397044
v 6.226311e-8 2.492285 -1.424414
v -1.449219 2.473828 0
v -1.421372 2.473828 -0.2827286
v -1.338903 2.473828 -0.554592
v -1.204981 2.473828 -0.8051428
v -1.024752 2.473828 -1.024752
v -0.8051428 2.473828 -1.204981
v -0.554592 2.473828 -1.338903
v -0.2827284 2.473828 -1.421372
v 6.334736e-8 2.473828 -1.449219
v -1.475195 2.443067 0
v -1.44685 2.443067 -0.2877963
v -1.362903 2.443067 -0.5645328
v -1.22658 2.443067 -0.8195746
v -1.043121 2.443067 -1.043121
v -0.8195745 2.443067 -1.22658
v -0.5645328 2.443067 -1.362903
v -0.2877962 2.443067 -1.44685
v 6.448283e-8 2.443067 -1.475195
v -1.5 2.4 0
v -1.471178 2.4 -0.2926355
v -1.385819 2.4 -0.5740252
v -1.247204 2.4 -0.8333554
v -1.06066 2.4 -1.06066
v -0.8333553 2.4 -1.247205
v -0.5740252 2.4 -1.385819
v -0.2926354 2.4 -1.471178
v 6.556708e-8 2.4 -1.5
v 0.2731265 2.4 -1.373099
v 0.5357568 2.4 -1.293431
v 0.7777984 2.4 -1.164057
v 0.9899495 2.4 -0.9899495
v 1.164057 2.4 -0.7777982
v 1.293431 2.4 -0.5357568
v 1.373099 2.4 -0.2731263
v 1.4 2.4 6.119594e-8
v 0.2699638 2.443066 -1.3572
v 0.5295532 2.443066 -1.278454
v 0.768792 2.443066 -1.150578
v 0.9784867 2.443066 -0.9784867
v 1.150578 2.443066 -0.7687919
v 1.278454 2.443066 -0.5295531
v 1.3572 2.443066 -0.2699637
v 1.383789 2.443066 6.048734e-8
v 0.2693161 2.473828 -1.353943
v 0.5282825 2.473828 -1.275387
v 0.7669473 2.473828 -1.147818
v 0.9761388 2.473828 -0.9761388
v 1.147818 2.473828 -0.7669473
v 1.275387 2.473828 -0.5282825
v 1.353943 2.473828 -0.269316
v 1.380469 2.473828 6.03422e-8
v 0.2707259 2.492285 -1.361031
v 0.531048 2.492285 -1.282063
v 0.7709622 2.492285 -1.153826
v 0.9812487 2.492285 -0.9812487
v 1.153826 2.492285 -0.7709621
v 1.282063 2.492285 -0.531048
v 1.361031 2.492285 -0.2707258
v 1.387695 2.492285 6.065808e-8
v 0.2737361 2.498438 -1.376164
v 0.5369527 2.498438 -1.296318
v 0.7795345 2.498438 -1.166656
v 0.9921592 2.498438 -0.9921592
v 1.166656 2.498438 -0.7795344
v 1.296318 2.498438 -0.5369527
v 1.376164 2.498438 -0.273736
v 1.403125 2.498438 6.133254e-8
v 0.2778894 2.492285 -1.397044
v 0.5450996 2.492285 -1.315987
v 0.791362 2.492285 -1.184357
v 1.007213 2.492285 -1.007213
v 1.184357 2.492285 -0.791362
v 1.315987 2.492285 -0.5450996
v 1.397044 2.492285 -0.2778893
v 1.424414 2.492285 6.226311e-8
v 0.2827286 2.473828 -1.421372
v 0.554592 2.473828 -1.338903
v 0.8051428 2.473828 -1.204981
v 1.024752 2.473828 -1.024752
v 1.204981 2.473828 -0.8051428
v 1.338903 2.473828 -0.554592
v 1.421372 2.473828 -0.2827284
v 1.449219 2.473828 6.334736e-8
v 0.2877963 2.443067 -1.44685
v 0.5645328 2.443067 -1.362903
v 0.8195746 2.443067 -1.22658
v 1.043121 2.443067 -1.043121
v 1.22658 2.443067 -0.8195745
v 1.362903 2.443067 -0.5645328
v 1.44685 2.443067 -0.2877962
v 1.475195 2.443067 6.448283e-8
v 0.2926355 2.4 -1.471178
v 0.5740252 2.4 -1.385819
v 0.8333554 2.4 -1.247204
v 1.06066 2.4 -1.06066
v 1.247205 2.4 -0.8333553
v 1.385819 2.4 -0.5740252
v 1.471178 2.4 -0.2926354
v 1.5 2.4 6.556708e-8
v 0 2.4 1.4
v 0.2731265 2.4 1.373099
v 0.5357568 2.4 1.293431
v 0.7777984 2.4 1.164057
v 0.9899495 2.4 0.9899495
v 1.164057 2.4 0.7777982
v 1.293431 2.4 0.5357568
v 1.373099 2.4 0.2731263
v 0 2.443066 1.383789
v 0.2699638 2.443066 1.3572
v 0.5295532 2.443066 1.278454
v 0.768792 2.443066 1.150578
v 0.9784867 2.443066 0.9784867
v 1.150578 2.443066 0.7687919
v 1.278454 2.443066 0.5295531
v 1.3572 2.443066 0.2699637
v 0 2.473828 1.380469
v 0.2693161 2.473828 1.353943
v 0.5282825 2.473828 1.275387
v 0.7669473 2.473828 1.147818
v 0.9761388 2.473828 0.9761388
v 1.147818 2.473828 0.7669473
v 1.275387 2.473828 0.5282825
v 1.353943 2.473828 0.269316
v 0 2.492285 1.387695
v 0.2707259 2.492285 1.361031
v 0.531048 2.492285 1.282063
v 0.7709622 2.492285 1.153826
v 0.9812487 2.492285 0.9812487
v 1.153826 2.492285 0.7709621
v 1.282063 2.492285 0.531048
v 1.361031 2.492285 0.2707258
v 0 2.498438 1.403125
v 0.2737361 2.498438 1.376164
v 0.5369527 2.498438 1.296318
v 0.7795345 2.498438 1.166656
v 0.9921592 2.498438 0.9921592
v 1.166656 2.498438 0.7795344
v 1.296318 2.498438 0.5369527
v 1.376164 2.498438 0.273736
v 0 2.492285 1.424414
v 0.2778894 2.492285 1.397044
v 0.5450996 2.492285 1.315987
v 0.791362 2.492285 1.184357
v 1.007213 2.492285 1.007213
v 1.184357 2.492285 0.791362
v 1.315987 2.492285 0.5450996
v 1.397044 2.492285 0.2778893
v 0 2.473828 1.449219
v 0.2827286 2.473828 1.421372
v 0.554592 2.473828 1.338903
v 0.8051428 2.473828 1.204981
v 1.024752 2.473828 1.024752
v 1.204981 2.473828 0.8051428
v 1.338903 2.473828 0.554592
v 1.421372 2.473828 0.2827284
v 0 2.443067 1.475195
v 0.2877963 2.443067 1.44685
v 0.5645328 2.443067 1.362903
v 0.8195746 2.443067 1.22658
v 1.043121 2.443067 1.043121
v 1.22658 2.443067 0.8195745
v 1.362903 2.443067 0.5645328
v 1.44685 2.443067 0.2877962
v 0 2.4 1.5
v 0.2926355 2.4 1.471178
v 0.5740252 2.4 1.385819
v 0.8333554 2.4 1.247204
v 1.06066 2.4 1.06066
v 1.247205 2.4 0.8333553
v 1.385819 2.4 0.5740252
v 1.471178 2.4 0.2926354
v -1.373099 2.4 0.2731265
v -1.293431 2.4 0.5357568
v -1.164057 2.4 0.7777984
v -0.9899495 2.4 0.9899495
v -0.7777982 2.4 1.164057
v -0.5357568 2.4 1.293431
v -0.2731263 2.4 1.373099
v -1.3572 2.443066 0.2699638
v -1.278454 2.443066 0.5295532
v -1.150578 2.443066 0.768792
v -0.9784867 2.443066 0.9784867
v -0.7687919 2.443066 1.150578
v -0.5295531 2.443066 1.278454
v -0.2699637 2.443066 1.3572
v -1.353943 2.473828 0.2693161
v -1.275387 2.473828 0.5282825
v -1.147818 2.473828 0.7669473
v -0.9761388 2.473828 0.9761388
v -0.7669473 2.473828 1.147818
v -0.5282825 2.473828 1.275387
v -0.269316 2.473828 1.353943
v -1.361031 2.492285 0.2707259
v -1.282063 2.492285 0.531048
v -1.153826 2.492285 0.7709622
v -0.9812487 2.492285 0.9812487
v -0.7709621 2.492285 1.153826
v -0.531048 2.492285 1.282063
v -0.2707258 2.492285 1.361031
v -1.376164 2.498438 0.2737361
v -1.296318 2.498438 0.5369527
v -1.166656 2.498438 0.7795345
v -0.9921592 2.498438 0.9921592
v -0.7795344 2.498438 1.166656
v -0.5369527 2.498438 1.296318
v -0.273736 2.498438 1.376164
v -1.397044 2.492285 0.2778894
v -1.315987 2.492285 0.5450996
v -1.184357 2.492285 0.791362
v -1.007213 2.492285 1.007213
v -0.791362 2.492285 1.184357
v -0.5450996 2.492285 1.315987
v -0.2778893 2.492285 1.397044
v -1.421372 2.473828 0.2827286
v -1.338903 2.473828 0.554592
v -1.204981 2.473828 0.8051428
v -1.024752 2.473828 1.024752
v -0.8051428 2.473828 1.204981
v -0.554592 2.473828 1.338903
v -0.2827284 2.473828 1.421372
v -1.44685 2.443067 0.2877963
v -1.362903 2.443067 0.5645328
v -1.22658 2.443067 0.8195746
v -1.043121 2.443067 1.043121
v -0.8195745 2.443067 1.22658
v -0.5645328 2.443067 1.362903
v -0.2877962 2.443067 1.44685
v -1.471178 2.4 0.2926355
v -1.385819 2.4 0.5740252
v -1.247204 2.4 0.8333554
v -1.06066 2.4 1.06066
v -0.8333553 2.4 1.247205
v -0.5740252 2.4 1.385819
v -0.2926354 2.4 1.471178
v -1.562647 2.203271 -0.31083
v -1.471982 2.203271 -0.6097149
v -1.324749 2.203271 -0.8851688
v -1.126606 2.203271 -1.126606
v -0.8851687 2.203271 -1.324749
v -0.6097149 2.203271 -1.471982
v -0.3108298 2.203271 -1.562648
v 6.964368e-8 2.203271 -1.593262
v -1.651244 2.007422 -0.3284529
v -1.555438 2.007422 -0.6442834
v -1.399857 2.007422 -0.9353546
v -1.190481 2.007422 -1.190481
v -0.9353545 2.007422 -1.399857
v -0.6442834 2.007422 -1.555438
v -0.3284527 2.007422 -1.651244
v 7.359222e-8 2.007422 -1.683594
v -1.768066 1.81333 0
v -1.734093 1.81333 -0.3449327
v -1.63348 1.81333 -0.6766098
v -1.470093 1.81333 -0.9822851
v -1.250212 1.81333 -1.250212
v -0.982285 1.81333 -1.470093
v -0.6766097 1.81333 -1.63348
v -0.3449325 1.81333 -1.734093
v 7.728464e-8 1.81333 -1.768066
v -1.84375 1.621875 0
v -1.808323 1.621875 -0.3596978
v -1.703403 1.621875 -0.7055726
v -1.533022 1.621875 -1.024333
v -1.303728 1.621875 -1.303728
v -1.024333 1.621875 -1.533022
v -0.7055726 1.621875 -1.703403
v -0.3596976 1.621875 -1.808323
v 8.059287e-8 1.621875 -1.84375
v -1.907715 1.433935 0
v -1.871058 1.433935 -0.3721767
v -1.762499 1.433935 -0.7300509
v -1.586207 1.433935 -1.05987
v -1.348958 1.433935 -1.348958
v -1.05987 1.433935 -1.586207
v -0.7300508 1.433935 -1.762499
v -0.3721765 1.433935 -1.871059
v 8.338886e-8 1.433935 -1.907715
v -1.957031 1.250391 0
v -1.919427 1.250391 -0.3817979
v -1.808061 1.250391 -0.7489234
v -1.627212 1.250391 -1.087268
v -1.38383 1.250391 -1.38383
v -1.087268 1.250391 -1.627212
v -0.7489234 1.250391 -1.808061
v -0.3817977 1.250391 -1.919427
v 8.554454e-8 1.250391 -1.957031
v -1.98877 1.072119 0
v -1.950556 1.072119 -0.3879897
v -1.837384 1.072119 -0.7610692
v -1.653602 1.072119 -1.104901
v -1.406272 1.072119 -1.406272
v -1.104901 1.072119 -1.653602
v -0.7610691 1.072119 -1.837384
v -0.3879895 1.072119 -1.950556
v 8.693188e-8 1.072119 -1.98877
v -1.961571 0.9 -0.3901806
v -1.847759 0.9 -0.7653669
v -1.662939 0.9 -1.11114
v -1.414214 0.9 -1.414214
v -1.11114 0.9 -1.662939
v -0.7653669 0.9 -1.847759
v -0.3901805 0.9 -1.961571
v 8.742278e-8 0.9 -2
v 0.31083 2.203271 -1.562647
v 0.6097149 2.203271 -1.471982
v 0.8851688 2.203271 -1.324749
v 1.126606 2.203271 -1.126606
v 1.324749 2.203271 -0.8851687
v 1.471982 2.203271 -0.6097149
v 1.562648 2.203271 -0.3108298
v 1.593262 2.203271 6.964368e-8
v 0.3284529 2.007422 -1.651244
v 0.6442834 2.007422 -1.555438
v 0.9353546 2.007422 -1.399857
v 1.190481 2.007422 -1.190481
v 1.399857 2.007422 -0.9353545
v 1.555438 2.007422 -0.6442834
v 1.651244 2.007422 -0.3284527
v 1.683594 2.007422 7.359222e-8
v 0.3449327 1.81333 -1.734093
v 0.6766098 1.81333 -1.63348
v 0.9822851 1.81333 -1.470093
v 1.250212 1.81333 -1.250212
v 1.470093 1.81333 -0.982285
v 1.63348 1.81333 -0.6766097
v 1.734093 1.81333 -0.3449325
v 1.768066 1.81333 7.728464e-8
v 0.3596978 1.621875 -1.808323
v 0.7055726 1.621875 -1.703403
v 1.024333 1.621875 -1.533022
v 1.303728 1.621875 -1.303728
v 1.533022 1.621875 -1.024333
v 1.703403 1.621875 -0.7055726
v 1.808323 1.621875 -0.3596976
v 1.84375 1.621875 8.059287e-8
v 0.3721767 1.433935 -1.871058
v 0.7300509 1.433935 -1.762499
v 1.05987 1.433935 -1.586207
v 1.348958 1.433935 -1.348958
v 1.586207 1.433935 -1.05987
v 1.762499 1.433935 -0.7300508
v 1.871059 1.433935 -0.3721765
v 0.3817979 1.250391 -1.919427
v 0.7489234 1.250391 -1.808061
v 1.087268 1.250391 -1.627212
v 1.38383 1.250391 -1.38383
v 1.627212 1.250391 -1.087268
v 1.808061 1.250391 -0.7489234
v 0.3879897 1.072119 -1.950556
v 0.7610692 1.072119 -1.837384
v 1.104901 1.072119 -1.653602
v 1.406272 1.072119 -1.406272
v 1.653602 1.072119 -1.104901
v 1.837384 1.072119 -0.7610691
v 0.3901806 0.9 -1.961571
v 0.7653669 0.9 -1.847759
v 1.11114 0.9 -1.662939
v 1.414214 0.9 -1.414214
v 1.662939 0.9 -1.11114
v 1.847759 0.9 -0.7653669
v 0 2.203271 1.593262
v 0.31083 2.203271 1.562647
v 0.6097149 2.203271 1.471982
v 0.8851688 2.203271 1.324749
v 1.126606 2.203271 1.126606
v 1.324749 2.203271 0.8851687
v 1.471982 2.203271 0.6097149
v 1.562648 2.203271 0.3108298
v 0 2.007422 1.683594
v 0.3284529 2.007422 1.651244
v 0.6442834 2.007422 1.555438
v 0.9353546 2.007422 1.399857
v 1.190481 2.007422 1.190481
v 1.399857 2.007422 0.9353545
v 1.555438 2.007422 0.6442834
v 1.651244 2.007422 0.3284527
v 0 1.81333 1.768066
v 0.3449327 1.81333 1.734093
v 0.6766098 1.81333 1.63348
v 0.9822851 1.81333 1.470093
v 1.250212 1.81333 1.250212
v 1.470093 1.81333 0.982285
v 1.63348 1.81333 0.6766097
v 1.734093 1.81333 0.3449325
v 0 1.621875 1.84375
v 0.3596978 1.621875 1.808323
v 0.7055726 1.621875 1.703403
v 1.024333 1.621875 1.533022
v 1.303728 1.621875 1.303728
v 1.533022 1.621875 1.024333
v 1.703403 1.621875 0.7055726
v 1.808323 1.621875 0.3596976
v 0 1.433935 1.907715
v 0.3721767 1.433935 1.871058
v 0.7300509 1.433935 1.762499
v 1.05987 1.433935 1.586207
v 1.348958 1.433935 1.348958
v 1.586207 1.433935 1.05987
v 1.762499 1.433935 0.7300508
v 1.871059 1.433935 0.3721765
v 0 1.250391 1.957031
v 0.3817979 1.250391 1.919427
v 0.7489234 1.250391 1.808061
v 1.087268 1.250391 1.627212
v 1.38383 1.250391 1.38383
v 1.627212 1.250391 1.087268
v 1.808061 1.250391 0.7489234
v 0 1.072119 1.98877
v 0.3879897 1.072119 1.950556
v 0.7610692 1.072119 1.837384
v 1.104901 1.072119 1.653602
v 1.406272 1.072119 1.406272
v 1.653602 1.072119 1.104901
v 1.837384 1.072119 0.7610691
v 0 0.9 2
v 0.3901806 0.9 1.961571
v 0.7653669 0.9 1.847759
v 1.11114 0.9 1.662939
v 1.414214 0.9 1.414214
v 1.662939 0.9 1.11114
v 1.847759 0.9 0.7653669
v -1.562647 2.203271 0.31083
v -1.471982 2.203271 0.6097149
v -1.324749 2.203271 0.8851688
v -1.126606 2.203271 1.126606
v -0.8851687 2.203271 1.324749
v -0.6097149 2.203271 1.471982
v -0.3108298 2.203271 1.562648
v -1.651244 2.007422 0.3284529
v -1.555438 2.007422 0.6442834
v -1.399857 2.007422 0.9353546
v -1.190481 2.007422 1.190481
v -0.9353545 2.007422 1.399857
v -0.6442834 2.007422 1.555438
v -0.3284527 2.007422 1.651244
v -1.734093 1.81333 0.3449327
v -1.63348 1.81333 0.6766098
v -1.470093 1.81333 0.9822851
v -1.250212 1.81333 1.250212
v -0.982285 1.81333 1.470093
v -0.6766097 1.81333 1.63348
v -0.3449325 1.81333 1.734093
v -1.808323 1.621875 0.3596978
v -1.703403 1.621875 0.7055726
v -1.533022 1.621875 1.024333
v -1.303728 1.621875 1.303728
v -1.024333 1.621875 1.533022
v -0.7055726 1.621875 1.703403
v -0.3596976 1.621875 1.808323
v -1.871058 1.433935 0.3721767
v -1.762499 1.433935 0.7300509
v -1.586207 1.433935 1.05987
v -1.348958 1.433935 1.348958
v -1.05987 1.433935 1.586207
v -0.7300508 1.433935 1.762499
v -0.3721765 1.433935 1.871059
v -1.919427 1.250391 0.3817979
v -1.808061 1.250391 0.7489234
v -1.627212 1.250391 1.087268
v -1.38383 1.250391 1.38383
v -1.087268 1.250391 1.627212
v -0.7489234 1.250391 1.808061
v -0.3817977 1.250391 1.919427
v -1.950556 1.072119 0.3879897
v -1.837384 1.072119 0.7610692
v -1.653602 1.072119 1.104901
v -1.406272 1.072119 1.406272
v -1.104901 1.072119 1.653602
v -0.7610691 1.072119 1.837384
v -0.3879895 1.072119 1.950556
v -1.961571 0.9 0.3901806
v -1.847759 0.9 0.7653669
v -1.662939 0.9 1.11114
v -1.414214 0.9 1.414214
v -1.11114 0.9 1.662939
v -0.7653669 0.9 1.847759
v -0.3901805 0.9 1.961571
v -1.940499 0.7416505 -0.3859893
v -1.82791 0.7416505 -0.7571452
v -1.645076 0.7416505 -1.099205
v -1.399022 0.7416505 -1.399022
v -1.099204 0.7416505 -1.645076
v -0.7571451 0.7416505 -1.82791
v -0.3859891 0.7416505 -1.940499
v 8.648366e-8 0.7416505 -1.978516
v -1.884946 0.6035157 -0.3749392
v -1.775581 0.6035157 -0.7354697
v -1.597981 0.6035157 -1.067737
v -1.358971 0.6035157 -1.358971
v -1.067737 0.6035157 -1.597981
v -0.7354697 0.6035157 -1.775581
v -0.3749391 0.6035157 -1.884947
v 8.400782e-8 0.6035157 -1.921875
v -1.841797 0.4847168 0
v -1.806407 0.4847168 -0.3593167
v -1.701598 0.4847168 -0.7048252
v -1.531398 0.4847168 -1.023247
v -1.302347 0.4847168 -1.302347
v -1.023247 0.4847168 -1.531398
v -0.7048251 0.4847168 -1.701598
v -0.3593166 0.4847168 -1.806407
v 8.05075e-8 0.4847168 -1.841797
v -1.75 0.384375 0
v -1.716374 0.384375 -0.3414081
v -1.616789 0.384375 -0.669696
v -1.455072 0.384375 -0.9722479
v -1.237437 0.384375 -1.237437
v -0.9722478 0.384375 -1.455072
v -0.669696 0.384375 -1.616789
v -0.3414079 0.384375 -1.716374
v 7.649493e-8 0.384375 -1.75
v -1.658203 0.3016113 0
v -1.626341 0.3016113 -0.3234994
v -1.53198 0.3016113 -0.6345669
v -1.378746 0.3016113 -0.9212483
v -1.172527 0.3016113 -1.172527
v -0.9212482 0.3016113 -1.378746
v -0.6345669 0.3016113 -1.53198
v -0.3234992 0.3016113 -1.626341
v 7.248236e-8 0.3016113 -1.658203
v -1.578125 0.2355469 0
v -1.547801 0.2355469 -0.3078769
v -1.457997 0.2355469 -0.6039223
v -1.312163 0.2355469 -0.8767593
v -1.115903 0.2355469 -1.115903
v -0.8767592 0.2355469 -1.312163
v -0.6039223 0.2355469 -1.457997
v -0.3078768 0.2355469 -1.547802
v 6.898203e-8 0.2355469 -1.578125
v -1.521484 0.1853027 0
v -1.492249 0.1853027 -0.2968269
v -1.405668 0.1853027 -0.5822469
v -1.265068 0.1853027 -0.8452914
v -1.075852 0.1853027 -1.075852
v -0.8452913 0.1853027 -1.265068
v -0.5822469 0.1853027 -1.405668
v -0.2968267 0.1853027 -1.492249
v 6.650619e-8 0.1853027 -1.521484
v -1.5 0.15 0
v -1.471178 0.15 -0.2926355
v -1.385819 0.15 -0.5740252
v -1.247204 0.15 -0.8333554
v -1.06066 0.15 -1.06066
v -0.8333553 0.15 -1.247205
v -0.5740252 0.15 -1.385819
v -0.2926354 0.15 -1.471178
v 6.556708e-8 0.15 -1.5
v 0.3859893 0.7416505 -1.940499
v 0.7571452 0.7416505 -1.82791
v 1.099205 0.7416505 -1.645076
v 1.399022 0.7416505 -1.399022
v 1.645076 0.7416505 -1.099204
v 1.82791 0.7416505 -0.7571451
v 1.940499 0.7416505 -0.3859891
v 0.3749392 0.6035157 -1.884946
v 0.7354697 0.6035157 -1.775581
v 1.067737 0.6035157 -1.597981
v 1.358971 0.6035157 -1.358971
v 1.597981 0.6035157 -1.067737
v 1.775581 0.6035157 -0.7354697
v 1.884947 0.6035157 -0.3749391
v 1.921875 0.6035157 8.400782e-8
v 0.3593167 0.4847168 -1.806407
v 0.7048252 0.4847168 -1.701598
v 1.023247 0.4847168 -1.531398
v 1.302347 0.4847168 -1.302347
v 1.531398 0.4847168 -1.023247
v 1.701598 0.4847168 -0.7048251
v 1.806407 0.4847168 -0.3593166
v 1.841797 0.4847168 8.05075e-8
v 0.3414081 0.384375 -1.716374
v 0.669696 0.384375 -1.616789
v 0.9722479 0.384375 -1.455072
v 1.237437 0.384375 -1.237437
v 1.455072 0.384375 -0.9722478
v 1.616789 0.384375 -0.669696
v 1.716374 0.384375 -0.3414079
v 1.75 0.384375 7.649493e-8
v 0.3234994 0.3016113 -1.626341
v 0.6345669 0.3016113 -1.53198
v 0.9212483 0.3016113 -1.378746
v 1.172527 0.3016113 -1.172527
v 1.378746 0.3016113 -0.9212482
v 1.53198 0.3016113 -0.6345669
v 1.626341 0.3016113 -0.3234992
v 1.658203 0.3016113 7.248236e-8
v 0.3078769 0.2355469 -1.547801
v 0.6039223 0.2355469 -1.457997
v 0.8767593 0.2355469 -1.312163
v 1.115903 0.2355469 -1.115903
v 1.312163 0.2355469 -0.8767592
v 1.457997 0.2355469 -0.6039223
v 1.547802 0.2355469 -0.3078768
v 1.578125 0.2355469 6.898203e-8
v 0.2968269 0.1853027 -1.492249
v 0.5822469 0.1853027 -1.405668
v 0.8452914 0.1853027 -1.265068
v 1.075852 0.1853027 -1.075852
v 1.265068 0.1853027 -0.8452913
v 1.405668 0.1853027 -0.5822469
v 1.492249 0.1853027 -0.2968267
v 1.521484 0.1853027 6.650619e-8
v 0.2926355 0.15 -1.471178
v 0.5740252 0.15 -1.385819
v 0.8333554 0.15 -1.247204
v 1.06066 0.15 -1.06066
v 1.247205 0.15 -0.8333553
v 1.385819 0.15 -0.5740252
v 1.471178 0.15 -0.2926354
v 1.5 0.15 6.556708e-8
v 0 0.7416505 1.978516
v 0.3859893 0.7416505 1.940499
v 0.7571452 0.7416505 1.82791
v 1.099205 0.7416505 1.645076
v 1.399022 0.7416505 1.399022
v 1.645076 0.7416505 1.099204
v 1.82791 0.7416505 0.7571451
v 1.940499 0.7416505 0.3859891
v 0 0.6035157 1.921875
v 0.3749392 0.6035157 1.884946
v 0.7354697 0.6035157 1.775581
v 1.067737 0.6035157 1.597981
v 1.358971 0.6035157 1.358971
v 1.597981 0.6035157 1.067737
v 1.775581 0.6035157 0.7354697
v 1.884947 0.6035157 0.3749391
v 0 0.4847168 1.841797
v 0.3593167 0.4847168 1.806407
v 0.7048252 0.4847168 1.701598
v 1.023247 0.4847168 1.531398
v 1.302347 0.4847168 1.302347
v 1.531398 0.4847168 1.023247
v 1.701598 0.4847168 0.7048251
v 1.806407 0.4847168 0.3593166
v 0 0.384375 1.75
v 0.3414081 0.384375 1.716374
v 0.669696 0.384375 1.616789
v 0.9722479 0.384375 1.455072
v 1.237437 0.384375 1.237437
v 1.455072 0.384375 0.9722478
v 1.616789 0.384375 0.669696
v 1.716374 0.384375 0.3414079
v 0 0.3016113 1.658203
v 0.3234994 0.3016113 1.626341
v 0.6345669 0.3016113 1.53198
v 0.9212483 0.3016113 1.378746
v 1.172527 0.3016113 1.172527
v 1.378746 0.3016113 0.9212482
v 1.53198 0.3016113 0.6345669
v 1.626341 0.3016113 0.3234992
v 0 0.2355469 1.578125
v 0.3078769 0.2355469 1.547801
v 0.6039223 0.2355469 1.457997
v 0.8767593 0.2355469 1.312163
v 1.115903 0.2355469 1.115903
v 1.312163 0.2355469 0.8767592
v 1.457997 0.2355469 0.6039223
v 1.547802 0.2355469 0.3078768
v 0 0.1853027 1.521484
v 0.2968269 0.1853027 1.492249
v 0.5822469 0.1853027 1.405668
v 0.8452914 0.1853027 1.265068
v 1.075852 0.1853027 1.075852
v 1.265068 0.1853027 0.8452913
v 1.405668 0.1853027 0.5822469
v 1.492249 0.1853027 0.2968267
v 0 0.15 1.5
v 0.2926355 0.15 1.471178
v 0.5740252 0.15 1.385819
v 0.8333554 0.15 1.247204
v 1.06066 0.15 1.06066
v 1.247205 0.15 0.8333553
v 1.385819 0.15 0.5740252
v 1.471178 0.15 0.2926354
v -1.940499 0.7416505 0.3859893
v -1.82791 0.7416505 0.7571452
v -1.645076 0.7416505 1.099205
v -1.399022 0.7416505 1.399022
v -1.099204 0.7416505 1.645076
v -0.7571451 0.7416505 1.82791
v -0.3859891 0.7416505 1.940499
v -1.884946 0.6035157 0.3749392
v -1.775581 0.6035157 0.7354697
v -1.597981 0.6035157 1.067737
v -1.358971 0.6035157 1.358971
v -1.067737 0.6035157 1.597981
v -0.7354697 0.6035157 1.775581
v -0.3749391 0.6035157 1.884947
v -1.806407 0.4847168 0.3593167
v -1.701598 0.4847168 0.7048252
v -1.531398 0.4847168 1.023247
v -1.302347 0.4847168 1.302347
v -1.023247 0.4847168 1.531398
v -0.7048251 0.4847168 1.701598
v -0.3593166 0.4847168 1.806407
v -1.716374 0.384375 0.3414081
v -1.616789 0.384375 0.669696
v -1.455072 0.384375 0.9722479
v -1.237437 0.384375 1.237437
v -0.9722478 0.384375 1.455072
v -0.669696 0.384375 1.616789
v -0.3414079 0.384375 1.716374
v -1.626341 0.3016113 0.3234994
v -1.53198 0.3016113 0.6345669
v -1.378746 0.3016113 0.9212483
v -1.172527 0.3016113 1.172527
v -0.9212482 0.3016113 1.378746
v -0.6345669 0.3016113 1.53198
v -0.3234992 0.3016113 1.626341
v -1.547801 0.2355469 0.3078769
v -1.457997 0.2355469 0.6039223
v -1.312163 0.2355469 0.8767593
v -1.115903 0.2355469 1.115903
v -0.8767592 0.2355469 1.312163
v -0.6039223 0.2355469 1.457997
v -0.3078768 0.2355469 1.547802
v -1.492249 0.1853027 0.2968269
v -1.405668 0.1853027 0.5822469
v -1.265068 0.1853027 0.8452914
v -1.075852 0.1853027 1.075852
v -0.8452913 0.1853027 1.265068
v -0.5822469 0.1853027 1.405668
v -0.2968267 0.1853027 1.492249
v -1.471178 0.15 0.2926355
v -1.385819 0.15 0.5740252
v -1.247204 0.15 0.8333554
v -1.06066 0.15 1.06066
v -0.8333553 0.15 1.247205
v -0.5740252 0.15 1.385819
v -0.2926354 0.15 1.471178
v -1.493994 0.1220215 0
v -1.465287 0.1220215 -0.2914638
v -1.38027 0.1220215 -0.5717269
v -1.242211 0.1220215 -0.8300186
v -1.056413 0.1220215 -1.056413
v -0.8300185 0.1220215 -1.242211
v -0.5717269 0.1220215 -1.38027
v -0.2914636 0.1220215 -1.465287
v 6.530456e-8 0.1220215 -1.493994
v -1.466016 0.09492188 0
v -1.437846 0.09492188 -0.2860055
v -1.354422 0.09492188 -0.5610199
v -1.218948 0.09492188 -0.8144746
v -1.03663 0.09492188 -1.03663
v -0.8144745 0.09492188 -1.218948
v -0.5610199 0.09492188 -1.354422
v -0.2860053 0.09492188 -1.437846
v 6.408158e-8 0.09492188 -1.466016
v -1.401123 0.06958008 0
v -1.374201 0.06958008 -0.2733456
v -1.294469 0.06958008 -0.5361866
v -1.164991 0.06958008 -0.7784222
v -0.9907436 0.06958008 -0.9907436
v -0.7784222 0.06958008 -1.164991
v -0.5361866 0.06958008 -1.294469
v -0.2733454 0.06958008 -1.374201
v 6.124503e-8 0.06958008 -1.401123
v -1.284375 0.046875 0
v -1.259696 0.046875 -0.2505691
v -1.186608 0.046875 -0.4915091
v -1.067919 0.046875 -0.7135605
v -0.9081903 0.046875 -0.9081903
v -0.7135605 0.046875 -1.067919
v -0.491509 0.046875 -1.186608
v -0.250569 0.046875 -1.259696
v 5.614181e-8 0.046875 -1.284375
v -1.10083 0.02768555 0
v -1.079678 0.02768555 -0.2147613
v -1.017034 0.02768555 -0.4212695
v -0.9153067 0.02768555 -0.6115884
v -0.7784044 0.02768555 -0.7784044
v -0.6115884 0.02768555 -0.9153068
v -0.4212694 0.02768555 -1.017034
v -0.2147612 0.02768555 -1.079678
v 4.811881e-8 0.02768555 -1.10083
v -0.8355469 0.01289063 0
v -0.819492 0.01289063 -0.1630071
v -0.7719445 0.01289063 -0.31975
v -0.6947318 0.01289063 -0.464205
v -0.5908208 0.01289063 -0.5908208
v -0.4642049 0.01289063 -0.6947319
v -0.3197499 0.01289063 -0.7719445
v -0.163007 0.01289063 -0.819492
v 3.652291e-8 0.01289063 -0.8355469
v -0.473584 0.00336914 0
v -0.4644841 0.00336914 -0.09239165
v -0.4375345 0.00336914 -0.1812328
v -0.3937707 0.00336914 -0.2631091
v -0.3348744 0.00336914 -0.3348744
v -0.2631091 0.00336914 -0.3937707
v -0.1812327 0.00336914 -0.4375345
v -0.0923916 0.00336914 -0.4644842
v 2.070101e-8 0.00336914 -0.473584
v 0 0 0
v 0 0 0
v 0 0 0
v 0 0 0
v 0 0 0
v 0 0 0
v 0 0 0
v 0 0 0
v 0 0 0
v 0.2914638 0.1220215 -1.465287
v 0.5717269 0.1220215 -1.38027
v 0.8300186 0.1220215 -1.242211
v 1.056413 0.1220215 -1.056413
v 1.242211 0.1220215 -0.8300185
v 1.38027 0.1220215 -0.5717269
v 1.465287 0.1220215 -0.2914636
v 1.493994 0.1220215 6.530456e-8
v 0.2860055 0.09492188 -1.437846
v 0.5610199 0.09492188 -1.354422
v 0.8144746 0.09492188 -1.218948
v 1.03663 0.09492188 -1.03663
v 1.218948 0.09492188 -0.8144745
v 1.354422 0.09492188 -0.5610199
v 1.437846 0.09492188 -0.2860053
v 1.466016 0.09492188 6.408158e-8
v 0.2733456 0.06958008 -1.374201
v 0.5361866 0.06958008 -1.294469
v 0.7784222 0.06958008 -1.164991
v 0.9907436 0.06958008 -0.9907436
v 1.164991 0.06958008 -0.7784222
v 1.294469 0.06958008 -0.5361866
v 1.374201 0.06958008 -0.2733454
v 1.401123 0.06958008 6.124503e-8
v 0.2505691 0.046875 -1.259696
v 0.4915091 0.046875 -1.186608
v 0.7135605 0.046875 -1.067919
v 0.9081903 0.046875 -0.9081903
v 1.067919 0.046875 -0.7135605
v 1.186608 0.046875 -0.491509
v 1.259696 0.046875 -0.250569
v 1.284375 0.046875 5.614181e-8
v 0.2147613 0.02768555 -1.079678
v 0.4212695 0.02768555 -1.017034
v 0.6115884 0.02768555 -0.9153067
v 0.7784044 0.02768555 -0.7784044
v 0.9153068 0.02768555 -0.6115884
v 1.017034 0.02768555 -0.4212694
v 1.079678 0.02768555 -0.2147612
v 1.10083 0.02768555 4.811881e-8
v 0.1630071 0.01289063 -0.819492
v 0.31975 0.01289063 -0.7719445
v 0.464205 0.01289063 -0.6947318
v 0.5908208 0.01289063 -0.5908208
v 0.6947319 0.01289063 -0.4642049
v 0.7719445 0.01289063 -0.3197499
v 0.819492 0.01289063 -0.163007
v 0.8355469 0.01289063 3.652291e-8
v 0.09239165 0.00336914 -0.4644841
v 0.1812328 0.00336914 -0.4375345
v 0.2631091 0.00336914 -0.3937707
v 0.3348744 0.00336914 -0.3348744
v 0.3937707 0.00336914 -0.2631091
v 0.4375345 0.00336914 -0.1812327
v 0.4644842 0.00336914 -0.0923916
v 0.473584 0.00336914 2.070101e-8
v 0 0 0
v 0 0 0
v 0 0 0
v 0 0 0
v 0 0 0
v 0 0 0
v 0 0 0
v 0 0 0
v 0 0.1220215 1.493994
v 0.2914638 0.1220215 1.465287
v 0.5717269 0.1220215 1.38027
v 0.8300186 0.1220215 1.242211
v 1.056413 0.1220215 1.056413
v 1.242211 0.1220215 0.8300185
v 1.38027 0.1220215 0.5717269
v 1.465287 0.1220215 0.2914636
v 0 0.09492188 1.466016
v 0.2860055 0.09492188 1.437846
v 0.5610199 0.09492188 1.354422
v 0.8144746 0.09492188 1.218948
v 1.03663 0.09492188 1.03663
v 1.218948 0.09492188 0.8144745
v 1.354422 0.09492188 0.5610199
v 1.437846 0.09492188 0.2860053
v 0 0.06958008 1.401123
v 0.2733456 0.06958008 1.374201
v 0.5361866 0.06958008 1.294469
v 0.7784222 0.06958008 1.164991
v 0.9907436 0.06958008 0.9907436
v 1.164991 0.06958008 0.7784222
v 1.294469 0.06958008 0.5361866
v 1.374201 0.06958008 0.2733454
v 0 0.046875 1.284375
v 0.2505691 0.046875 1.259696
v 0.4915091 0.046875 1.186608
v 0.7135605 0.046875 1.067919
v 0.9081903 0.046875 0.9081903
v 1.067919 0.046875 0.7135605
v 1.186608 0.046875 0.491509
v 1.259696 0.046875 0.250569
v 0 0.02768555 1.10083
v 0.2147613 0.02768555 1.079678
v 0.4212695 0.02768555 1.017034
v 0.6115884 0.02768555 0.9153067
v 0.7784044 0.02768555 0.7784044
v 0.9153068 0.02768555 0.6115884
v 1.017034 0.02768555 0.4212694
v 1.079678 0.02768555 0.2147612
v 0 0.01289063 0.8355469
v 0.1630071 0.01289063 0.819492
v 0.31975 0.01289063 0.7719445
v 0.464205 0.01289063 0.6947318
v 0.5908208 0.01289063 0.5908208
v 0.6947319 0.01289063 0.4642049
v 0.7719445 0.01289063 0.3197499
v 0.819492 0.01289063 0.163007
v 0 0.00336914 0.473584
v 0.09239165 0.00336914 0.4644841
v 0.1812328 0.00336914 0.4375345
v 0.2631091 0.00336914 0.3937707
v 0.3348744 0.00336914 0.3348744
v 0.3937707 0.00336914 0.2631091
v 0.4375345 0.00336914 0.1812327
v 0.4644842 0.00336914 0.0923916
v 0 0 0
v 0 0 0
v 0 0 0
v 0 0 0
v 0 0 0
v 0 0 0
v 0 0 0
v 0 0 0
v -1.465287 0.1220215 0.2914638
v -1.38027 0.1220215 0.5717269
v -1.242211 0.1220215 0.8300186
v -1.056413 0.1220215 1.056413
v -0.8300185 0.1220215 1.242211
v -0.5717269 0.1220215 1.38027
v -0.2914636 0.1220215 1.465287
v -1.437846 0.09492188 0.2860055
v -1.354422 0.09492188 0.5610199
v -1.218948 0.09492188 0.8144746
v -1.03663 0.09492188 1.03663
v -0.8144745 0.09492188 1.218948
v -0.5610199 0.09492188 1.354422
v -0.2860053 0.09492188 1.437846
v -1.374201 0.06958008 0.2733456
v -1.294469 0.06958008 0.5361866
v -1.164991 0.06958008 0.7784222
v -0.9907436 0.06958008 0.9907436
v -0.7784222 0.06958008 1.164991
v -0.5361866 0.06958008 1.294469
v -0.2733454 0.06958008 1.374201
v -1.259696 0.046875 0.2505691
v -1.186608 0.046875 0.4915091
v -1.067919 0.046875 0.7135605
v -0.9081903 0.046875 0.9081903
v -0.7135605 0.046875 1.067919
v -0.491509 0.046875 1.186608
v -0.250569 0.046875 1.259696
v -1.079678 0.02768555 0.2147613
v -1.017034 0.02768555 0.4212695
v -0.9153067 0.02768555 0.6115884
v -0.7784044 0.02768555 0.7784044
v -0.6115884 0.02768555 0.9153068
v -0.4212694 0.02768555 1.017034
v -0.2147612 0.02768555 1.079678
v -0.819492 0.01289063 0.1630071
v -0.7719445 0.01289063 0.31975
v -0.6947318 0.01289063 0.464205
v -0.5908208 0.01289063 0.5908208
v -0.4642049 0.01289063 0.6947319
v -0.3197499 0.01289063 0.7719445
v -0.163007 0.01289063 0.819492
v -0.4644841 0.00336914 0.09239165
v -0.4375345 0.00336914 0.1812328
v -0.3937707 0.00336914 0.2631091
v -0.3348744 0.00336914 0.3348744
v -0.2631091 0.00336914 0.3937707
v -0.1812327 0.00336914 0.4375345
v -0.0923916 0.00336914 0.4644842
v 0 0 0
v 0 0 0
v 0 0 0
v 0 0 0
v 0 0 0
v 0 0 0
v 0 0 0
v 2.009758 1.331226 0
v 2.014021 1.310448 -0.1264691
v 2.025261 1.25567 -0.2168042
v 2.041152 1.178224 -0.2710052
v 2.059369 1.089446 -0.2890723
v 2.077586 1.000667 -0.2710052
v 2.093477 0.9232216 -0.2168042
v 2.104717 0.8684433 -0.1264691
v 2.10898 0.8476652 0
v 2.218741 1.426197 0
v 2.225454 1.408942 -0.1173252
v 2.243151 1.363454 -0.2011289
v 2.268172 1.299143 -0.2514111
v 2.296854 1.225421 -0.2681718
v 2.325536 1.151699 -0.2514111
v 2.350557 1.087388 -0.2011289
v 2.368254 1.041899 -0.1173252
v 2.374967 1.024645 0
v 2.352729 1.560424 0
v 2.360682 1.547041 -0.1043976
v 2.381649 1.511759 -0.1789673
v 2.411292 1.461877 -0.2237091
v 2.445273 1.404696 -0.238623
v 2.479254 1.347514 -0.2237091
v 2.508897 1.297632 -0.1789673
v 2.529864 1.26235 -0.1043976
v 2.537817 1.248967 0
v 2.4375 1.721897 0
v 2.446089 1.712413 -0.08957814
v 2.468732 1.68741 -0.1535625
v 2.500746 1.652061 -0.1919531
v 2.537444 1.611539 -0.20475
v 2.574142 1.571017 -0.1919531
v 2.606155 1.535668 -0.1535625
v 2.628798 1.510665 -0.08957814
v 2.637388 1.501181 0
v 2.498834 1.898603 0
v 2.508059 1.892726 -0.07475867
v 2.532381 1.877234 -0.1281577
v 2.566766 1.85533 -0.1601972
v 2.606184 1.830222 -0.170877
v 2.645602 1.805113 -0.1601972
v 2.679987 1.783209 -0.1281577
v 2.704309 1.767717 -0.07475867
v 2.713534 1.76184 0
v 2.56251 2.07853 0
v 2.572977 2.07565 -0.06183106
v 2.600573 2.068056 -0.1059961
v 2.639587 2.05732 -0.1324951
v 2.684312 2.045013 -0.1413281
v 2.729036 2.032706 -0.1324951
v 2.768051 2.02197 -0.1059961
v 2.795647 2.014376 -0.06183106
v 2.806114 2.011496 0
v 2.654305 2.249666 0
v 2.667225 2.248851 -0.05268714
v 2.701286 2.246703 -0.09032081
v 2.749442 2.243665 -0.112901
v 2.804645 2.240182 -0.1204277
v 2.859847 2.2367 -0.112901
v 2.908003 2.233662 -0.09032081
v 2.942064 2.231513 -0.05268714
v 2.954984 2.230698 0
v 2.8 2.4 0
v 3.2 2.4 0
v 1.863843 1.31064 0
v 1.852907 1.286561 -0.1282486
v 1.852911 1.227008 -0.2199548
v 1.86133 1.1441 -0.2749228
v 1.873488 1.06261 -0.2906994
v 1.871447 1.049209 -0.2932178
v 1.859688 0.9492186 -0.2752942
v 1.852808 0.8621784 -0.2204409
v 1.852981 0.8384755 -0.1844246
v 1.838546 0.7978531 -0.1287502
v 1.841012 0.7756111 0
v 1.834682 1.309261 3.236921e-8
v 1.81521 1.321474 4.50679e-8
v 1.80407 1.34834 7.885841e-8
v 1.824559 1.285559 -0.1285602
v 1.805839 1.295874 -0.1344526
v 1.79517 1.31873 -0.1468557
v 1.825912 1.225804 -0.2213416
v 1.808402 1.231738 -0.2310076
v 1.79863 1.24552 -0.2513933
v 1.835791 1.142313 -0.2773207
v 1.819633 1.1442 -0.2882154
v 1.810858 1.149181 -0.3110425
v 1.849206 1.060187 -0.2939503
v 1.834279 1.059266 -0.3049917
v 1.826357 1.058066 -0.3274992
v 1.847366 1.046768 -0.2966216
v 1.83268 1.045499 -0.3077305
v 1.824876 1.043456 -0.330126
v 1.837392 0.9461882 -0.2797715
v 1.824569 0.9421947 -0.2906513
v 1.817636 0.93431 -0.3108873
v 1.832441 0.8571583 -0.2253414
v 1.821593 0.8496443 -0.234764
v 1.815329 0.8360062 -0.2507814
v 1.833388 0.8323317 -0.1887401
v 1.823094 0.8234219 -0.1965749
v 1.817006 0.8076562 -0.209661
v 1.819617 0.7902434 -0.1319954
v 1.810148 0.7792459 -0.1374948
v 1.803896 0.7607082 -0.14626
v 1.822531 0.7667248 0
v 1.813537 0.7542374 0
v 1.807202 0.7337865 0
v 2.014021 1.310448 0.1264691
v 2.025261 1.25567 0.2168042
v 2.041152 1.178224 0.2710052
v 2.059369 1.089446 0.2890723
v 2.077586 1.000667 0.2710052
v 2.093477 0.9232216 0.2168042
v 2.104717 0.8684433 0.1264691
v 2.225454 1.408942 0.1173252
v 2.243151 1.363454 0.2011289
v 2.268172 1.299143 0.2514111
v 2.296854 1.225421 0.2681718
v 2.325536 1.151699 0.2514111
v 2.350557 1.087388 0.2011289
v 2.368254 1.041899 0.1173252
v 2.360682 1.547041 0.1043976
v 2.381649 1.511759 0.1789673
v 2.411292 1.461877 0.2237091
v 2.445273 1.404696 0.238623
v 2.479254 1.347514 0.2237091
v 2.508897 1.297632 0.1789673
v 2.529864 1.26235 0.1043976
v 2.446089 1.712413 0.08957814
v 2.468732 1.68741 0.1535625
v 2.500746 1.652061 0.1919531
v 2.537444 1.611539 0.20475
v 2.574142 1.571017 0.1919531
v 2.606155 1.535668 0.1535625
v 2.628798 1.510665 0.08957814
v 2.508059 1.892726 0.07475867
v 2.532381 1.877234 0.1281577
v 2.566766 1.85533 0.1601972
v 2.606184 1.830222 0.170877
v 2.645602 1.805113 0.1601972
v 2.679987 1.783209 0.1281577
v 2.704309 1.767717 0.07475867
v 2.572977 2.07565 0.06183106
v 2.600573 2.068056 0.1059961
v 2.639587 2.05732 0.1324951
v 2.684312 2.045013 0.1413281
v 2.729036 2.032706 0.1324951
v 2.768051 2.02197 0.1059961
v 2.795647 2.014376 0.06183106
v 2.667225 2.248851 0.05268714
v 2.701286 2.246703 0.09032081
v 2.749442 2.243665 0.112901
v 2.804645 2.240182 0.1204277
v 2.859847 2.2367 0.112901
v 2.908003 2.233662 0.09032081
v 2.942064 2.231513 0.05268714
v 2.817187 2.4 0.04921875
v 2.8625 2.4 0.084375
v 2.926563 2.4 0.1054688
v 3 2.4 0.1125
v 3.073437 2.4 0.1054688
v 3.1375 2.4 0.084375
v 3.182812 2.4 0.04921875
v 1.852907 1.286561 0.1282486
v 1.852911 1.227008 0.2199548
v 1.86133 1.1441 0.2749228
v 1.873488 1.06261 0.2906994
v 1.871447 1.049209 0.2932178
v 1.859688 0.9492186 0.2752942
v 1.852808 0.8621784 0.2204409
v 1.852981 0.8384755 0.1844246
v 1.838546 0.7978531 0.1287502
v 1.824559 1.285559 0.1285602
v 1.805839 1.295874 0.1344526
v 1.79517 1.31873 0.1468557
v 1.825912 1.225804 0.2213416
v 1.808402 1.231738 0.2310076
v 1.79863 1.24552 0.2513933
v 1.835791 1.142313 0.2773207
v 1.819633 1.1442 0.2882154
v 1.810858 1.149181 0.3110425
v 1.849206 1.060187 0.2939503
v 1.834279 1.059266 0.3049917
v 1.826357 1.058066 0.3274992
v 1.847366 1.046768 0.2966216
v 1.83268 1.045499 0.3077305
v 1.824876 1.043456 0.330126
v 1.837392 0.9461882 0.2797715
v 1.824569 0.9421947 0.2906513
v 1.817636 0.93431 0.3108873
v 1.832441 0.8571583 0.2253414
v 1.821593 0.8496443 0.234764
v 1.815329 0.8360062 0.2507814
v 1.833388 0.8323317 0.1887401
v 1.823094 0.8234219 0.1965749
v 1.817006 0.8076562 0.209661
v 1.819617 0.7902434 0.1319954
v 1.810148 0.7792459 0.1374948
v 1.803896 0.7607082 0.14626
v 0 0.18 0
v 0 0.18 0
v 0 0.18 0
v 0 0.18 0
v 0 0.18 0
v 0 0.18 0
v 0 0.18 0
v 0 0.18 0
v 0 0.18 0
v -0.1006836 0.1800586 0
v -0.09874898 0.1800586 -0.01964239
v -0.09301951 0.1800586 -0.03852995
v -0.08371534 0.1800586 -0.05593681
v -0.07119405 0.1800586 -0.07119405
v -0.05593681 0.1800586 -0.08371535
v -0.03852995 0.1800586 -0.09301951
v -0.01964239 0.1800586 -0.09874899
v 4.40102e-9 0.1800586 -0.1006836
v -0.2429687 0.1804688 0
v -0.2383002 0.1804688 -0.04740085
v -0.2244738 0.1804688 -0.09298012
v -0.2020211 0.1804688 -0.1349862
v -0.1718048 0.1804688 -0.1718048
v -0.1349862 0.1804688 -0.2020212
v -0.09298011 0.1804688 -0.2244738
v -0.04740083 0.1804688 -0.2383002
v 1.06205e-8 0.1804688 -0.2429687
v -0.412207 0.181582 0
v -0.4042866 0.181582 -0.0804176
v -0.3808296 0.181582 -0.1577448
v -0.3427376 0.181582 -0.22901
v -0.2914744 0.181582 -0.2914744
v -0.2290099 0.181582 -0.3427376
v -0.1577448 0.181582 -0.3808296
v -0.08041757 0.181582 -0.4042866
v 1.801814e-8 0.181582 -0.412207
v -0.59375 0.18375 0
v -0.5823412 0.18375 -0.1158349
v -0.5485535 0.18375 -0.2272183
v -0.4936851 0.18375 -0.3298698
v -0.4198446 0.18375 -0.4198446
v -0.3298698 0.18375 -0.4936851
v -0.2272183 0.18375 -0.5485535
v -0.1158348 0.18375 -0.5823413
v 2.595364e-8 0.18375 -0.59375
v -0.7729492 0.1873242 0
v -0.7580972 0.1873242 -0.1507949
v -0.7141119 0.1873242 -0.2957949
v -0.6426837 0.1873242 -0.4294276
v -0.5465577 0.1873242 -0.5465577
v -0.4294276 0.1873242 -0.6426839
v -0.2957948 0.1873242 -0.7141119
v -0.1507948 0.1873242 -0.7580972
v 3.378668e-8 0.1873242 -0.7729492
v -0.9351562 0.1926562 0
v -0.9171874 0.1926562 -0.1824399
v -0.8639717 0.1926562 -0.3578688
v -0.7775539 0.1926562 -0.519545
v -0.6612554 0.1926562 -0.6612554
v -0.519545 0.1926562 -0.777554
v -0.3578688 0.1926562 -0.8639717
v -0.1824398 0.1926562 -0.9171875
v 4.087698e-8 0.1926562 -0.9351562
v -1.065723 0.2000977 0
v -1.045245 0.2000977 -0.2079122
v -0.9845993 0.2000977 -0.4078344
v -0.886116 0.2000977 -0.5920838
v -0.7535797 0.2000977 -0.7535797
v -0.5920838 0.2000977 -0.886116
v -0.4078344 0.2000977 -0.9845993
v -0.2079121 0.2000977 -1.045245
v 4.658422e-8 0.2000977 -1.065723
v -1.15 0.21 0
v -1.127903 0.21 -0.2243539
v -1.062461 0.21 -0.440086
v -0.95619 0.21 -0.6389058
v -0.8131728 0.21 -0.8131728
v -0.6389057 0.21 -0.9561901
v -0.4400859 0.21 -1.062461
v -0.2243538 0.21 -1.127903
v 5.02681e-8 0.21 -1.15
v 0 0.18 0
v 0 0.18 0
v 0 0.18 0
v 0 0.18 0
v 0 0.18 0
v 0 0.18 0
v 0 0.18 0
v 0 0.18 0
v 0.01964239 0.1800586 -0.09874898
v 0.03852995 0.1800586 -0.09301951
v 0.05593681 0.1800586 -0.08371534
v 0.07119405 0.1800586 -0.07119405
v 0.08371535 0.1800586 -0.05593681
v 0.09301951 0.1800586 -0.03852995
v 0.09874899 0.1800586 -0.01964239
v 0.1006836 0.1800586 4.40102e-9
v 0.04740085 0.1804688 -0.2383002
v 0.09298012 0.1804688 -0.2244738
v 0.1349862 0.1804688 -0.2020211
v 0.1718048 0.1804688 -0.1718048
v 0.2020212 0.1804688 -0.1349862
v 0.2244738 0.1804688 -0.09298011
v 0.2383002 0.1804688 -0.04740083
v 0.2429687 0.1804688 1.06205e-8
v 0.0804176 0.181582 -0.4042866
v 0.1577448 0.181582 -0.3808296
v 0.22901 0.181582 -0.3427376
v 0.2914744 0.181582 -0.2914744
v 0.3427376 0.181582 -0.2290099
v 0.3808296 0.181582 -0.1577448
v 0.4042866 0.181582 -0.08041757
v 0.412207 0.181582 1.801814e-8
v 0.1158349 0.18375 -0.5823412
v 0.2272183 0.18375 -0.5485535
v 0.3298698 0.18375 -0.4936851
v 0.4198446 0.18375 -0.4198446
v 0.4936851 0.18375 -0.3298698
v 0.5485535 0.18375 -0.2272183
v 0.5823413 0.18375 -0.1158348
v 0.59375 0.18375 2.595364e-8
v 0.1507949 0.1873242 -0.7580972
v 0.2957949 0.1873242 -0.7141119
v 0.4294276 0.1873242 -0.6426837
v 0.5465577 0.1873242 -0.5465577
v 0.6426839 0.1873242 -0.4294276
v 0.7141119 0.1873242 -0.2957948
v 0.7580972 0.1873242 -0.1507948
v 0.7729492 0.1873242 3.378668e-8
v 0.1824399 0.1926562 -0.9171874
v 0.3578688 0.1926562 -0.8639717
v 0.519545 0.1926562 -0.7775539
v 0.6612554 0.1926562 -0.6612554
v 0.777554 0.1926562 -0.519545
v 0.8639717 0.1926562 -0.3578688
v 0.9171875 0.1926562 -0.1824398
v 0.9351562 0.1926562 4.087698e-8
v 0.2079122 0.2000977 -1.045245
v 0.4078344 0.2000977 -0.9845993
v 0.5920838 0.2000977 -0.886116
v 0.7535797 0.2000977 -0.7535797
v 0.886116 0.2000977 -0.5920838
v 0.9845993 0.2000977 -0.4078344
v 1.045245 0.2000977 -0.2079121
v 1.065723 0.2000977 4.658422e-8
v 0.2243539 0.21 -1.127903
v 0.440086 0.21 -1.062461
v 0.6389058 0.21 -0.95619
v 0.8131728 0.21 -0.8131728
v 0.9561901 0.21 -0.6389057
v 1.062461 0.21 -0.4400859
v 1.127903 0.21 -0.2243538
v 1.15 0.21 5.02681e-8
v 0 0.18 0
v 0 0.18 0
v 0 0.18 0
v 0 0.18 0
v 0 0.18 0
v 0 0.18 0
v 0 0.18 0
v 0 0.18 0
v 0 0.1800586 0.1006836
v 0.01964239 0.1800586 0.09874898
v 0.03852995 0.1800586 0.09301951
v 0.05593681 0.1800586 0.08371534
v 0.07119405 0.1800586 0.07119405
v 0.08371535 0.1800586 0.05593681
v 0.09301951 0.1800586 0.03852995
v 0.09874899 0.1800586 0.01964239
v 0 0.1804688 0.2429687
v 0.04740085 0.1804688 0.2383002
v 0.09298012 0.1804688 0.2244738
v 0.1349862 0.1804688 0.2020211
v 0.1718048 0.1804688 0.1718048
v 0.2020212 0.1804688 0.1349862
v 0.2244738 0.1804688 0.09298011
v 0.2383002 0.1804688 0.04740083
v 0 0.181582 0.412207
v 0.0804176 0.181582 0.4042866
v 0.1577448 0.181582 0.3808296
v 0.22901 0.181582 0.3427376
v 0.2914744 0.181582 0.2914744
v 0.3427376 0.181582 0.2290099
v 0.3808296 0.181582 0.1577448
v 0.4042866 0.181582 0.08041757
v 0 0.18375 0.59375
v 0.1158349 0.18375 0.5823412
v 0.2272183 0.18375 0.5485535
v 0.3298698 0.18375 0.4936851
v 0.4198446 0.18375 0.4198446
v 0.4936851 0.18375 0.3298698
v 0.5485535 0.18375 0.2272183
v 0.5823413 0.18375 0.1158348
v 0 0.1873242 0.7729492
v 0.1507949 0.1873242 0.7580972
v 0.2957949 0.1873242 0.7141119
v 0.4294276 0.1873242 0.6426837
v 0.5465577 0.1873242 0.5465577
v 0.6426839 0.1873242 0.4294276
v 0.7141119 0.1873242 0.2957948
v 0.7580972 0.1873242 0.1507948
v 0 0.1926562 0.9351562
v 0.1824399 0.1926562 0.9171874
v 0.3578688 0.1926562 0.8639717
v 0.519545 0.1926562 0.7775539
v 0.6612554 0.1926562 0.6612554
v 0.777554 0.1926562 0.519545
v 0.8639717 0.1926562 0.3578688
v 0.9171875 0.1926562 0.1824398
v 0 0.2000977 1.065723
v 0.2079122 0.2000977 1.045245
v 0.4078344 0.2000977 0.9845993
v 0.5920838 0.2000977 0.886116
v 0.7535797 0.2000977 0.7535797
v 0.886116 0.2000977 0.5920838
v 0.9845993 0.2000977 0.4078344
v 1.045245 0.2000977 0.2079121
v 0 0.21 1.15
v 0.2243539 0.21 1.127903
v 0.440086 0.21 1.062461
v 0.6389058 0.21 0.95619
v 0.8131728 0.21 0.8131728
v 0.9561901 0.21 0.6389057
v 1.062461 0.21 0.4400859
v 1.127903 0.21 0.2243538
v 0 0.18 0
v 0 0.18 0
v 0 0.18 0
v 0 0.18 0
v 0 0.18 0
v 0 0.18 0
v 0 0.18 0
v -0.09874898 0.1800586 0.01964239
v -0.09301951 0.1800586 0.03852995
v -0.08371534 0.1800586 0.05593681
v -0.07119405 0.1800586 0.07119405
v -0.05593681 0.1800586 0.08371535
v -0.03852995 0.1800586 0.09301951
v -0.01964239 0.1800586 0.09874899
v -0.2383002 0.1804688 0.04740085
v -0.2244738 0.1804688 0.09298012
v -0.2020211 0.1804688 0.1349862
v -0.1718048 0.1804688 0.1718048
v -0.1349862 0.1804688 0.2020212
v -0.09298011 0.1804688 0.2244738
v -0.04740083 0.1804688 0.2383002
v -0.4042866 0.181582 0.0804176
v -0.3808296 0.181582 0.1577448
v -0.3427376 0.181582 0.22901
v -0.2914744 0.181582 0.2914744
v -0.2290099 0.181582 0.3427376
v -0.1577448 0.181582 0.3808296
v -0.08041757 0.181582 0.4042866
v -0.5823412 0.18375 0.1158349
v -0.5485535 0.18375 0.2272183
v -0.4936851 0.18375 0.3298698
v -0.4198446 0.18375 0.4198446
v -0.3298698 0.18375 0.4936851
v -0.2272183 0.18375 0.5485535
v -0.1158348 0.18375 0.5823413
v -0.7580972 0.1873242 0.1507949
v -0.7141119 0.1873242 0.2957949
v -0.6426837 0.1873242 0.4294276
v -0.5465577 0.1873242 0.5465577
v -0.4294276 0.1873242 0.6426839
v -0.2957948 0.1873242 0.7141119
v -0.1507948 0.1873242 0.7580972
v -0.9171874 0.1926562 0.1824399
v -0.8639717 0.1926562 0.3578688
v -0.7775539 0.1926562 0.519545
v -0.6612554 0.1926562 0.6612554
v -0.519545 0.1926562 0.777554
v -0.3578688 0.1926562 0.8639717
v -0.1824398 0.1926562 0.9171875
v -1.045245 0.2000977 0.2079122
v -0.9845993 0.2000977 0.4078344
v -0.886116 0.2000977 0.5920838
v -0.7535797 0.2000977 0.7535797
v -0.5920838 0.2000977 0.886116
v -0.4078344 0.2000977 0.9845993
v -0.2079121 0.2000977 1.045245
v -1.127903 0.21 0.2243539
v -1.062461 0.21 0.440086
v -0.95619 0.21 0.6389058
v -0.8131728 0.21 0.8131728
v -0.6389057 0.21 0.9561901
v -0.4400859 0.21 1.062461
v -0.2243538 0.21 1.127903
v -1.23248 0.2364648 0
v -1.208799 0.2364648 -0.240445
v -1.138663 0.2364648 -0.4716499
v -1.02477 0.2364648 -0.6847295
v -0.8714953 0.2364648 -0.8714953
v -0.6847295 0.2364648 -1.02477
v -0.4716498 0.2364648 -1.138663
v -0.2404449 0.2364648 -1.208799
v 5.387343e-8 0.2364648 -1.23248
v -1.354219 0.2829687 0
v -1.328198 0.2829687 -0.2641949
v -1.251135 0.2829687 -0.5182371
v -1.125992 0.2829687 -0.7523636
v -0.9575772 0.2829687 -0.9575772
v -0.7523636 0.2829687 -1.125992
v -0.5182371 0.2829687 -1.251135
v -0.2641948 0.2829687 -1.328198
v 5.919478e-8 0.2829687 -1.354219
v -1.49541 0.3564258 0
v -1.466676 0.3564258 -0.29174
v -1.381579 0.3564258 -0.5722687
v -1.243388 0.3564258 -0.8308054
v -1.057415 0.3564258 -1.057415
v -0.8308052 0.3564258 -1.243388
v -0.5722687 0.3564258 -1.381579
v -0.2917399 0.3564258 -1.466676
v 6.536645e-8 0.3564258 -1.49541
v -1.63625 0.46375 0
v -1.60481 0.46375 -0.3192165
v -1.511698 0.46375 -0.6261658
v -1.360492 0.46375 -0.9090518
v -1.157003 0.46375 -1.157003
v -0.9090517 0.46375 -1.360492
v -0.6261657 0.46375 -1.511698
v -0.3192164 0.46375 -1.60481
v 7.152276e-8 0.46375 -1.63625
v -1.756934 0.6118554 0
v -1.723175 0.6118554 -0.3427607
v -1.623195 0.6118554 -0.6723495
v -1.460837 0.6118554 -0.9761001
v -1.242339 0.6118554 -1.242339
v -0.9760999 0.6118554 -1.460837
v -0.6723493 0.6118554 -1.623195
v -0.3427606 0.6118554 -1.723175
v 7.6798e-8 0.6118554 -1.756934
v -1.837656 0.8076562 0
v -1.802346 0.8076562 -0.3585089
v -1.697773 0.8076562 -0.7032406
v -1.527955 0.8076562 -1.020947
v -1.299419 0.8076562 -1.299419
v -1.020947 0.8076562 -1.527955
v -0.7032406 0.8076562 -1.697773
v -0.3585088 0.8076562 -1.802346
v 8.032651e-8 0.8076562 -1.837656
v -1.858613 1.058066 0
v -1.822901 1.058066 -0.3625974
v -1.717135 1.058066 -0.7112605
v -1.54538 1.058066 -1.03259
v -1.314238 1.058066 -1.314238
v -1.03259 1.058066 -1.54538
v -0.7112604 1.058066 -1.717135
v -0.3625973 1.058066 -1.822901
v 8.124256e-8 1.058066 -1.858613
v -1.8 1.37 0
v -1.765413 1.37 -0.3511626
v -1.662983 1.37 -0.6888302
v -1.496645 1.37 -1.000026
v -1.272792 1.37 -1.272792
v -1.000026 1.37 -1.496645
v -0.6888301 1.37 -1.662983
v -0.3511624 1.37 -1.765414
v 7.86805e-8 1.37 -1.8
v 0.240445 0.2364648 -1.208799
v 0.4716499 0.2364648 -1.138663
v 0.6847295 0.2364648 -1.02477
v 0.8714953 0.2364648 -0.8714953
v 1.02477 0.2364648 -0.6847295
v 1.138663 0.2364648 -0.4716498
v 1.208799 0.2364648 -0.2404449
v 1.23248 0.2364648 5.387343e-8
v 0.2641949 0.2829687 -1.328198
v 0.5182371 0.2829687 -1.251135
v 0.7523636 0.2829687 -1.125992
v 0.9575772 0.2829687 -0.9575772
v 1.125992 0.2829687 -0.7523636
v 1.251135 0.2829687 -0.5182371
v 1.328198 0.2829687 -0.2641948
v 1.354219 0.2829687 5.919478e-8
v 0.29174 0.3564258 -1.466676
v 0.5722687 0.3564258 -1.381579
v 0.8308054 0.3564258 -1.243388
v 1.057415 0.3564258 -1.057415
v 1.243388 0.3564258 -0.8308052
v 1.381579 0.3564258 -0.5722687
v 1.466676 0.3564258 -0.2917399
v 1.49541 0.3564258 6.536645e-8
v 0.3192165 0.46375 -1.60481
v 0.6261658 0.46375 -1.511698
v 0.9090518 0.46375 -1.360492
v 1.157003 0.46375 -1.157003
v 1.360492 0.46375 -0.9090517
v 1.511698 0.46375 -0.6261657
v 1.60481 0.46375 -0.3192164
v 1.63625 0.46375 7.152276e-8
v 0.3427607 0.6118554 -1.723175
v 0.6723495 0.6118554 -1.623195
v 0.9761001 0.6118554 -1.460837
v 1.242339 0.6118554 -1.242339
v 1.460837 0.6118554 -0.9760999
v 1.623195 0.6118554 -0.6723493
v 1.723175 0.6118554 -0.3427606
v 1.756934 0.6118554 7.6798e-8
v 0.3585089 0.8076562 -1.802346
v 0.7032406 0.8076562 -1.697773
v 1.020947 0.8076562 -1.527955
v 1.299419 0.8076562 -1.299419
v 1.527955 0.8076562 -1.020947
v 1.697773 0.8076562 -0.7032406
v 1.802346 0.8076562 -0.3585088
v 0.3625974 1.058066 -1.822901
v 0.7112605 1.058066 -1.717135
v 1.03259 1.058066 -1.54538
v 1.314238 1.058066 -1.314238
v 1.54538 1.058066 -1.03259
v 1.717135 1.058066 -0.7112604
v 1.822901 1.058066 -0.3625973
v 0.3511626 1.37 -1.765413
v 0.6888302 1.37 -1.662983
v 1.000026 1.37 -1.496645
v 1.272792 1.37 -1.272792
v 1.496645 1.37 -1.000026
v 1.662983 1.37 -0.6888301
v 1.765414 1.37 -0.3511624
v 1.8 1.37 7.86805e-8
v 0 0.2364648 1.23248
v 0.240445 0.2364648 1.208799
v 0.4716499 0.2364648 1.138663
v 0.6847295 0.2364648 1.02477
v 0.8714953 0.2364648 0.8714953
v 1.02477 0.2364648 0.6847295
v 1.138663 0.2364648 0.4716498
v 1.208799 0.2364648 0.2404449
v 0 0.2829687 1.354219
v 0.2641949 0.2829687 1.328198
v 0.5182371 0.2829687 1.251135
v 0.7523636 0.2829687 1.125992
v 0.9575772 0.2829687 0.9575772
v 1.125992 0.2829687 0.7523636
v 1.251135 0.2829687 0.5182371
v 1.328198 0.2829687 0.2641948
v 0 0.3564258 1.49541
v 0.29174 0.3564258 1.466676
v 0.5722687 0.3564258 1.381579
v 0.8308054 0.3564258 1.243388
v 1.057415 0.3564258 1.057415
v 1.243388 0.3564258 0.8308052
v 1.381579 0.3564258 0.5722687
v 1.466676 0.3564258 0.2917399
v 0 0.46375 1.63625
v 0.3192165 0.46375 1.60481
v 0.6261658 0.46375 1.511698
v 0.9090518 0.46375 1.360492
v 1.157003 0.46375 1.157003
v 1.360492 0.46375 0.9090517
v 1.511698 0.46375 0.6261657
v 1.60481 0.46375 0.3192164
v 0 0.6118554 1.756934
v 0.3427607 0.6118554 1.723175
v 0.6723495 0.6118554 1.623195
v 0.9761001 0.6118554 1.460837
v 1.242339 0.6118554 1.242339
v 1.460837 0.6118554 0.9760999
v 1.623195 0.6118554 0.6723493
v 1.723175 0.6118554 0.3427606
v 0 0.8076562 1.837656
v 0.3585089 0.8076562 1.802346
v 0.7032406 0.8076562 1.697773
v 1.020947 0.8076562 1.527955
v 1.299419 0.8076562 1.299419
v 1.527955 0.8076562 1.020947
v 1.697773 0.8076562 0.7032406
v 1.802346 0.8076562 0.3585088
v 0 1.058066 1.858613
v 0.3625974 1.058066 1.822901
v 0.7112605 1.058066 1.717135
v 1.03259 1.058066 1.54538
v 1.314238 1.058066 1.314238
v 1.54538 1.058066 1.03259
v 1.717135 1.058066 0.7112604
v 1.822901 1.058066 0.3625973
v 0 1.37 1.8
v 0.3511626 1.37 1.765413
v 0.6888302 1.37 1.662983
v 1.000026 1.37 1.496645
v 1.272792 1.37 1.272792
v 1.496645 1.37 1.000026
v 1.662983 1.37 0.6888301
v 1.765414 1.37 0.3511624
v -1.208799 0.2364648 0.240445
v -1.138663 0.2364648 0.4716499
v -1.02477 0.2364648 0.6847295
v -0.8714953 0.2364648 0.8714953
v -0.6847295 0.2364648 1.02477
v -0.4716498 0.2364648 1.138663
v -0.2404449 0.2364648 1.208799
v -1.328198 0.2829687 0.2641949
v -1.251135 0.2829687 0.5182371
v -1.125992 0.2829687 0.7523636
v -0.9575772 0.2829687 0.9575772
v -0.7523636 0.2829687 1.125992
v -0.5182371 0.2829687 1.251135
v -0.2641948 0.2829687 1.328198
v -1.466676 0.3564258 0.29174
v -1.381579 0.3564258 0.5722687
v -1.243388 0.3564258 0.8308054
v -1.057415 0.3564258 1.057415
v -0.8308052 0.3564258 1.243388
v -0.5722687 0.3564258 1.381579
v -0.2917399 0.3564258 1.466676
v -1.60481 0.46375 0.3192165
v -1.511698 0.46375 0.6261658
v -1.360492 0.46375 0.9090518
v -1.157003 0.46375 1.157003
v -0.9090517 0.46375 1.360492
v -0.6261657 0.46375 1.511698
v -0.3192164 0.46375 1.60481
v -1.723175 0.6118554 0.3427607
v -1.623195 0.6118554 0.6723495
v -1.460837 0.6118554 0.9761001
v -1.242339 0.6118554 1.242339
v -0.9760999 0.6118554 1.460837
v -0.6723493 0.6118554 1.623195
v -0.3427606 0.6118554 1.723175
v -1.802346 0.8076562 0.3585089
v -1.697773 0.8076562 0.7032406
v -1.527955 0.8076562 1.020947
v -1.299419 0.8076562 1.299419
v -1.020947 0.8076562 1.527955
v -0.7032406 0.8076562 1.697773
v -0.3585088 0.8076562 1.802346
v -1.822901 1.058066 0.3625974
v -1.717135 1.058066 0.7112605
v -1.54538 1.058066 1.03259
v -1.314238 1.058066 1.314238
v -1.03259 1.058066 1.54538
v -0.7112604 1.058066 1.717135
v -0.3625973 1.058066 1.822901
v -1.765413 1.37 0.3511626
v -1.662983 1.37 0.6888302
v -1.496645 1.37 1.000026
v -1.272792 1.37 1.272792
v -1.000026 1.37 1.496645
v -0.6888301 1.37 1.662983
v -0.3511624 1.37 1.765414
v -1.674981 1.738183 0
v -1.642796 1.738183 -0.3267725
v -1.54748 1.738183 -0.6409872
v -1.392695 1.738183 -0.9305694
v -1.18439 1.738183 -1.18439
v -0.9305692 1.738183 -1.392696
v -0.6409872 1.738183 -1.54748
v -0.3267723 1.738183 -1.642796
v 7.321572e-8 1.738183 -1.674981
v -1.562969 1.994219 0
v -1.532937 1.994219 -0.3049201
v -1.443995 1.994219 -0.5981223
v -1.299561 1.994219 -0.8683389
v -1.105186 1.994219 -1.105186
v -0.8683389 1.994219 -1.299561
v -0.5981223 1.994219 -1.443995
v -0.3049199 1.994219 -1.532937
v 6.831954e-8 1.994219 -1.562969
v -1.464785 2.159082 0
v -1.43664 2.159082 -0.2857654
v -1.353285 2.159082 -0.560549
v -1.217924 2.159082 -0.8137911
v -1.035759 2.159082 -1.035759
v -0.813791 2.159082 -1.217924
v -0.560549 2.159082 -1.353285
v -0.2857653 2.159082 -1.43664
v 6.402779e-8 2.159082 -1.464785
v -1.38125 2.25375 0
v -1.35471 2.25375 -0.2694685
v -1.276109 2.25375 -0.5285815
v -1.148467 2.25375 -0.7673814
v -0.9766912 2.25375 -0.9766912
v -0.7673813 2.25375 -1.148468
v -0.5285815 2.25375 -1.276109
v -0.2694684 2.25375 -1.35471
v 6.037635e-8 2.25375 -1.38125
v -1.313184 2.299199 0
v -1.287951 2.299199 -0.2561894
v -1.213223 2.299199 -0.5025337
v -1.091872 2.299199 -0.7295657
v -0.928561 2.299199 -0.928561
v -0.7295657 2.299199 -1.091872
v -0.5025336 2.299199 -1.213223
v -0.2561893 2.299199 -1.287951
v 5.740108e-8 2.299199 -1.313184
v -1.261406 2.316406 0
v -1.237169 2.316406 -0.2460882
v -1.165387 2.316406 -0.4827193
v -1.048821 2.316406 -0.7007998
v -0.8919489 2.316406 -0.8919489
v -0.7007997 2.316406 -1.048821
v -0.4827192 2.316406 -1.165387
v -0.246088 2.316406 -1.237169
v 5.513782e-8 2.316406 -1.261406
v -1.226738 2.326348 0
v -1.203167 2.326348 -0.2393248
v -1.133358 2.326348 -0.4694524
v -1.019996 2.326348 -0.6815393
v -0.867435 2.326348 -0.867435
v -0.6815392 2.326348 -1.019996
v -0.4694524 2.326348 -1.133358
v -0.2393247 2.326348 -1.203167
v 5.362243e-8 2.326348 -1.226738
v -1.21 2.35 0
v -1.18675 2.35 -0.2360593
v -1.117894 2.35 -0.463047
v -1.006078 2.35 -0.67224
v -0.8555992 2.35 -0.8555992
v -0.67224 2.35 -1.006078
v -0.463047 2.35 -1.117894
v -0.2360592 2.35 -1.18675
v 5.289078e-8 2.35 -1.21
v 0.3267725 1.738183 -1.642796
v 0.6409872 1.738183 -1.54748
v 0.9305694 1.738183 -1.392695
v 1.18439 1.738183 -1.18439
v 1.392696 1.738183 -0.9305692
v 1.54748 1.738183 -0.6409872
v 1.642796 1.738183 -0.3267723
v 1.674981 1.738183 7.321572e-8
v 0.3049201 1.994219 -1.532937
v 0.5981223 1.994219 -1.443995
v 0.8683389 1.994219 -1.299561
v 1.105186 1.994219 -1.105186
v 1.299561 1.994219 -0.8683389
v 1.443995 1.994219 -0.5981223
v 1.532937 1.994219 -0.3049199
v 1.562969 1.994219 6.831954e-8
v 0.2857654 2.159082 -1.43664
v 0.560549 2.159082 -1.353285
v 0.8137911 2.159082 -1.217924
v 1.035759 2.159082 -1.035759
v 1.217924 2.159082 -0.813791
v 1.353285 2.159082 -0.560549
v 1.43664 2.159082 -0.2857653
v 1.464785 2.159082 6.402779e-8
v 0.2694685 2.25375 -1.35471
v 0.5285815 2.25375 -1.276109
v 0.7673814 2.25375 -1.148467
v 0.9766912 2.25375 -0.9766912
v 1.148468 2.25375 -0.7673813
v 1.276109 2.25375 -0.5285815
v 1.35471 2.25375 -0.2694684
v 1.38125 2.25375 6.037635e-8
v 0.2561894 2.299199 -1.287951
v 0.5025337 2.299199 -1.213223
v 0.7295657 2.299199 -1.091872
v 0.928561 2.299199 -0.928561
v 1.091872 2.299199 -0.7295657
v 1.213223 2.299199 -0.5025336
v 1.287951 2.299199 -0.2561893
v 1.313184 2.299199 5.740108e-8
v 0.2460882 2.316406 -1.237169
v 0.4827193 2.316406 -1.165387
v 0.7007998 2.316406 -1.048821
v 0.8919489 2.316406 -0.8919489
v 1.048821 2.316406 -0.7007997
v 1.165387 2.316406 -0.4827192
v 1.237169 2.316406 -0.246088
v 1.261406 2.316406 5.513782e-8
v 0.2393248 2.326348 -1.203167
v 0.4694524 2.326348 -1.133358
v 0.6815393 2.326348 -1.019996
v 0.867435 2.326348 -0.867435
v 1.019996 2.326348 -0.6815392
v 1.133358 2.326348 -0.4694524
v 1.203167 2.326348 -0.2393247
v 1.226738 2.326348 5.362243e-8
v 0.2360593 2.35 -1.18675
v 0.463047 2.35 -1.117894
v 0.67224 2.35 -1.006078
v 0.8555992 2.35 -0.8555992
v 1.006078 2.35 -0.67224
v 1.117894 2.35 -0.463047
v 1.18675 2.35 -0.2360592
v 1.21 2.35 5.289078e-8
v 0 1.738183 1.674981
v 0.3267725 1.738183 1.642796
v 0.6409872 1.738183 1.54748
v 0.9305694 1.738183 1.392695
v 1.18439 1.738183 1.18439
v 1.392696 1.738183 0.9305692
v 1.54748 1.738183 0.6409872
v 1.642796 1.738183 0.3267723
v 0 1.994219 1.562969
v 0.3049201 1.994219 1.532937
v 0.5981223 1.994219 1.443995
v 0.8683389 1.994219 1.299561
v 1.105186 1.994219 1.105186
v 1.299561 1.994219 0.8683389
v 1.443995 1.994219 0.5981223
v 1.532937 1.994219 0.3049199
v 0 2.159082 1.464785
v 0.2857654 2.159082 1.43664
v 0.560549 2.159082 1.353285
v 0.8137911 2.159082 1.217924
v 1.035759 2.159082 1.035759
v 1.217924 2.159082 0.813791
v 1.353285 2.159082 0.560549
v 1.43664 2.159082 0.2857653
v 0 2.25375 1.38125
v 0.2694685 2.25375 1.35471
v 0.5285815 2.25375 1.276109
v 0.7673814 2.25375 1.148467
v 0.9766912 2.25375 0.9766912
v 1.148468 2.25375 0.7673813
v 1.276109 2.25375 0.5285815
v 1.35471 2.25375 0.2694684
v 0 2.299199 1.313184
v 0.2561894 2.299199 1.287951
v 0.5025337 2.299199 1.213223
v 0.7295657 2.299199 1.091872
v 0.928561 2.299199 0.928561
v 1.091872 2.299199 0.7295657
v 1.213223 2.299199 0.5025336
v 1.287951 2.299199 0.2561893
v 0 2.316406 1.261406
v 0.2460882 2.316406 1.237169
v 0.4827193 2.316406 1.165387
v 0.7007998 2.316406 1.048821
v 0.8919489 2.316406 0.8919489
v 1.048821 2.316406 0.7007997
v 1.165387 2.316406 0.4827192
v 1.237169 2.316406 0.246088
v 0 2.326348 1.226738
v 0.2393248 2.326348 1.203167
v 0.4694524 2.326348 1.133358
v 0.6815393 2.326348 1.019996
v 0.867435 2.326348 0.867435
v 1.019996 2.326348 0.6815392
v 1.133358 2.326348 0.4694524
v 1.203167 2.326348 0.2393247
v 0 2.35 1.21
v 0.2360593 2.35 1.18675
v 0.463047 2.35 1.117894
v 0.67224 2.35 1.006078
v 0.8555992 2.35 0.8555992
v 1.006078 2.35 0.67224
v 1.117894 2.35 0.463047
v 1.18675 2.35 0.2360592
v -1.642796 1.738183 0.3267725
v -1.54748 1.738183 0.6409872
v -1.392695 1.738183 0.9305694
v -1.18439 1.738183 1.18439
v -0.9305692 1.738183 1.392696
v -0.6409872 1.738183 1.54748
v -0.3267723 1.738183 1.642796
v -1.532937 1.994219 0.3049201
v -1.443995 1.994219 0.5981223
v -1.299561 1.994219 0.8683389
v -1.105186 1.994219 1.105186
v -0.8683389 1.994219 1.299561
v -0.5981223 1.994219 1.443995
v -0.3049199 1.994219 1.532937
v -1.43664 2.159082 0.2857654
v -1.353285 2.159082 0.560549
v -1.217924 2.159082 0.8137911
v -1.035759 2.159082 1.035759
v -0.813791 2.159082 1.217924
v -0.560549 2.159082 1.353285
v -0.2857653 2.159082 1.43664
v -1.35471 2.25375 0.2694685
v -1.276109 2.25375 0.5285815
v -1.148467 2.25375 0.7673814
v -0.9766912 2.25375 0.9766912
v -0.7673813 2.25375 1.148468
v -0.5285815 2.25375 1.276109
v -0.2694684 2.25375 1.35471
v -1.287951 2.299199 0.2561894
v -1.213223 2.299199 0.5025337
v -1.091872 2.299199 0.7295657
v -0.928561 2.299199 0.928561
v -0.7295657 2.299199 1.091872
v -0.5025336 2.299199 1.213223
v -0.2561893 2.299199 1.287951
v -1.237169 2.316406 0.2460882
v -1.165387 2.316406 0.4827193
v -1.048821 2.316406 0.7007998
v -0.8919489 2.316406 0.8919489
v -0.7007997 2.316406 1.048821
v -0.4827192 2.316406 1.165387
v -0.246088 2.316406 1.237169
v -1.203167 2.326348 0.2393248
v -1.133358 2.326348 0.4694524
v -1.019996 2.326348 0.6815393
v -0.867435 2.326348 0.867435
v -0.6815392 2.326348 1.019996
v -0.4694524 2.326348 1.133358
v -0.2393247 2.326348 1.203167
v -1.18675 2.35 0.2360593
v -1.117894 2.35 0.463047
v -1.006078 2.35 0.67224
v -0.8555992 2.35 0.8555992
v -0.67224 2.35 1.006078
v -0.463047 2.35 1.117894
v -0.2360592 2.35 1.18675
v -1.211191 2.366504 0
v -1.187919 2.366504 -0.2362917
v -1.118995 2.366504 -0.4635029
v -1.007069 2.366504 -0.6729019
v -0.8564417 2.366504 -0.8564417
v -0.6729019 2.366504 -1.007069
v -0.4635029 2.366504 -1.118995
v -0.2362916 2.366504 -1.187919
v 5.294286e-8 2.366504 -1.211191
v -1.221406 2.378906 0
v -1.197937 2.378906 -0.2382845
v -1.128432 2.378906 -0.4674119
v -1.015562 2.378906 -0.678577
v -0.8636646 2.378906 -0.8636646
v -0.6785769 2.378906 -1.015562
v -0.4674119 2.378906 -1.128432
v -0.2382844 2.378906 -1.197937
v 5.338936e-8 2.378906 -1.221406
v -1.239355 2.387793 0
v -1.215541 2.387793 -0.2417862
v -1.145015 2.387793 -0.4742809
v -1.030486 2.387793 -0.688549
v -0.8763566 2.387793 -0.8763566
v -0.688549 2.387793 -1.030487
v -0.4742808 2.387793 -1.145015
v -0.2417862 2.387793 -1.215542
v 5.417395e-8 2.387793 -1.239355
v -1.26375 2.39375 0
v -1.239467 2.39375 -0.2465454
v -1.167553 2.39375 -0.4836162
v -1.05077 2.39375 -0.7021019
v -0.8936062 2.39375 -0.8936062
v -0.7021019 2.39375 -1.05077
v -0.4836162 2.39375 -1.167553
v -0.2465453 2.39375 -1.239468
v 5.524027e-8 2.39375 -1.26375
v -1.293301 2.397363 0
v -1.26845 2.397363 -0.2523105
v -1.194854 2.397363 -0.4949248
v -1.07534 2.397363 -0.7185194
v -0.9145017 2.397363 -0.9145017
v -0.7185193 2.397363 -1.07534
v -0.4949248 2.397363 -1.194854
v -0.2523104 2.397363 -1.26845
v 5.653197e-8 2.397363 -1.293301
v -1.326719 2.399219 0
v -1.301226 2.399219 -0.25883
v -1.225728 2.399219 -0.5077133
v -1.103126 2.399219 -0.7370855
v -0.9381317 2.399219 -0.9381317
v -0.7370854 2.399219 -1.103126
v -0.5077133 2.399219 -1.225728
v -0.2588299 2.399219 -1.301226
v 5.799271e-8 2.399219 -1.326719
v -1.362715 2.399902 0
v -1.336531 2.399902 -0.2658525
v -1.258984 2.399902 -0.5214884
v -1.133056 2.399902 -0.7570839
v -0.9635849 2.399902 -0.9635849
v -0.7570837 2.399902 -1.133056
v -0.5214884 2.399902 -1.258984
v -0.2658523 2.399902 -1.336531
v 5.956615e-8 2.399902 -1.362715
v 0.2362917 2.366504 -1.187919
v 0.4635029 2.366504 -1.118995
v 0.6729019 2.366504 -1.007069
v 0.8564417 2.366504 -0.8564417
v 1.007069 2.366504 -0.6729019
v 1.118995 2.366504 -0.4635029
v 1.187919 2.366504 -0.2362916
v 1.211191 2.366504 5.294286e-8
v 0.2382845 2.378906 -1.197937
v 0.4674119 2.378906 -1.128432
v 0.678577 2.378906 -1.015562
v 0.8636646 2.378906 -0.8636646
v 1.015562 2.378906 -0.6785769
v 1.128432 2.378906 -0.4674119
v 1.197937 2.378906 -0.2382844
v 1.221406 2.378906 5.338936e-8
v 0.2417862 2.387793 -1.215541
v 0.4742809 2.387793 -1.145015
v 0.688549 2.387793 -1.030486
v 0.8763566 2.387793 -0.8763566
v 1.030487 2.387793 -0.688549
v 1.145015 2.387793 -0.4742808
v 1.215542 2.387793 -0.2417862
v 1.239355 2.387793 5.417395e-8
v 0.2465454 2.39375 -1.239467
v 0.4836162 2.39375 -1.167553
v 0.7021019 2.39375 -1.05077
v 0.8936062 2.39375 -0.8936062
v 1.05077 2.39375 -0.7021019
v 1.167553 2.39375 -0.4836162
v 1.239468 2.39375 -0.2465453
v 1.26375 2.39375 5.524027e-8
v 0.2523105 2.397363 -1.26845
v 0.4949248 2.397363 -1.194854
v 0.7185194 2.397363 -1.07534
v 0.9145017 2.397363 -0.9145017
v 1.07534 2.397363 -0.7185193
v 1.194854 2.397363 -0.4949248
v 1.26845 2.397363 -0.2523104
v 1.293301 2.397363 5.653197e-8
v 0.25883 2.399219 -1.301226
v 0.5077133 2.399219 -1.225728
v 0.7370855 2.399219 -1.103126
v 0.9381317 2.399219 -0.9381317
v 1.103126 2.399219 -0.7370854
v 1.225728 2.399219 -0.5077133
v 1.301226 2.399219 -0.2588299
v 1.326719 2.399219 5.799271e-8
v 0.2658525 2.399902 -1.336531
v 0.5214884 2.399902 -1.258984
v 0.7570839 2.399902 -1.133056
v 0.9635849 2.399902 -0.9635849
v 1.133056 2.399902 -0.7570837
v 1.258984 2.399902 -0.5214884
v 1.336531 2.399902 -0.2658523
v 1.362715 2.399902 5.956615e-8
v 0 2.366504 1.211191
v 0.2362917 2.366504 1.187919
v 0.4635029 2.366504 1.118995
v 0.6729019 2.366504 1.007069
v 0.8564417 2.366504 0.8564417
v 1.007069 2.366504 0.6729019
v 1.118995 2.366504 0.4635029
v 1.187919 2.366504 0.2362916
v 0 2.378906 1.221406
v 0.2382845 2.378906 1.197937
v 0.4674119 2.378906 1.128432
v 0.678577 2.378906 1.015562
v 0.8636646 2.378906 0.8636646
v 1.015562 2.378906 0.6785769
v 1.128432 2.378906 0.4674119
v 1.197937 2.378906 0.2382844
v 0 2.387793 1.239355
v 0.2417862 2.387793 1.215541
v 0.4742809 2.387793 1.145015
v 0.688549 2.387793 1.030486
v 0.8763566 2.387793 0.8763566
v 1.030487 2.387793 0.688549
v 1.145015 2.387793 0.4742808
v 1.215542 2.387793 0.2417862
v 0 2.39375 1.26375
v 0.2465454 2.39375 1.239467
v 0.4836162 2.39375 1.167553
v 0.7021019 2.39375 1.05077
v 0.8936062 2.39375 0.8936062
v 1.05077 2.39375 0.7021019
v 1.167553 2.39375 0.4836162
v 1.239468 2.39375 0.2465453
v 0 2.397363 1.293301
v 0.2523105 2.397363 1.26845
v 0.4949248 2.397363 1.194854
v 0.7185194 2.397363 1.07534
v 0.9145017 2.397363 0.9145017
v 1.07534 2.397363 0.7185193
v 1.194854 2.397363 0.4949248
v 1.26845 2.397363 0.2523104
v 0 2.399219 1.326719
v 0.25883 2.399219 1.301226
v 0.5077133 2.399219 1.225728
v 0.7370855 2.399219 1.103126
v 0.9381317 2.399219 0.9381317
v 1.103126 2.399219 0.7370854
v 1.225728 2.399219 0.5077133
v 1.301226 2.399219 0.2588299
v 0 2.399902 1.362715
v 0.2658525 2.399902 1.336531
v 0.5214884 2.399902 1.258984
v 0.7570839 2.399902 1.133056
v 0.9635849 2.399902 0.9635849
v 1.133056 2.399902 0.7570837
v 1.258984 2.399902 0.5214884
v 1.336531 2.399902 0.2658523
v -1.187919 2.366504 0.2362917
v -1.118995 2.366504 0.4635029
v -1.007069 2.366504 0.6729019
v -0.8564417 2.366504 0.8564417
v -0.6729019 2.366504 1.007069
v -0.4635029 2.366504 1.118995
v -0.2362916 2.366504 1.187919
v -1.197937 2.378906 0.2382845
v -1.128432 2.378906 0.4674119
v -1.015562 2.378906 0.678577
v -0.8636646 2.378906 0.8636646
v -0.6785769 2.378906 1.015562
v -0.4674119 2.378906 1.128432
v -0.2382844 2.378906 1.197937
v -1.215541 2.387793 0.2417862
v -1.145015 2.387793 0.4742809
v -1.030486 2.387793 0.688549
v -0.8763566 2.387793 0.8763566
v -0.688549 2.387793 1.030487
v -0.4742808 2.387793 1.145015
v -0.2417862 2.387793 1.215542
v -1.239467 2.39375 0.2465454
v -1.167553 2.39375 0.4836162
v -1.05077 2.39375 0.7021019
v -0.8936062 2.39375 0.8936062
v -0.7021019 2.39375 1.05077
v -0.4836162 2.39375 1.167553
v -0.2465453 2.39375 1.239468
v -1.26845 2.397363 0.2523105
v -1.194854 2.397363 0.4949248
v -1.07534 2.397363 0.7185194
v -0.9145017 2.397363 0.9145017
v -0.7185193 2.397363 1.07534
v -0.4949248 2.397363 1.194854
v -0.2523104 2.397363 1.26845
v -1.301226 2.399219 0.25883
v -1.225728 2.399219 0.5077133
v -1.103126 2.399219 0.7370855
v -0.9381317 2.399219 0.9381317
v -0.7370854 2.399219 1.103126
v -0.5077133 2.399219 1.225728
v -0.2588299 2.399219 1.301226
v -1.336531 2.399902 0.2658525
v -1.258984 2.399902 0.5214884
v -1.133056 2.399902 0.7570839
v -0.9635849 2.399902 0.9635849
v -0.7570837 2.399902 1.133056
v -0.5214884 2.399902 1.258984
v -0.2658523 2.399902 1.336531
v -1.266103 2.399902 0
v -1.241776 2.399902 -0.2470045
v -1.169727 2.399902 -0.4845169
v -1.052727 2.399902 -0.7034094
v -0.8952704 2.399902 -0.8952704
v -0.7034094 2.399902 -1.052727
v -0.4845168 2.399902 -1.169727
v -0.2470044 2.399902 -1.241776
v 5.534314e-8 2.399902 -1.266103
v -1.238828 2.399219 0
v -1.215024 2.399219 -0.2416834
v -1.144528 2.399219 -0.474079
v -1.030048 2.399219 -0.688256
v -0.8759838 2.399219 -0.8759838
v -0.688256 2.399219 -1.030048
v -0.474079 2.399219 -1.144528
v -0.2416832 2.399219 -1.215024
v 5.41509e-8 2.399219 -1.238828
v -1.217295 2.397363 0
v -1.193905 2.397363 -0.2374824
v -1.124634 2.397363 -0.4658386
v -1.012144 2.397363 -0.6762929
v -0.8607574 2.397363 -0.8607574
v -0.6762928 2.397363 -1.012144
v -0.4658386 2.397363 -1.124634
v -0.2374823 2.397363 -1.193905
v 5.320965e-8 2.397363 -1.217295
v -1.200625 2.39375 0
v -1.177555 2.39375 -0.2342303
v -1.109233 2.39375 -0.4594593
v -0.9982831 2.39375 -0.6670315
v -0.8489701 2.39375 -0.8489701
v -0.6670315 2.39375 -0.9982833
v -0.4594592 2.39375 -1.109233
v -0.2342302 2.39375 -1.177555
v 5.248099e-8 2.39375 -1.200625
v -1.187939 2.387793 0
v -1.165113 2.387793 -0.2317555
v -1.097513 2.387793 -0.4546047
v -0.9877356 2.387793 -0.6599838
v -0.84 2.387793 -0.84
v -0.6599838 2.387793 -0.9877356
v -0.4546047 2.387793 -1.097513
v -0.2317554 2.387793 -1.165113
v 5.192648e-8 2.387793 -1.187939
v -1.178359 2.378906 0
v -1.155717 2.378906 -0.2298865
v -1.088662 2.378906 -0.4509386
v -0.9797699 2.378906 -0.6546614
v -0.8332258 2.378906 -0.8332258
v -0.6546614 2.378906 -0.9797701
v -0.4509386 2.378906 -1.088662
v -0.2298864 2.378906 -1.155717
v 5.150772e-8 2.378906 -1.178359
v -1.171006 2.366504 0
v -1.148505 2.366504 -0.2284519
v -1.081868 2.366504 -0.4481245
v -0.9736557 2.366504 -0.650576
v -0.8280262 2.366504 -0.8280262
v -0.650576 2.366504 -0.9736558
v -0.4481245 2.366504 -1.081868
v -0.2284518 2.366504 -1.148505
v 5.118629e-8 2.366504 -1.171006
v -1.165 2.35 0
v -1.142615 2.35 -0.2272802
v -1.07632 2.35 -0.4458262
v -0.968662 2.35 -0.6472393
v -0.8237793 2.35 -0.8237793
v -0.6472393 2.35 -0.9686621
v -0.4458262 2.35 -1.07632
v -0.2272801 2.35 -1.142615
v 5.092377e-8 2.35 -1.165
v 0.2470045 2.399902 -1.241776
v 0.4845169 2.399902 -1.169727
v 0.7034094 2.399902 -1.052727
v 0.8952704 2.399902 -0.8952704
v 1.052727 2.399902 -0.7034094
v 1.169727 2.399902 -0.4845168
v 1.241776 2.399902 -0.2470044
v 1.266103 2.399902 5.534314e-8
v 0.2416834 2.399219 -1.215024
v 0.474079 2.399219 -1.144528
v 0.688256 2.399219 -1.030048
v 0.8759838 2.399219 -0.8759838
v 1.030048 2.399219 -0.688256
v 1.144528 2.399219 -0.474079
v 1.215024 2.399219 -0.2416832
v 1.238828 2.399219 5.41509e-8
v 0.2374824 2.397363 -1.193905
v 0.4658386 2.397363 -1.124634
v 0.6762929 2.397363 -1.012144
v 0.8607574 2.397363 -0.8607574
v 1.012144 2.397363 -0.6762928
v 1.124634 2.397363 -0.4658386
v 1.193905 2.397363 -0.2374823
v 1.217295 2.397363 5.320965e-8
v 0.2342303 2.39375 -1.177555
v 0.4594593 2.39375 -1.109233
v 0.6670315 2.39375 -0.9982831
v 0.8489701 2.39375 -0.8489701
v 0.9982833 2.39375 -0.6670315
v 1.109233 2.39375 -0.4594592
v 1.177555 2.39375 -0.2342302
v 1.200625 2.39375 5.248099e-8
v 0.2317555 2.387793 -1.165113
v 0.4546047 2.387793 -1.097513
v 0.6599838 2.387793 -0.9877356
v 0.84 2.387793 -0.84
v 0.9877356 2.387793 -0.6599838
v 1.097513 2.387793 -0.4546047
v 1.165113 2.387793 -0.2317554
v 1.187939 2.387793 5.192648e-8
v 0.2298865 2.378906 -1.155717
v 0.4509386 2.378906 -1.088662
v 0.6546614 2.378906 -0.9797699
v 0.8332258 2.378906 -0.8332258
v 0.9797701 2.378906 -0.6546614
v 1.088662 2.378906 -0.4509386
v 1.155717 2.378906 -0.2298864
v 1.178359 2.378906 5.150772e-8
v 0.2284519 2.366504 -1.148505
v 0.4481245 2.366504 -1.081868
v 0.650576 2.366504 -0.9736557
v 0.8280262 2.366504 -0.8280262
v 0.9736558 2.366504 -0.650576
v 1.081868 2.366504 -0.4481245
v 1.148505 2.366504 -0.2284518
v 1.171006 2.366504 5.118629e-8
v 0.2272802 2.35 -1.142615
v 0.4458262 2.35 -1.07632
v 0.6472393 2.35 -0.968662
v 0.8237793 2.35 -0.8237793
v 0.9686621 2.35 -0.6472393
v 1.07632 2.35 -0.4458262
v 1.142615 2.35 -0.2272801
v 1.165 2.35 5.092377e-8
v 0 2.399902 1.266103
v 0.2470045 2.399902 1.241776
v 0.4845169 2.399902 1.169727
v 0.7034094 2.399902 1.052727
v 0.8952704 2.399902 0.8952704
v 1.052727 2.399902 0.7034094
v 1.169727 2.399902 0.4845168
v 1.241776 2.399902 0.2470044
v 0 2.399219 1.238828
v 0.2416834 2.399219 1.215024
v 0.474079 2.399219 1.144528
v 0.688256 2.399219 1.030048
v 0.8759838 2.399219 0.8759838
v 1.030048 2.399219 0.688256
v 1.144528 2.399219 0.474079
v 1.215024 2.399219 0.2416832
v 0 2.397363 1.217295
v 0.2374824 2.397363 1.193905
v 0.4658386 2.397363 1.124634
v 0.6762929 2.397363 1.012144
v 0.8607574 2.397363 0.8607574
v 1.012144 2.397363 0.6762928
v 1.124634 2.397363 0.4658386
v 1.193905 2.397363 0.2374823
v 0 2.39375 1.200625
v 0.2342303 2.39375 1.177555
v 0.4594593 2.39375 1.109233
v 0.6670315 2.39375 0.9982831
v 0.8489701 2.39375 0.8489701
v 0.9982833 2.39375 0.6670315
v 1.109233 2.39375 0.4594592
v 1.177555 2.39375 0.2342302
v 0 2.387793 1.187939
v 0.2317555 2.387793 1.165113
v 0.4546047 2.387793 1.097513
v 0.6599838 2.387793 0.9877356
v 0.84 2.387793 0.84
v 0.9877356 2.387793 0.6599838
v 1.097513 2.387793 0.4546047
v 1.165113 2.387793 0.2317554
v 0 2.378906 1.178359
v 0.2298865 2.378906 1.155717
v 0.4509386 2.378906 1.088662
v 0.6546614 2.378906 0.9797699
v 0.8332258 2.378906 0.8332258
v 0.9797701 2.378906 0.6546614
v 1.088662 2.378906 0.4509386
v 1.155717 2.378906 0.2298864
v 0 2.366504 1.171006
v 0.2284519 2.366504 1.148505
v 0.4481245 2.366504 1.081868
v 0.650576 2.366504 0.9736557
v 0.8280262 2.366504 0.8280262
v 0.9736558 2.366504 0.650576
v 1.081868 2.366504 0.4481245
v 1.148505 2.366504 0.2284518
v 0 2.35 1.165
v 0.2272802 2.35 1.142615
v 0.4458262 2.35 1.07632
v 0.6472393 2.35 0.968662
v 0.8237793 2.35 0.8237793
v 0.9686621 2.35 0.6472393
v 1.07632 2.35 0.4458262
v 1.142615 2.35 0.2272801
v -1.241776 2.399902 0.2470045
v -1.169727 2.399902 0.4845169
v -1.052727 2.399902 0.7034094
v -0.8952704 2.399902 0.8952704
v -0.7034094 2.399902 1.052727
v -0.4845168 2.399902 1.169727
v -0.2470044 2.399902 1.241776
v -1.215024 2.399219 0.2416834
v -1.144528 2.399219 0.474079
v -1.030048 2.399219 0.688256
v -0.8759838 2.399219 0.8759838
v -0.688256 2.399219 1.030048
v -0.474079 2.399219 1.144528
v -0.2416832 2.399219 1.215024
v -1.193905 2.397363 0.2374824
v -1.124634 2.397363 0.4658386
v -1.012144 2.397363 0.6762929
v -0.8607574 2.397363 0.8607574
v -0.6762928 2.397363 1.012144
v -0.4658386 2.397363 1.124634
v -0.2374823 2.397363 1.193905
v -1.177555 2.39375 0.2342303
v -1.109233 2.39375 0.4594593
v -0.9982831 2.39375 0.6670315
v -0.8489701 2.39375 0.8489701
v -0.6670315 2.39375 0.9982833
v -0.4594592 2.39375 1.109233
v -0.2342302 2.39375 1.177555
v -1.165113 2.387793 0.2317555
v -1.097513 2.387793 0.4546047
v -0.9877356 2.387793 0.6599838
v -0.84 2.387793 0.84
v -0.6599838 2.387793 0.9877356
v -0.4546047 2.387793 1.097513
v -0.2317554 2.387793 1.165113
v -1.155717 2.378906 0.2298865
v -1.088662 2.378906 0.4509386
v -0.9797699 2.378906 0.6546614
v -0.8332258 2.378906 0.8332258
v -0.6546614 2.378906 0.9797701
v -0.4509386 2.378906 1.088662
v -0.2298864 2.378906 1.155717
v -1.148505 2.366504 0.2284519
v -1.081868 2.366504 0.4481245
v -0.9736557 2.366504 0.650576
v -0.8280262 2.366504 0.8280262
v -0.650576 2.366504 0.9736558
v -0.4481245 2.366504 1.081868
v -0.2284518 2.366504 1.148505
v -1.142615 2.35 0.2272802
v -1.07632 2.35 0.4458262
v -0.968662 2.35 0.6472393
v -0.8237793 2.35 0.8237793
v -0.6472393 2.35 0.9686621
v -0.4458262 2.35 1.07632
v -0.2272801 2.35 1.142615
v -1.157803 2.335762 0
v -1.135556 2.335762 -0.2258761
v -1.06967 2.335762 -0.4430719
v -0.9626777 2.335762 -0.6432407
v -0.8186902 2.335762 -0.8186902
v -0.6432407 2.335762 -0.9626778
v -0.4430719 2.335762 -1.06967
v -0.225876 2.335762 -1.135556
v 5.060916e-8 2.335762 -1.157803
v -1.147734 2.329844 0
v -1.125681 2.329844 -0.2239119
v -1.060368 2.329844 -0.4392189
v -0.9543061 2.329844 -0.637647
v -0.8115708 2.329844 -0.8115708
v -0.637647 2.329844 -0.9543063
v -0.4392189 2.329844 -1.060368
v -0.2239117 2.329844 -1.125681
v 5.016906e-8 2.329844 -1.147734
v -1.135205 2.331192 0
v -1.113392 2.331192 -0.2214675
v -1.048793 2.331192 -0.4344242
v -0.9438885 2.331192 -0.6306862
v -0.8027112 2.331192 -0.8027112
v -0.6306861 2.331192 -0.9438886
v -0.4344242 2.331192 -1.048793
v -0.2214674 2.331192 -1.113392
v 4.962139e-8 2.331192 -1.135205
v -1.120625 2.33875 0
v -1.099092 2.33875 -0.2186231
v -1.035322 2.33875 -0.4288446
v -0.9317656 2.33875 -0.6225859
v -0.7924016 2.33875 -0.7924016
v -0.6225858 2.33875 -0.9317657
v -0.4288446 2.33875 -1.035322
v -0.218623 2.33875 -1.099092
v 4.898408e-8 2.33875 -1.120625
v -1.104404 2.351465 0
v -1.083183 2.351465 -0.2154586
v -1.020337 2.351465 -0.4226373
v -0.9182786 2.351465 -0.6135741
v -0.7809318 2.351465 -0.7809318
v -0.6135741 2.351465 -0.9182787
v -0.4226372 2.351465 -1.020337
v -0.2154585 2.351465 -1.083184
v 4.827504e-8 2.351465 -1.104404
v -1.086953 2.368281 0
v -1.066068 2.368281 -0.212054
v -1.004214 2.368281 -0.415959
v -0.9037685 2.368281 -0.6038788
v -0.7685919 2.368281 -0.7685919
v -0.6038787 2.368281 -0.9037686
v -0.4159589 2.368281 -1.004214
v -0.2120539 2.368281 -1.066068
v 4.751223e-8 2.368281 -1.086953
v -1.068682 2.388144 0
v -1.048147 2.388144 -0.2084894
v -0.9873331 2.388144 -0.4089668
v -0.8885763 2.388144 -0.5937277
v -0.755672 2.388144 -0.755672
v -0.5937276 2.388144 -0.8885764
v -0.4089668 2.388144 -0.9873331
v -0.2084894 2.388144 -1.048147
v 4.671355e-8 2.388144 -1.068682
v -1.05 2.41 0
v -1.029824 2.41 -0.2048448
v -0.9700735 2.41 -0.4018176
v -0.8730431 2.41 -0.5833488
v -0.7424621 2.41 -0.7424621
v -0.5833487 2.41 -0.8730431
v -0.4018176 2.41 -0.9700735
v -0.2048447 2.41 -1.029824
v 4.589696e-8 2.41 -1.05
v 0.2258761 2.335762 -1.135556
v 0.4430719 2.335762 -1.06967
v 0.6432407 2.335762 -0.9626777
v 0.8186902 2.335762 -0.8186902
v 0.9626778 2.335762 -0.6432407
v 1.06967 2.335762 -0.4430719
v 1.135556 2.335762 -0.225876
v 1.157803 2.335762 5.060916e-8
v 0.2239119 2.329844 -1.125681
v 0.4392189 2.329844 -1.060368
v 0.637647 2.329844 -0.9543061
v 0.8115708 2.329844 -0.8115708
v 0.9543063 2.329844 -0.637647
v 1.060368 2.329844 -0.4392189
v 1.125681 2.329844 -0.2239117
v 1.147734 2.329844 5.016906e-8
v 0.2214675 2.331192 -1.113392
v 0.4344242 2.331192 -1.048793
v 0.6306862 2.331192 -0.9438885
v 0.8027112 2.331192 -0.8027112
v 0.9438886 2.331192 -0.6306861
v 1.048793 2.331192 -0.4344242
v 1.113392 2.331192 -0.2214674
v 1.135205 2.331192 4.962139e-8
v 0.2186231 2.33875 -1.099092
v 0.4288446 2.33875 -1.035322
v 0.6225859 2.33875 -0.9317656
v 0.7924016 2.33875 -0.7924016
v 0.9317657 2.33875 -0.6225858
v 1.035322 2.33875 -0.4288446
v 1.099092 2.33875 -0.218623
v 1.120625 2.33875 4.898408e-8
v 0.2154586 2.351465 -1.083183
v 0.4226373 2.351465 -1.020337
v 0.6135741 2.351465 -0.9182786
v 0.7809318 2.351465 -0.7809318
v 0.9182787 2.351465 -0.6135741
v 1.020337 2.351465 -0.4226372
v 1.083184 2.351465 -0.2154585
v 1.104404 2.351465 4.827504e-8
v 0.212054 2.368281 -1.066068
v 0.415959 2.368281 -1.004214
v 0.6038788 2.368281 -0.9037685
v 0.7685919 2.368281 -0.7685919
v 0.9037686 2.368281 -0.6038787
v 1.004214 2.368281 -0.4159589
v 1.066068 2.368281 -0.2120539
v 1.086953 2.368281 4.751223e-8
v 0.2084894 2.388144 -1.048147
v 0.4089668 2.388144 -0.9873331
v 0.5937277 2.388144 -0.8885763
v 0.755672 2.388144 -0.755672
v 0.8885764 2.388144 -0.5937276
v 0.9873331 2.388144 -0.4089668
v 1.048147 2.388144 -0.2084894
v 1.068682 2.388144 4.671355e-8
v 0.2048448 2.41 -1.029824
v 0.4018176 2.41 -0.9700735
v 0.5833488 2.41 -0.8730431
v 0.7424621 2.41 -0.7424621
v 0.8730431 2.41 -0.5833487
v 0.9700735 2.41 -0.4018176
v 1.029824 2.41 -0.2048447
v 1.05 2.41 4.589696e-8
v 0 2.335762 1.157803
v 0.2258761 2.335762 1.135556
v 0.4430719 2.335762 1.06967
v 0.6432407 2.335762 0.9626777
v 0.8186902 2.335762 0.8186902
v 0.9626778 2.335762 0.6432407
v 1.06967 2.335762 0.4430719
v 1.135556 2.335762 0.225876
v 0 2.329844 1.147734
v 0.2239119 2.329844 1.125681
v 0.4392189 2.329844 1.060368
v 0.637647 2.329844 0.9543061
v 0.8115708 2.329844 0.8115708
v 0.9543063 2.329844 0.637647
v 1.060368 2.329844 0.4392189
v 1.125681 2.329844 0.2239117
v 0 2.331192 1.135205
v 0.2214675 2.331192 1.113392
v 0.4344242 2.331192 1.048793
v 0.6306862 2.331192 0.9438885
v 0.8027112 2.331192 0.8027112
v 0.9438886 2.331192 0.6306861
v 1.048793 2.331192 0.4344242
v 1.113392 2.331192 0.2214674
v 0 2.33875 1.120625
v 0.2186231 2.33875 1.099092
v 0.4288446 2.33875 1.035322
v 0.6225859 2.33875 0.9317656
v 0.7924016 2.33875 0.7924016
v 0.9317657 2.33875 0.6225858
v 1.035322 2.33875 0.4288446
v 1.099092 2.33875 0.218623
v 0 2.351465 1.104404
v 0.2154586 2.351465 1.083183
v 0.4226373 2.351465 1.020337
v 0.6135741 2.351465 0.9182786
v 0.7809318 2.351465 0.7809318
v 0.9182787 2.351465 0.6135741
v 1.020337 2.351465 0.4226372
v 1.083184 2.351465 0.2154585
v 0 2.368281 1.086953
v 0.212054 2.368281 1.066068
v 0.415959 2.368281 1.004214
v 0.6038788 2.368281 0.9037685
v 0.7685919 2.368281 0.7685919
v 0.9037686 2.368281 0.6038787
v 1.004214 2.368281 0.4159589
v 1.066068 2.368281 0.2120539
v 0 2.388144 1.068682
v 0.2084894 2.388144 1.048147
v 0.4089668 2.388144 0.9873331
v 0.5937277 2.388144 0.8885763
v 0.755672 2.388144 0.755672
v 0.8885764 2.388144 0.5937276
v 0.9873331 2.388144 0.4089668
v 1.048147 2.388144 0.2084894
v 0 2.41 1.05
v 0.2048448 2.41 1.029824
v 0.4018176 2.41 0.9700735
v 0.5833488 2.41 0.8730431
v 0.7424621 2.41 0.7424621
v 0.8730431 2.41 0.5833487
v 0.9700735 2.41 0.4018176
v 1.029824 2.41 0.2048447
v -1.135556 2.335762 0.2258761
v -1.06967 2.335762 0.4430719
v -0.9626777 2.335762 0.6432407
v -0.8186902 2.335762 0.8186902
v -0.6432407 2.335762 0.9626778
v -0.4430719 2.335762 1.06967
v -0.225876 2.335762 1.135556
v -1.125681 2.329844 0.2239119
v -1.060368 2.329844 0.4392189
v -0.9543061 2.329844 0.637647
v -0.8115708 2.329844 0.8115708
v -0.637647 2.329844 0.9543063
v -0.4392189 2.329844 1.060368
v -0.2239117 2.329844 1.125681
v -1.113392 2.331192 0.2214675
v -1.048793 2.331192 0.4344242
v -0.9438885 2.331192 0.6306862
v -0.8027112 2.331192 0.8027112
v -0.6306861 2.331192 0.9438886
v -0.4344242 2.331192 1.048793
v -0.2214674 2.331192 1.113392
v -1.099092 2.33875 0.2186231
v -1.035322 2.33875 0.4288446
v -0.9317656 2.33875 0.6225859
v -0.7924016 2.33875 0.7924016
v -0.6225858 2.33875 0.9317657
v -0.4288446 2.33875 1.035322
v -0.218623 2.33875 1.099092
v -1.083183 2.351465 0.2154586
v -1.020337 2.351465 0.4226373
v -0.9182786 2.351465 0.6135741
v -0.7809318 2.351465 0.7809318
v -0.6135741 2.351465 0.9182787
v -0.4226372 2.351465 1.020337
v -0.2154585 2.351465 1.083184
v -1.066068 2.368281 0.212054
v -1.004214 2.368281 0.415959
v -0.9037685 2.368281 0.6038788
v -0.7685919 2.368281 0.7685919
v -0.6038787 2.368281 0.9037686
v -0.4159589 2.368281 1.004214
v -0.2120539 2.368281 1.066068
v -1.048147 2.388144 0.2084894
v -0.9873331 2.388144 0.4089668
v -0.8885763 2.388144 0.5937277
v -0.755672 2.388144 0.755672
v -0.5937276 2.388144 0.8885764
v -0.4089668 2.388144 0.9873331
v -0.2084894 2.388144 1.048147
v -1.029824 2.41 0.2048448
v -0.9700735 2.41 0.4018176
v -0.8730431 2.41 0.5833488
v -0.7424621 2.41 0.7424621
v -0.5833487 2.41 0.8730431
v -0.4018176 2.41 0.9700735
v -0.2048447 2.41 1.029824
v -1.006934 2.433242 0
v -0.9875857 2.433242 -0.196443
v -0.9302853 2.433242 -0.3853368
v -0.8372347 2.433242 -0.5594223
v -0.7120095 2.433242 -0.7120095
v -0.5594223 2.433242 -0.8372347
v -0.3853368 2.433242 -0.9302853
v -0.1964429 2.433242 -0.9875857
v 4.401446e-8 2.433242 -1.006934
v -0.9210937 2.457188 0
v -0.9033951 2.457188 -0.1796965
v -0.8509796 2.457188 -0.3524874
v -0.7658615 2.457188 -0.5117323
v -0.6513116 2.457188 -0.6513116
v -0.5117322 2.457188 -0.7658616
v -0.3524873 2.457188 -0.8509796
v -0.1796964 2.457188 -0.9033951
v 4.026229e-8 2.457188 -0.9210937
v -0.8012695 2.480664 0
v -0.7858734 2.480664 -0.1563199
v -0.7402766 2.480664 -0.3066326
v -0.6662313 2.480664 -0.4451615
v -0.5665832 2.480664 -0.5665832
v -0.4451615 2.480664 -0.6662313
v -0.3066325 2.480664 -0.7402766
v -0.1563199 2.480664 -0.7858734
v 3.502461e-8 2.480664 -0.8012695
v -0.65625 2.5025 0
v -0.6436403 2.5025 -0.128028
v -0.6062959 2.5025 -0.251136
v -0.5456519 2.5025 -0.364593
v -0.4640388 2.5025 -0.4640388
v -0.364593 2.5025 -0.545652
v -0.251136 2.5025 -0.6062959
v -0.128028 2.5025 -0.6436403
v 2.86856e-8 2.5025 -0.65625
v -0.4948242 2.521523 0
v -0.4853162 2.521523 -0.09653542
v -0.457158 2.521523 -0.189361
v -0.4114313 2.521523 -0.2749096
v -0.3498936 2.521523 -0.3498936
v -0.2749096 2.521523 -0.4114314
v -0.189361 2.521523 -0.457158
v -0.09653537 2.521523 -0.4853163
v 2.162945e-8 2.521523 -0.4948242
v -0.3257813 2.536562 0
v -0.3195214 2.536562 -0.06355678
v -0.3009826 2.536562 -0.1246711
v -0.2708772 2.536562 -0.1809944
v -0.2303621 2.536562 -0.2303621
v -0.1809944 2.536562 -0.2708772
v -0.1246711 2.536562 -0.3009826
v -0.06355674 2.536562 -0.3195215
v 1.424035e-8 2.536562 -0.3257813
v -0.1579102 2.546445 0
v -0.1548759 2.546445 -0.03080674
v -0.14589 2.546445 -0.0604296
v -0.1312975 2.546445 -0.08773019
v -0.1116593 2.546445 -0.1116593
v -0.08773018 2.546445 -0.1312975
v -0.0604296 2.546445 -0.14589
v -0.03080673 2.546445 -0.154876
v 6.902472e-9 2.546445 -0.1579102
v 0 2.55 0
v 0 2.55 0
v 0 2.55 0
v 0 2.55 0
v 0 2.55 0
v 0 2.55 0
v 0 2.55 0
v 0 2.55 0
v 0 2.55 0
v 0.196443 2.433242 -0.9875857
v 0.3853368 2.433242 -0.9302853
v 0.5594223 2.433242 -0.8372347
v 0.7120095 2.433242 -0.7120095
v 0.8372347 2.433242 -0.5594223
v 0.9302853 2.433242 -0.3853368
v 0.9875857 2.433242 -0.1964429
v 1.006934 2.433242 4.401446e-8
v 0.1796965 2.457188 -0.9033951
v 0.3524874 2.457188 -0.8509796
v 0.5117323 2.457188 -0.7658615
v 0.6513116 2.457188 -0.6513116
v 0.7658616 2.457188 -0.5117322
v 0.8509796 2.457188 -0.3524873
v 0.9033951 2.457188 -0.1796964
v 0.9210937 2.457188 4.026229e-8
v 0.1563199 2.480664 -0.7858734
v 0.3066326 2.480664 -0.7402766
v 0.4451615 2.480664 -0.6662313
v 0.5665832 2.480664 -0.5665832
v 0.6662313 2.480664 -0.4451615
v 0.7402766 2.480664 -0.3066325
v 0.7858734 2.480664 -0.1563199
v 0.8012695 2.480664 3.502461e-8
v 0.128028 2.5025 -0.6436403
v 0.251136 2.5025 -0.6062959
v 0.364593 2.5025 -0.5456519
v 0.4640388 2.5025 -0.4640388
v 0.545652 2.5025 -0.364593
v 0.6062959 2.5025 -0.251136
v 0.6436403 2.5025 -0.128028
v 0.65625 2.5025 2.86856e-8
v 0.09653542 2.521523 -0.4853162
v 0.189361 2.521523 -0.457158
v 0.2749096 2.521523 -0.4114313
v 0.3498936 2.521523 -0.3498936
v 0.4114314 2.521523 -0.2749096
v 0.457158 2.521523 -0.189361
v 0.4853163 2.521523 -0.09653537
v 0.4948242 2.521523 2.162945e-8
v 0.06355678 2.536562 -0.3195214
v 0.1246711 2.536562 -0.3009826
v 0.1809944 2.536562 -0.2708772
v 0.2303621 2.536562 -0.2303621
v 0.2708772 2.536562 -0.1809944
v 0.3009826 2.536562 -0.1246711
v 0.3195215 2.536562 -0.06355674
v 0.3257813 2.536562 1.424035e-8
v 0.03080674 2.546445 -0.1548759
v 0.0604296 2.546445 -0.14589
v 0.08773019 2.546445 -0.1312975
v 0.1116593 2.546445 -0.1116593
v 0.1312975 2.546445 -0.08773018
v 0.14589 2.546445 -0.0604296
v 0.154876 2.546445 -0.03080673
v 0.1579102 2.546445 6.902472e-9
v 0 2.55 0
v 0 2.55 0
v 0 2.55 0
v 0 2.55 0
v 0 2.55 0
v 0 2.55 0
v 0 2.55 0
v 0 2.55 0
v 0 2.433242 1.006934
v 0.196443 2.433242 0.9875857
v 0.3853368 2.433242 0.9302853
v 0.5594223 2.433242 0.8372347
v 0.7120095 2.433242 0.7120095
v 0.8372347 2.433242 0.5594223
v 0.9302853 2.433242 0.3853368
v 0.9875857 2.433242 0.1964429
v 0 2.457188 0.9210937
v 0.1796965 2.457188 0.9033951
v 0.3524874 2.457188 0.8509796
v 0.5117323 2.457188 0.7658615
v 0.6513116 2.457188 0.6513116
v 0.7658616 2.457188 0.5117322
v 0.8509796 2.457188 0.3524873
v 0.9033951 2.457188 0.1796964
v 0 2.480664 0.8012695
v 0.1563199 2.480664 0.7858734
v 0.3066326 2.480664 0.7402766
v 0.4451615 2.480664 0.6662313
v 0.5665832 2.480664 0.5665832
v 0.6662313 2.480664 0.4451615
v 0.7402766 2.480664 0.3066325
v 0.7858734 2.480664 0.1563199
v 0 2.5025 0.65625
v 0.128028 2.5025 0.6436403
v 0.251136 2.5025 0.6062959
v 0.364593 2.5025 0.5456519
v 0.4640388 2.5025 0.4640388
v 0.545652 2.5025 0.364593
v 0.6062959 2.5025 0.251136
v 0.6436403 2.5025 0.128028
v 0 2.521523 0.4948242
v 0.09653542 2.521523 0.4853162
v 0.189361 2.521523 0.457158
v 0.2749096 2.521523 0.4114313
v 0.3498936 2.521523 0.3498936
v 0.4114314 2.521523 0.2749096
v 0.457158 2.521523 0.189361
v 0.4853163 2.521523 0.09653537
v 0 2.536562 0.3257813
v 0.06355678 2.536562 0.3195214
v 0.1246711 2.536562 0.3009826
v 0.1809944 2.536562 0.2708772
v 0.2303621 2.536562 0.2303621
v 0.2708772 2.536562 0.1809944
v 0.3009826 2.536562 0.1246711
v 0.3195215 2.536562 0.06355674
v 0 2.546445 0.1579102
v 0.03080674 2.546445 0.1548759
v 0.0604296 2.546445 0.14589
v 0.08773019 2.546445 0.1312975
v 0.1116593 2.546445 0.1116593
v 0.1312975 2.546445 0.08773018
v 0.14589 2.546445 0.0604296
v 0.154876 2.546445 0.03080673
v 0 2.55 0
v 0 2.55 0
v 0 2.55 0
v 0 2.55 0
v 0 2.55 0
v 0 2.55 0
v 0 2.55 0
v 0 2.55 0
v -0.9875857 2.433242 0.196443
v -0.9302853 2.433242 0.3853368
v -0.8372347 2.433242 0.5594223
v -0.7120095 2.433242 0.7120095
v -0.5594223 2.433242 0.8372347
v -0.3853368 2.433242 0.9302853
v -0.1964429 2.433242 0.9875857
v -0.9033951 2.457188 0.1796965
v -0.8509796 2.457188 0.3524874
v -0.7658615 2.457188 0.5117323
v -0.6513116 2.457188 0.6513116
v -0.5117322 2.457188 0.7658616
v -0.3524873 2.457188 0.8509796
v -0.1796964 2.457188 0.9033951
v -0.7858734 2.480664 0.1563199
v -0.7402766 2.480664 0.3066326
v -0.6662313 2.480664 0.4451615
v -0.5665832 2.480664 0.5665832
v -0.4451615 2.480664 0.6662313
v -0.3066325 2.480664 0.7402766
v -0.1563199 2.480664 0.7858734
v -0.6436403 2.5025 0.128028
v -0.6062959 2.5025 0.251136
v -0.5456519 2.5025 0.364593
v -0.4640388 2.5025 0.4640388
v -0.364593 2.5025 0.545652
v -0.251136 2.5025 0.6062959
v -0.128028 2.5025 0.6436403
v -0.4853162 2.521523 0.09653542
v -0.457158 2.521523 0.189361
v -0.4114313 2.521523 0.2749096
v -0.3498936 2.521523 0.3498936
v -0.2749096 2.521523 0.4114314
v -0.189361 2.521523 0.457158
v -0.09653537 2.521523 0.4853163
v -0.3195214 2.536562 0.06355678
v -0.3009826 2.536562 0.1246711
v -0.2708772 2.536562 0.1809944
v -0.2303621 2.536562 0.2303621
v -0.1809944 2.536562 0.2708772
v -0.1246711 2.536562 0.3009826
v -0.06355674 2.536562 0.3195215
v -0.1548759 2.546445 0.03080674
v -0.14589 2.546445 0.0604296
v -0.1312975 2.546445 0.08773019
v -0.1116593 2.546445 0.1116593
v -0.08773018 2.546445 0.1312975
v -0.0604296 2.546445 0.14589
v -0.03080673 2.546445 0.154876
v 0 2.55 0
v 0 2.55 0
v 0 2.55 0
v 0 2.55 0
v 0 2.55 0
v 0 2.55 0
v 0 2.55 0

vn -0.01071367 0.9999426 0
vn -0.01019155 0.9600882 -0.2795117
vn -0.008278635 0.8005021 -0.5992727
vn -0.004675744 0.4712593 -0.8819823
vn 0 0 -1
vn 0.00413638 -0.4712651 -0.8819819
vn 0.006546647 -0.8005194 -0.5992712
vn 0.007400773 -0.9601142 -0.2795103
vn 0.007518584 -0.9999717 0
vn -0.04993761 0.9987524 0
vn -0.04748018 0.9589869 -0.2794453
vn -0.0385204 0.7997881 -0.5990452
vn -0.02172234 0.4711883 -0.8817651
vn 0 0 -1
vn 0.01912253 -0.4718215 -0.8814867
vn 0.03014645 -0.8009179 -0.5980148
vn 0.03396615 -0.9598303 -0.2785173
vn 0.03446227 -0.999406 0
vn -0.1337864 0.9910102 0
vn -0.1270441 0.9508827 -0.2822799
vn -0.1026854 0.7912517 -0.602807
vn -0.05765495 0.4651982 -0.8833269
vn 0 0 -1
vn 0.05071856 -0.4683623 -0.8820797
vn 0.07993835 -0.7973832 -0.5981554
vn 0.08991554 -0.9563429 -0.2780708
vn 0.09114444 -0.9958376 0
vn -0.2873479 0.9578263 0
vn -0.2722248 0.9173781 -0.2903634
vn -0.2183381 0.7586325 -0.6138446
vn -0.1214962 0.443043 -0.8882294
vn 0 0 -1
vn 0.1077414 -0.4523862 -0.8852901
vn 0.17133 -0.7794745 -0.6025491
vn 0.1933794 -0.9403409 -0.2799344
vn 0.1961161 -0.9805806 0
vn -0.5299989 0.8479984 0
vn -0.501119 0.811033 -0.3018363
vn -0.3988762 0.6665967 -0.6297195
vn -0.2200467 0.3868125 -0.8955197
vn 0 0 -1
vn 0.1997017 -0.406633 -0.891498
vn 0.3252354 -0.7197373 -0.6133516
vn 0.3724003 -0.882882 -0.2860725
vn 0.3792233 -0.9253052 0
vn -0.8035572 0.5952276 0
vn -0.7623385 0.5715146 -0.3036625
vn -0.6116433 0.4741868 -0.6332767
vn -0.3408799 0.2786035 -0.8978758
vn 0 0 -1
vn 0.3221267 -0.3067622 -0.8956178
vn 0.5424517 -0.5630856 -0.6234426
vn 0.6383873 -0.7115333 -0.2935678
vn 0.6567807 -0.7540817 0
vn -0.9649152 0.262562 0
vn -0.9228558 0.2542876 -0.2892662
vn -0.7591879 0.2166483 -0.6137566
vn -0.4378464 0.1320167 -0.8893043
vn 0 0 -1
vn 0.4310686 -0.1523215 -0.8893695
vn 0.7364485 -0.2844785 -0.6137716
vn 0.8839948 -0.3674585 -0.2890115
vn 0.919145 -0.3939194 0
vn -1 0 0
vn -0.96 0 -0.28
vn -0.8000001 0 -0.5999999
vn -0.4705883 0 -0.8823529
vn 0 0 -1
vn 0.4705883 0 -0.8823528
vn 0.8000001 0 -0.5999999
vn 0.96 0 -0.28
vn 1 0 0
vn -0.00312114 0.9999952 0
vn -0.002718285 0.9600333 -0.2798726
vn -0.002187856 0.8001381 -0.5998118
vn -0.001667487 0.5945154 -0.8040825
vn -0.001351268 0.4707833 -0.8822478
vn 0 0 -1
vn 0.001698703 -0.4708673 -0.8822024
vn 0.003118813 -0.7832735 -0.6216695
vn 0.003194492 -0.8002579 -0.5996476
vn 0.00412337 -0.9600701 -0.279729
vn 0.00462364 -0.9999893 0
vn -0.3096445 0.9508524 0
vn -0.7947446 0.6069441 0
vn -0.9425906 0.3339504 0
vn -0.3106017 0.915314 -0.2563727
vn -0.793873 0.5904869 -0.1452272
vn -0.9399099 0.3350281 -0.0657699
vn -0.3098953 0.7816398 -0.5412986
vn -0.790567 0.5394047 -0.2899075
vn -0.9353817 0.3343782 -0.1151189
vn -0.2974514 0.6142564 -0.7308978
vn -0.7806122 0.4855593 -0.3935437
vn -0.9328841 0.3334278 -0.1362098
vn -0.3147555 0.512162 -0.7991365
vn -0.79068 0.4416179 -0.4240269
vn -0.9318237 0.3321644 -0.1461896
vn -0.3466171 0.1221232 -0.9300228
vn -0.8103946 0.285057 -0.5118624
vn -0.9319222 0.3279541 -0.1548131
vn -0.4036014 -0.2899433 -0.8677781
vn -0.8519276 0.08898228 -0.516044
vn -0.9353327 0.3241375 -0.1417305
vn -0.4642058 -0.5961101 -0.6551075
vn -0.902116 -0.08848941 -0.4223228
vn -0.9403861 0.3213992 -0.1112501
vn -0.4713085 -0.6120707 -0.6350102
vn -0.9067274 -0.0968985 -0.4104339
vn -0.9407404 0.3210442 -0.1092611
vn -0.5211955 -0.7925491 -0.3165772
vn -0.9507998 -0.2188472 -0.2192846
vn -0.9463001 0.3173056 -0.06191218
vn -0.5360821 -0.8441658 0
vn -0.9659876 -0.258588 0
vn -0.9491524 0.314817 0
vn -0.01019155 0.9600882 0.2795117
vn -0.008278635 0.8005021 0.5992727
vn -0.004675744 0.4712593 0.8819823
vn 0 0 1
vn 0.00413638 -0.4712651 0.8819819
vn 0.006546647 -0.8005194 0.5992712
vn 0.007400773 -0.9601142 0.2795103
vn -0.04748018 0.9589869 0.2794453
vn -0.0385204 0.7997881 0.5990452
vn -0.02172234 0.4711883 0.8817651
vn 0 0 1
vn 0.01912253 -0.4718215 0.8814867
vn 0.03014645 -0.8009179 0.5980148
vn 0.03396615 -0.9598303 0.2785173
vn -0.1270441 0.9508827 0.2822799
vn -0.1026854 0.7912517 0.602807
vn -0.05765495 0.4651982 0.8833269
vn 0 0 1
vn 0.05071856 -0.4683623 0.8820797
vn 0.07993835 -0.7973832 0.5981554
vn 0.08991554 -0.9563429 0.2780708
vn -0.2722248 0.9173781 0.2903634
vn -0.2183381 0.7586325 0.6138446
vn -0.1214962 0.443043 0.8882294
vn 0 0 1
vn 0.1077414 -0.4523862 0.8852901
vn 0.17133 -0.7794745 0.6025491
vn 0.1933794 -0.9403409 0.2799344
vn -0.501119 0.811033 0.3018363
vn -0.3988762 0.6665967 0.6297195
vn -0.2200467 0.3868125 0.8955197
vn 0 0 1
vn 0.1997017 -0.406633 0.891498
vn 0.3252354 -0.7197373 0.6133516
vn 0.3724003 -0.882882 0.2860725
vn -0.7623385 0.5715146 0.3036625
vn -0.6116433 0.4741868 0.6332767
vn -0.3408799 0.2786035 0.8978758
vn 0 0 1
vn 0.3221267 -0.3067622 0.8956178
vn 0.5424517 -0.5630856 0.6234426
vn 0.6383873 -0.7115333 0.2935678
vn -0.9228558 0.2542876 0.2892662
vn -0.7591879 0.2166483 0.6137566
vn -0.4378464 0.1320167 0.8893043
vn 0 0 1
vn 0.4310686 -0.1523215 0.8893695
vn 0.7364485 -0.2844785 0.6137716
vn 0.8839948 -0.3674585 0.2890115
vn -0.96 0 0.28
vn -0.8000001 0 0.5999999
vn -0.4705883 0 0.8823529
vn 0 0 1
vn 0.4705883 0 0.8823528
vn 0.8000001 0 0.5999999
vn 0.96 0 0.28
vn -0.002718285 0.9600333 0.2798726
vn -0.002187856 0.8001381 0.5998118
vn -0.001667487 0.5945154 0.8040825
vn -0.001351268 0.4707833 0.8822478
vn 0 0 1
vn 0.001698703 -0.4708673 0.8822024
vn 0.003118813 -0.7832735 0.6216695
vn 0.003194492 -0.8002579 0.5996476
vn 0.00412337 -0.9600701 0.279729
vn -0.3106017 0.915314 0.2563727
vn -0.793873 0.5904869 0.1452272
vn -0.9399099 0.3350281 0.0657699
vn -0.3098953 0.7816398 0.5412986
vn -0.790567 0.5394047 0.2899075
vn -0.9353817 0.3343782 0.1151189
vn -0.2974514 0.6142564 0.7308978
vn -0.7806122 0.4855593 0.3935437
vn -0.9328841 0.3334278 0.1362098
vn -0.3147555 0.512162 0.7991365
vn -0.79068 0.4416179 0.4240269
vn -0.9318237 0.3321644 0.1461896
vn -0.3466171 0.1221232 0.9300228
vn -0.8103946 0.285057 0.5118624
vn -0.9319222 0.3279541 0.1548131
vn -0.4036014 -0.2899433 0.8677781
vn -0.8519276 0.08898228 0.516044
vn -0.9353327 0.3241375 0.1417305
vn -0.4642058 -0.5961101 0.6551075
vn -0.902116 -0.08848941 0.4223228
vn -0.9403861 0.3213992 0.1112501
vn -0.4713085 -0.6120707 0.6350102
vn -0.9067274 -0.0968985 0.4104339
vn -0.9407404 0.3210442 0.1092611
vn -0.5211955 -0.7925491 0.3165772
vn -0.9507998 -0.2188472 0.2192846
vn -0.9463001 0.3173056 0.06191218
vn -0.9888687 -0.1487911 0
vn -0.94829 -0.1424416 -0.2836484
vn -0.787212 -0.1176797 -0.6053502
vn -0.4605231 -0.06831983 -0.8850147
vn 0 0 -1
vn 0.4609475 0.06685995 -0.8849052
vn 0.7882374 0.1128664 -0.6049322
vn 0.9495622 0.1345149 -0.2832621
vn 0.9902018 0.1396438 0
vn -0.9547581 -0.2973836 0
vn -0.9145436 -0.2833112 -0.288695
vn -0.7561826 -0.2307295 -0.6123331
vn -0.4403625 -0.1312212 -0.8881789
vn 0 0 -1
vn 0.4443723 0.1238214 -0.8872438
vn 0.7662326 0.2057999 -0.608715
vn 0.927423 0.2418107 -0.2853319
vn 0.9683917 0.2494342 0
vn -0.8996786 -0.4365529 0
vn -0.8625805 -0.4152025 -0.2890703
vn -0.7153285 -0.336757 -0.6122907
vn -0.4190845 -0.1906475 -0.8877059
vn 0 0 -1
vn 0.4293848 0.1777393 -0.8854588
vn 0.7418069 0.2920547 -0.6036776
vn 0.8975629 0.3396268 -0.2811308
vn 0.9371461 0.3489374 0
vn -0.8290722 -0.5591416 0
vn -0.7975159 -0.53282 -0.282969
vn -0.6686938 -0.4353242 -0.6027781
vn -0.3987553 -0.2495037 -0.8824636
vn 0 0 -1
vn 0.4161973 0.2339435 -0.8786639
vn 0.7137226 0.3794095 -0.5887686
vn 0.8580378 0.4366363 -0.2704069
vn 0.8944272 0.4472137 0
vn -0.7498378 -0.6616216 0
vn -0.7244393 -0.6331793 -0.2725282
vn -0.6166252 -0.5250883 -0.5865625
vn -0.3767173 -0.3083109 -0.873515
vn 0 0 -1
vn 0.3998909 0.2942315 -0.8680525
vn 0.6755946 0.4705444 -0.5675912
vn 0.8040239 0.5365853 -0.2561672
vn 0.8361329 0.5485269 0
vn -0.6682677 -0.7439209 0
vn -0.6476612 -0.7151731 -0.2627974
vn -0.5576904 -0.6022788 -0.5711757
vn -0.3473987 -0.3626594 -0.8647498
vn 0 0 -1
vn 0.3716154 0.3541394 -0.8581884
vn 0.618154 0.561997 -0.5495863
vn 0.7291628 0.6390684 -0.244772
vn 0.7568229 0.6536199 0
vn -0.5889213 -0.8081904 0
vn -0.5704572 -0.7789266 -0.2604842
vn -0.4906747 -0.6607567 -0.5680131
vn -0.3049192 -0.4019549 -0.8633983
vn 0 0 -1
vn 0.3216727 0.4001013 -0.8581641
vn 0.5325955 0.6425745 -0.5508539
vn 0.6272492 0.7388897 -0.2461715
vn 0.6507914 0.7592567 0
vn 0.5740838 0.8187966 0
vn 0.5584845 0.7873315 -0.261159
vn 0.468592 0.6720843 -0.5733447
vn 0.4062369 0.5850899 -0.7018842
vn 0.2769322 0.4079363 -0.869998
vn 0 0 -1
vn -0.1653067 -0.2565663 -0.9522853
vn -0.2617984 -0.4100656 -0.8736749
vn -0.4284405 -0.6879423 -0.5858107
vn -0.5060475 -0.8187962 -0.2710882
vn -0.506456 -0.819429 -0.2683997
vn -0.5259733 -0.8505011 0
vn -0.07604244 0.9971046 0
vn -0.7440715 0.6681 0
vn -0.9990888 0.04267823 0
vn -0.08423693 0.9357973 -0.3423266
vn -0.7480746 0.6131339 -0.2538725
vn -0.9979538 0.03323366 -0.05462266
vn -0.1276906 0.7269083 -0.6747587
vn -0.769615 0.437069 -0.4654713
vn -0.9952363 0.01202798 -0.09674737
vn -0.1512033 0.6022488 -0.7838584
vn -0.7795013 0.3444431 -0.5231985
vn -0.9942277 -3.910124e-7 -0.1072907
vn -0.2399538 0.3662429 -0.8990486
vn -0.8205439 0.1534595 -0.5505978
vn -0.9909445 -0.04992449 -0.1246456
vn -0.3869153 -0.05823109 -0.9202748
vn -0.8646921 -0.1301452 -0.4851493
vn -0.979923 -0.1474844 -0.1341607
vn -0.4467297 -0.2823305 -0.8489535
vn -0.8666602 -0.2571361 -0.4275289
vn -0.9705988 -0.2042151 -0.127414
vn -0.515967 -0.412028 -0.7510067
vn -0.880338 -0.3226779 -0.3476839
vn -0.96102 -0.2474718 -0.1232809
vn -0.6055226 -0.6316987 -0.4840446
vn -0.8804388 -0.4274262 -0.2052668
vn -0.9384209 -0.3321391 -0.09513081
vn -0.6476564 -0.7291021 -0.2212493
vn -0.8764077 -0.4725755 -0.09263786
vn -0.9229991 -0.3810882 -0.053333
vn -0.6490951 -0.7286722 -0.2184317
vn -0.8771492 -0.4714772 -0.09120622
vn -0.9228989 -0.3814077 -0.05278028
vn -0.6532535 -0.7571393 0
vn -0.8725701 -0.4884889 0
vn -0.9195795 -0.3929039 0
vn -0.94829 -0.1424416 0.2836484
vn -0.787212 -0.1176797 0.6053502
vn -0.4605231 -0.06831983 0.8850147
vn 0 0 1
vn 0.4609475 0.06685995 0.8849052
vn 0.7882374 0.1128664 0.6049322
vn 0.9495622 0.1345149 0.2832621
vn -0.9145436 -0.2833112 0.288695
vn -0.7561826 -0.2307295 0.6123331
vn -0.4403625 -0.1312212 0.8881789
vn 0 0 1
vn 0.4443723 0.1238214 0.8872438
vn 0.7662326 0.2057999 0.608715
vn 0.927423 0.2418107 0.2853319
vn -0.8625805 -0.4152025 0.2890703
vn -0.7153285 -0.336757 0.6122907
vn -0.4190845 -0.1906475 0.8877059
vn 0 0 1
vn 0.4293848 0.1777393 0.8854588
vn 0.7418069 0.2920547 0.6036776
vn 0.8975629 0.3396268 0.2811308
vn -0.7975159 -0.53282 0.282969
vn -0.6686938 -0.4353242 0.6027781
vn -0.3987553 -0.2495037 0.8824636
vn 0 0 1
vn 0.4161973 0.2339435 0.8786639
vn 0.7137226 0.3794095 0.5887686
vn 0.8580378 0.4366363 0.2704069
vn -0.7244393 -0.6331793 0.2725282
vn -0.6166252 -0.5250883 0.5865625
vn -0.3767173 -0.3083109 0.873515
vn 0 0 1
vn 0.3998909 0.2942315 0.8680525
vn 0.6755946 0.4705444 0.5675912
vn 0.8040239 0.5365853 0.2561672
vn -0.6476612 -0.7151731 0.2627974
vn -0.5576904 -0.6022788 0.5711757
vn -0.3473987 -0.3626594 0.8647498
vn 0 0 1
vn 0.3716154 0.3541394 0.8581884
vn 0.618154 0.561997 0.5495863
vn 0.7291628 0.6390684 0.244772
vn -0.5704572 -0.7789266 0.2604842
vn -0.4906747 -0.6607567 0.5680131
vn -0.3049192 -0.4019549 0.8633983
vn 0 0 1
vn 0.3216727 0.4001013 0.8581641
vn 0.5325955 0.6425745 0.5508539
vn 0.6272492 0.7388897 0.2461715
vn 0.5584845 0.7873315 0.261159
vn 0.468592 0.6720843 0.5733447
vn 0.4062369 0.5850899 0.7018842
vn 0.2769322 0.4079363 0.869998
vn 0 0 1
vn -0.1653067 -0.2565663 0.9522853
vn -0.2617984 -0.4100656 0.8736749
vn -0.4284405 -0.6879423 0.5858107
vn -0.5060475 -0.8187962 0.2710882
vn -0.506456 -0.819429 0.2683997
vn -0.08423693 0.9357973 0.3423266
vn -0.7480746 0.6131339 0.2538725
vn -0.9979538 0.03323366 0.05462266
vn -0.1276906 0.7269083 0.6747587
vn -0.769615 0.437069 0.4654713
vn -0.9952363 0.01202798 0.09674737
vn -0.1512033 0.6022488 0.7838584
vn -0.7795013 0.3444431 0.5231985
vn -0.9942277 -3.910124e-7 0.1072907
vn -0.2399538 0.3662429 0.8990486
vn -0.8205439 0.1534595 0.5505978
vn -0.9909445 -0.04992449 0.1246456
vn -0.3869153 -0.05823109 0.9202748
vn -0.8646921 -0.1301452 0.4851493
vn -0.979923 -0.1474844 0.1341607
vn -0.4467297 -0.2823305 0.8489535
vn -0.8666602 -0.2571361 0.4275289
vn -0.9705988 -0.2042151 0.127414
vn -0.515967 -0.412028 0.7510067
vn -0.880338 -0.3226779 0.3476839
vn -0.96102 -0.2474718 0.1232809
vn -0.6055226 -0.6316987 0.4840446
vn -0.8804388 -0.4274262 0.2052668
vn -0.9384209 -0.3321391 0.09513081
vn -0.6476564 -0.7291021 0.2212493
vn -0.8764077 -0.4725755 0.09263786
vn -0.9229991 -0.3810882 0.053333
vn -0.6490951 -0.7286722 0.2184317
vn -0.8771492 -0.4714772 0.09120622
vn -0.9228989 -0.3814077 0.05278028
vn 0.7071059 -0.7071076 0
vn 0.6096155 -0.6352598 0.4741455
vn 0.3980664 -0.4557581 0.796133
vn 0.1902743 -0.2422551 0.9513717
vn 0 0 1
vn -0.1880493 0.2838542 0.9402469
vn -0.3642038 0.5803254 0.7284078
vn -0.4812074 0.7926913 0.3742725
vn -0.5144954 0.8574931 0
vn 0.8160238 -0.5780183 0
vn 0.6738165 -0.472503 0.5680777
vn 0.404401 -0.2525411 0.8790239
vn 0.1782978 -0.0337192 0.9833986
vn -0.006248191 0.1855615 0.9826127
vn -0.1744907 0.4218313 0.8897254
vn -0.3272086 0.6589959 0.6772436
vn -0.4327617 0.8309984 0.3495128
vn -0.4653974 0.8851019 0
vn 0.9701423 -0.2425365 0
vn 0.7404295 -0.110803 0.6629381
vn 0.3891297 0.1097721 0.9146191
vn 0.1486509 0.2947951 0.9439273
vn -0.0220078 0.457972 0.8886942
vn -0.1624434 0.6172858 0.7697858
vn -0.2836559 0.7696253 0.5720281
vn -0.3696024 0.881073 0.2951345
vn -0.3983872 0.9172173 0
vn 0.7525764 0.658505 0
vn 0.5367748 0.6681773 0.5151815
vn 0.2495452 0.7062411 0.6625334
vn 0.07262386 0.7602237 0.6455894
vn -0.04129995 0.8127971 0.5810811
vn -0.1281456 0.8626773 0.4892509
vn -0.201835 0.9104165 0.3611155
vn -0.2574221 0.9476548 0.188903
vn -0.2781482 0.9605381 0
vn 0 1 0
vn -0.01557944 0.999506 0.02729238
vn -0.03980585 0.9990896 0.01534315
vn -0.05124336 0.9983342 -0.0265124
vn -0.04643553 0.9957836 -0.07911264
vn -0.02327084 0.9912685 -0.1297895
vn 0.02455771 0.9868719 -0.1596268
vn 0.09678859 0.9873447 -0.1256277
vn 0.1414206 0.9899496 0
vn -0.3285203 0.9444969 0
vn -0.2945065 0.9303907 -0.2182635
vn -0.217688 0.8912008 -0.397961
vn -0.1304218 0.8357256 -0.5334351
vn -0.02890639 0.7548939 -0.6552095
vn 0.1200521 0.6160199 -0.7785288
vn 0.3830654 0.340343 -0.858736
vn 0.7594501 -0.1375549 -0.635857
vn 0.9134377 -0.4069786 0
vn -0.4961386 0.8682433 0
vn -0.4392748 0.8343489 -0.3330159
vn -0.3097298 0.7415105 -0.595172
vn -0.1668003 0.6145586 -0.7710352
vn -0.01196395 0.4373481 -0.8992128
vn 0.1844375 0.15707 -0.9702122
vn 0.4279828 -0.2606813 -0.8653762
vn 0.6061057 -0.6411912 -0.4706481
vn 0.6472303 -0.7622945 0
vn -0.612173 0.7907239 0
vn -0.5396705 0.7420318 -0.3976741
vn -0.3717573 0.6077949 -0.7016992
vn -0.1891657 0.4267575 -0.884361
vn -0.002757845 0.1892986 -0.9819157
vn 0.2026103 -0.1351613 -0.9698868
vn 0.4017918 -0.5069349 -0.7626143
vn 0.518592 -0.7651576 -0.3815708
vn 0.5452152 -0.8382961 0
vn -0.7071068 0.7071068 0
vn -0.6229557 0.6494383 -0.436069
vn -0.4239662 0.4877206 -0.7631391
vn -0.2088671 0.2701099 -0.9399018
vn 0 0 -1
vn 0.205159 -0.3249355 -0.9232154
vn 0.374791 -0.6359361 -0.6746236
vn 0.4646933 -0.8235592 -0.3252853
vn 0.4856427 -0.8741574 0
vn 0.6096155 -0.6352598 -0.4741455
vn 0.3980664 -0.4557581 -0.796133
vn 0.1902743 -0.2422551 -0.9513717
vn 0 0 -1
vn -0.1880493 0.2838542 -0.9402469
vn -0.3642038 0.5803254 -0.7284078
vn -0.4812074 0.7926913 -0.3742725
vn 0.6738165 -0.472503 -0.5680777
vn 0.404401 -0.2525411 -0.8790239
vn 0.1782978 -0.0337192 -0.9833986
vn -0.006248191 0.1855615 -0.9826127
vn -0.1744907 0.4218313 -0.8897254
vn -0.3272086 0.6589959 -0.6772436
vn -0.4327617 0.8309984 -0.3495128
vn 0.7404295 -0.110803 -0.6629381
vn 0.3891297 0.1097721 -0.9146191
vn 0.1486509 0.2947951 -0.9439273
vn -0.0220078 0.457972 -0.8886942
vn -0.1624434 0.6172858 -0.7697858
vn -0.2836559 0.7696253 -0.5720281
vn -0.3696024 0.881073 -0.2951345
vn 0.5367748 0.6681773 -0.5151815
vn 0.2495452 0.7062411 -0.6625334
vn 0.07262386 0.7602237 -0.6455894
vn -0.04129995 0.8127971 -0.5810811
vn -0.1281456 0.8626773 -0.4892509
vn -0.201835 0.9104165 -0.3611155
vn -0.2574221 0.9476548 -0.188903
vn -0.01557944 0.999506 -0.02729238
vn -0.03980585 0.9990896 -0.01534315
vn -0.05124336 0.9983342 0.0265124
vn -0.04643553 0.9957836 0.07911264
vn -0.02327084 0.9912685 0.1297895
vn 0.02455771 0.9868719 0.1596268
vn 0.09678859 0.9873447 0.1256277
vn -0.2945065 0.9303907 0.2182635
vn -0.217688 0.8912008 0.397961
vn -0.1304218 0.8357256 0.5334351
vn -0.02890639 0.7548939 0.6552095
vn 0.1200521 0.6160199 0.7785288
vn 0.3830654 0.340343 0.858736
vn 0.7594501 -0.1375549 0.635857
vn -0.4392748 0.8343489 0.3330159
vn -0.3097298 0.7415105 0.595172
vn -0.1668003 0.6145586 0.7710352
vn -0.01196395 0.4373481 0.8992128
vn 0.1844375 0.15707 0.9702122
vn 0.4279828 -0.2606813 0.8653762
vn 0.6061057 -0.6411912 0.4706481
vn -0.5396705 0.7420318 0.3976741
vn -0.3717573 0.6077949 0.7016992
vn -0.1891657 0.4267575 0.884361
vn -0.002757845 0.1892986 0.9819157
vn 0.2026103 -0.1351613 0.9698868
vn 0.4017918 -0.5069349 0.7626143
vn 0.518592 -0.7651576 0.3815708
vn -0.6229557 0.6494383 0.436069
vn -0.4239662 0.4877206 0.7631391
vn -0.2088671 0.2701099 0.9399018
vn 0 0 1
vn 0.205159 -0.3249355 0.9232154
vn 0.374791 -0.6359361 0.6746236
vn 0.4646933 -0.8235592 0.3252853
vn -0.8921995 0.4516414 0
vn -0.7941293 0.4384002 -0.4209087
vn -0.5423229 0.3738208 -0.7524254
vn -0.2580363 0.258406 -0.9309369
vn 0.01393879 0.09876878 -0.9950128
vn 0.2858787 -0.1085521 -0.9520975
vn 0.5512196 -0.3468299 -0.7588584
vn 0.74075 -0.5385165 -0.4016087
vn 0.7975602 -0.6032393 0
vn -0.9578263 0.2873479 0
vn -0.8873999 0.3008113 -0.3493337
vn -0.6525308 0.3035117 -0.6943228
vn -0.304368 0.2486491 -0.9195291
vn 0.06315721 0.1343527 -0.9889189
vn 0.4086946 -0.0198247 -0.9124558
vn 0.7020437 -0.1831903 -0.6881685
vn 0.8860621 -0.3045634 -0.3494783
vn 0.9384544 -0.3454033 0
vn -0.9710617 0.2388287 0
vn -0.9222167 0.2559929 -0.2898002
vn -0.7219864 0.2801249 -0.6326655
vn -0.3282349 0.2512949 -0.9105563
vn 0.14286 0.1471405 -0.9787444
vn 0.5388762 0.009819341 -0.8423278
vn 0.8050035 -0.1132266 -0.5823649
vn 0.9408114 -0.1923005 -0.2790957
vn 0.9760051 -0.217748 0
vn -0.9529258 0.3032037 0
vn -0.9096153 0.3150263 -0.2708475
vn -0.7207113 0.3261193 -0.6117364
vn -0.3044163 0.2738267 -0.912332
vn 0.2156225 0.1361827 -0.9669339
vn 0.612738 -0.01665698 -0.7901105
vn 0.8433769 -0.1324342 -0.5207462
vn 0.9493387 -0.1990533 -0.2431743
vn 0.9756098 -0.2195122 0
vn -0.8729435 0.4878214 0
vn -0.822399 0.4846418 -0.2979636
vn -0.6199588 0.4423856 -0.6480325
vn -0.2272316 0.3067166 -0.9242785
vn 0.2287326 0.09826519 -0.9685171
vn 0.5860254 -0.1000018 -0.8040982
vn 0.8064895 -0.2430075 -0.5390008
vn 0.9119324 -0.3223358 -0.2539272
vn 0.9383699 -0.3456329 0
vn -0.6545009 0.7560613 0
vn -0.6000142 0.7169055 -0.3550064
vn -0.4156121 0.5705966 -0.7082981
vn -0.1327231 0.3265326 -0.9358211
vn 0.1701451 0.04889227 -0.9842053
vn 0.4427625 -0.2122425 -0.8711569
vn 0.6541883 -0.4228936 -0.6270556
vn 0.7757792 -0.5503477 -0.3086806
vn 0.8090093 -0.5877959 0
vn -0.3070028 0.9517086 0
vn -0.2793816 0.8715191 -0.4029894
vn -0.1901437 0.6330023 -0.7504356
vn -0.06277325 0.3235945 -0.9441113
vn 0.07964151 0.01221063 -0.9967487
vn 0.2323707 -0.2918388 -0.9278114
vn 0.3846745 -0.5768524 -0.7206016
vn 0.4970112 -0.7811508 -0.3778668
vn 0.5329261 -0.8461618 0
vn -0.2725559 0.96214 0
vn -0.2333781 0.881146 -0.4112376
vn -0.2239732 0.8496556 -0.477411
vn -0.1674832 0.6629637 -0.729677
vn -0.1569241 0.6326008 -0.7584136
vn -0.07813402 0.3952017 -0.9152654
vn -0.05334931 0.3186083 -0.946384
vn 0.05355622 0.01850529 -0.9983933
vn 0.05681827 0.008711373 -0.9983466
vn 0.1784014 -0.296659 -0.9381718
vn 0.1977127 -0.3369913 -0.9205143
vn 0.3024717 -0.5955889 -0.7441672
vn 0.3078056 -0.6058889 -0.73359
vn 0.3551588 -0.723289 -0.5922123
vn 0.3837185 -0.8309814 -0.4027778
vn 0.4191107 -0.9079351 0
vn 0.1741922 0.9847117 3.206307e-8
vn 0.7675601 0.6409769 2.898511e-8
vn 0.9715473 0.2368457 4.247075e-8
vn 0.1979652 0.8867425 -0.4177289
vn 0.775039 0.569361 -0.2741218
vn 0.9663681 0.2293552 -0.1163132
vn 0.1968979 0.8540269 -0.4815281
vn 0.7725577 0.5519432 -0.3138683
vn 0.9654189 0.2254972 -0.1308334
vn 0.238025 0.6597247 -0.7128165
vn 0.7879447 0.4279516 -0.4427196
vn 0.960341 0.2031147 -0.1910226
vn 0.249301 0.6285266 -0.7367519
vn 0.7928305 0.4074141 -0.4532478
vn 0.9592639 0.2002483 -0.1992821
vn 0.2985815 0.3999258 -0.8665497
vn 0.8097283 0.2787152 -0.5163895
vn 0.9568104 0.1680734 -0.2372027
vn 0.3235602 0.3272071 -0.8878313
vn 0.8203378 0.2357119 -0.5210429
vn 0.9560665 0.1553202 -0.2486215
vn 0.3906863 0.05079853 -0.9191211
vn 0.84491 0.08283783 -0.5284553
vn 0.9600308 0.09398863 -0.2636417
vn 0.3935158 0.04178401 -0.9183678
vn 0.8460523 0.07749433 -0.5274374
vn 0.9601307 0.09135709 -0.2642024
vn 0.4508024 -0.2402425 -0.8596864
vn 0.864098 -0.08854692 -0.4954737
vn 0.9688834 0.008872452 -0.2473584
vn 0.4519821 -0.2786964 -0.8473727
vn 0.8626034 -0.1120458 -0.4933164
vn 0.970572 -1.068823e-7 -0.2408112
vn 0.4670844 -0.5435089 -0.6974456
vn 0.8484339 -0.326598 -0.4165259
vn 0.969592 -0.1464035 -0.1961057
vn 0.4651267 -0.5548939 -0.6897463
vn 0.8459805 -0.3360158 -0.4140174
vn 0.9696124 -0.1505119 -0.1928679
vn 0.43153 -0.6891475 -0.5821147
vn 0.8081046 -0.4563544 -0.3724345
vn 0.9665459 -0.2039503 -0.1555415
vn 0.4092343 -0.8152126 -0.409824
vn 0.7731946 -0.5723553 -0.2730925
vn 0.9553881 -0.2727811 -0.1132436
vn 0.3705267 -0.9288218 0
vn 0.7236499 -0.6901672 0
vn 0.949405 -0.3140543 0
vn -0.7941293 0.4384002 0.4209087
vn -0.5423229 0.3738208 0.7524254
vn -0.2580363 0.258406 0.9309369
vn 0.01393879 0.09876878 0.9950128
vn 0.2858787 -0.1085521 0.9520975
vn 0.5512196 -0.3468299 0.7588584
vn 0.74075 -0.5385165 0.4016087
vn -0.8873999 0.3008113 0.3493337
vn -0.6525308 0.3035117 0.6943228
vn -0.304368 0.2486491 0.9195291
vn 0.06315721 0.1343527 0.9889189
vn 0.4086946 -0.0198247 0.9124558
vn 0.7020437 -0.1831903 0.6881685
vn 0.8860621 -0.3045634 0.3494783
vn -0.9222167 0.2559929 0.2898002
vn -0.7219864 0.2801249 0.6326655
vn -0.3282349 0.2512949 0.9105563
vn 0.14286 0.1471405 0.9787444
vn 0.5388762 0.009819341 0.8423278
vn 0.8050035 -0.1132266 0.5823649
vn 0.9408114 -0.1923005 0.2790957
vn -0.9096153 0.3150263 0.2708475
vn -0.7207113 0.3261193 0.6117364
vn -0.3044163 0.2738267 0.912332
vn 0.2156225 0.1361827 0.9669339
vn 0.612738 -0.01665698 0.7901105
vn 0.8433769 -0.1324342 0.5207462
vn 0.9493387 -0.1990533 0.2431743
vn -0.822399 0.4846418 0.2979636
vn -0.6199588 0.4423856 0.6480325
vn -0.2272316 0.3067166 0.9242785
vn 0.2287326 0.09826519 0.9685171
vn 0.5860254 -0.1000018 0.8040982
vn 0.8064895 -0.2430075 0.5390008
vn 0.9119324 -0.3223358 0.2539272
vn -0.6000142 0.7169055 0.3550064
vn -0.4156121 0.5705966 0.7082981
vn -0.1327231 0.3265326 0.9358211
vn 0.1701451 0.04889227 0.9842053
vn 0.4427625 -0.2122425 0.8711569
vn 0.6541883 -0.4228936 0.6270556
vn 0.7757792 -0.5503477 0.3086806
vn -0.2793816 0.8715191 0.4029894
vn -0.1901437 0.6330023 0.7504356
vn -0.06277325 0.3235945 0.9441113
vn 0.07964151 0.01221063 0.9967487
vn 0.2323707 -0.2918388 0.9278114
vn 0.3846745 -0.5768524 0.7206016
vn 0.4970112 -0.7811508 0.3778668
vn -0.2333781 0.881146 0.4112376
vn -0.2239732 0.8496556 0.477411
vn -0.1674832 0.6629637 0.729677
vn -0.1569241 0.6326008 0.7584136
vn -0.07813402 0.3952017 0.9152654
vn -0.05334931 0.3186083 0.946384
vn 0.05355622 0.01850529 0.9983933
vn 0.05681827 0.008711373 0.9983466
vn 0.1784014 -0.296659 0.9381718
vn 0.1977127 -0.3369913 0.9205143
vn 0.3024717 -0.5955889 0.7441672
vn 0.3078056 -0.6058889 0.73359
vn 0.3551588 -0.723289 0.5922123
vn 0.3837185 -0.8309814 0.4027778
vn 0.1979652 0.8867425 0.4177289
vn 0.775039 0.569361 0.2741218
vn 0.9663681 0.2293552 0.1163132
vn 0.1968979 0.8540269 0.4815281
vn 0.7725577 0.5519432 0.3138683
vn 0.9654189 0.2254972 0.1308334
vn 0.238025 0.6597247 0.7128165
vn 0.7879447 0.4279516 0.4427196
vn 0.960341 0.2031147 0.1910226
vn 0.249301 0.6285266 0.7367519
vn 0.7928305 0.4074141 0.4532478
vn 0.9592639 0.2002483 0.1992821
vn 0.2985815 0.3999258 0.8665497
vn 0.8097283 0.2787152 0.5163895
vn 0.9568104 0.1680734 0.2372027
vn 0.3235602 0.3272071 0.8878313
vn 0.8203378 0.2357119 0.5210429
vn 0.9560665 0.1553202 0.2486215
vn 0.3906863 0.05079853 0.9191211
vn 0.84491 0.08283783 0.5284553
vn 0.9600308 0.09398863 0.2636417
vn 0.3935158 0.04178401 0.9183678
vn 0.8460523 0.07749433 0.5274374
vn 0.9601307 0.09135709 0.2642024
vn 0.4508024 -0.2402425 0.8596864
vn 0.864098 -0.08854692 0.4954737
vn 0.9688834 0.008872452 0.2473584
vn 0.4519821 -0.2786964 0.8473727
vn 0.8626034 -0.1120458 0.4933164
vn 0.970572 -1.068823e-7 0.2408112
vn 0.4670844 -0.5435089 0.6974456
vn 0.8484339 -0.326598 0.4165259
vn 0.969592 -0.1464035 0.1961057
vn 0.4651267 -0.5548939 0.6897463
vn 0.8459805 -0.3360158 0.4140174
vn 0.9696124 -0.1505119 0.1928679
vn 0.43153 -0.6891475 0.5821147
vn 0.8081046 -0.4563544 0.3724345
vn 0.9665459 -0.2039503 0.1555415
vn 0.4092343 -0.8152126 0.409824
vn 0.7731946 -0.5723553 0.2730925
vn 0.9553881 -0.2727811 0.1132436
vn 0 1 0
vn 0 1 0
vn 0 1 0
vn 0 1 0
vn 0 1 0
vn 0 1 0
vn 0 1 0
vn 0 1 0
vn 0 1 0
vn -0.2014568 0.9794974 0
vn -0.1975859 0.9794974 -0.03930227
vn -0.1861219 0.9794974 -0.0770942
vn -0.1675052 0.9794974 -0.1119234
vn -0.1424515 0.9794974 -0.1424515
vn -0.1119234 0.9794974 -0.1675052
vn -0.0770942 0.9794974 -0.1861219
vn -0.03930226 0.9794974 -0.1975859
vn 8.805959e-9 0.9794974 -0.2014568
vn -0.7071067 0.7071069 0
vn -0.6935197 0.7071069 -0.1379497
vn -0.6532813 0.707107 -0.270598
vn -0.5879377 0.7071069 -0.3928474
vn -0.4999999 0.7071069 -0.4999999
vn -0.3928473 0.7071069 -0.5879377
vn -0.270598 0.7071069 -0.6532813
vn -0.1379496 0.7071069 -0.6935198
vn 3.090862e-8 0.7071069 -0.7071067
vn -0.9875298 -0.1574323 0
vn -0.9685547 -0.1574322 -0.1926575
vn -0.9123586 -0.1574322 -0.3779113
vn -0.821101 -0.1574324 -0.5486421
vn -0.698289 -0.1574322 -0.698289
vn -0.5486421 -0.1574325 -0.821101
vn -0.3779113 -0.1574322 -0.9123586
vn -0.1926574 -0.1574323 -0.9685547
vn 4.31663e-8 -0.1574323 -0.9875298
vn -0.8574929 -0.5144958 0
vn -0.8410164 -0.5144958 -0.1672886
vn -0.7922201 -0.5144958 -0.3281483
vn -0.7129793 -0.5144958 -0.4763975
vn -0.606339 -0.5144958 -0.606339
vn -0.4763975 -0.5144959 -0.7129793
vn -0.3281483 -0.5144958 -0.7922201
vn -0.1672885 -0.5144958 -0.8410164
vn 3.74822e-8 -0.5144958 -0.8574929
vn -0.8214957 -0.5702147 0
vn -0.8057109 -0.5702147 -0.1602659
vn -0.7589631 -0.5702147 -0.3143728
vn -0.6830487 -0.5702147 -0.4563985
vn -0.5808852 -0.5702147 -0.5808852
vn -0.4563985 -0.5702147 -0.6830487
vn -0.3143728 -0.5702147 -0.7589631
vn -0.1602658 -0.5702146 -0.8057109
vn 3.590872e-8 -0.5702147 -0.8214957
vn -0.8858315 -0.464007 0
vn -0.8688105 -0.464007 -0.1728171
vn -0.8184016 -0.464007 -0.338993
vn -0.7365419 -0.464007 -0.4921416
vn -0.6263775 -0.464007 -0.6263775
vn -0.4921416 -0.464007 -0.736542
vn -0.338993 -0.464007 -0.8184016
vn -0.1728171 -0.464007 -0.8688106
vn 3.872093e-8 -0.464007 -0.8858315
vn -0.9992419 -0.03893144 0
vn -0.9800417 -0.03893146 -0.1949424
vn -0.9231791 -0.0389315 -0.3823934
vn -0.8308393 -0.03893152 -0.5551491
vn -0.7065707 -0.03893152 -0.7065707
vn -0.5551491 -0.03893154 -0.8308393
vn -0.3823934 -0.0389315 -0.9231791
vn -0.1949423 -0.0389315 -0.9800417
vn 4.367825e-8 -0.03893144 -0.9992419
vn -0.7071069 0.7071068 0
vn -0.69352 0.7071067 -0.1379497
vn -0.6532816 0.7071068 -0.2705981
vn -0.5879378 0.7071066 -0.3928475
vn -0.5000001 0.7071066 -0.5000001
vn -0.3928474 0.7071067 -0.5879378
vn -0.2705981 0.7071068 -0.6532816
vn -0.1379496 0.7071067 -0.6935201
vn 3.090863e-8 0.7071068 -0.7071069
vn 0 1 0
vn 0 1 0
vn 0 1 0
vn 0 1 0
vn 0 1 0
vn 0 1 0
vn 0 1 0
vn 0 1 0
vn 0.03930227 0.9794974 -0.1975859
vn 0.0770942 0.9794974 -0.1861219
vn 0.1119234 0.9794974 -0.1675052
vn 0.1424515 0.9794974 -0.1424515
vn 0.1675052 0.9794974 -0.1119234
vn 0.1861219 0.9794974 -0.0770942
vn 0.1975859 0.9794974 -0.03930226
vn 0.2014568 0.9794974 8.805959e-9
vn 0.1379497 0.7071069 -0.6935197
vn 0.270598 0.707107 -0.6532813
vn 0.3928474 0.7071069 -0.5879377
vn 0.4999999 0.7071069 -0.4999999
vn 0.5879377 0.7071069 -0.3928473
vn 0.6532813 0.7071069 -0.270598
vn 0.6935198 0.7071069 -0.1379496
vn 0.7071067 0.7071069 3.090862e-8
vn 0.1926575 -0.1574322 -0.9685547
vn 0.3779113 -0.1574322 -0.9123586
vn 0.5486421 -0.1574324 -0.821101
vn 0.698289 -0.1574322 -0.698289
vn 0.821101 -0.1574325 -0.5486421
vn 0.9123586 -0.1574322 -0.3779113
vn 0.9685547 -0.1574323 -0.1926574
vn 0.9875298 -0.1574323 4.31663e-8
vn 0.1672886 -0.5144958 -0.8410164
vn 0.3281483 -0.5144958 -0.7922201
vn 0.4763975 -0.5144958 -0.7129793
vn 0.606339 -0.5144958 -0.606339
vn 0.7129793 -0.5144959 -0.4763975
vn 0.7922201 -0.5144958 -0.3281483
vn 0.8410164 -0.5144958 -0.1672885
vn 0.8574929 -0.5144958 3.74822e-8
vn 0.1602659 -0.5702147 -0.8057109
vn 0.3143728 -0.5702147 -0.7589631
vn 0.4563985 -0.5702147 -0.6830487
vn 0.5808852 -0.5702147 -0.5808852
vn 0.6830487 -0.5702147 -0.4563985
vn 0.7589631 -0.5702147 -0.3143728
vn 0.8057109 -0.5702146 -0.1602658
vn 0.8214957 -0.5702147 3.590872e-8
vn 0.1728171 -0.464007 -0.8688105
vn 0.338993 -0.464007 -0.8184016
vn 0.4921416 -0.464007 -0.7365419
vn 0.6263775 -0.464007 -0.6263775
vn 0.736542 -0.464007 -0.4921416
vn 0.8184016 -0.464007 -0.338993
vn 0.8688106 -0.464007 -0.1728171
vn 0.8858315 -0.464007 3.872093e-8
vn 0.1949424 -0.03893146 -0.9800417
vn 0.3823934 -0.0389315 -0.9231791
vn 0.5551491 -0.03893152 -0.8308393
vn 0.7065707 -0.03893152 -0.7065707
vn 0.8308393 -0.03893154 -0.5551491
vn 0.9231791 -0.0389315 -0.3823934
vn 0.9800417 -0.0389315 -0.1949423
vn 0.9992419 -0.03893144 4.367825e-8
vn 0.1379497 0.7071067 -0.69352
vn 0.2705981 0.7071068 -0.6532816
vn 0.3928475 0.7071066 -0.5879378
vn 0.5000001 0.7071066 -0.5000001
vn 0.5879378 0.7071067 -0.3928474
vn 0.6532816 0.7071068 -0.2705981
vn 0.6935201 0.7071067 -0.1379496
vn 0.7071069 0.7071068 3.090863e-8
vn 0 1 0
vn 0 1 0
vn 0 1 0
vn 0 1 0
vn 0 1 0
vn 0 1 0
vn 0 1 0
vn 0 1 0
vn 0 0.9794974 0.2014568
vn 0.03930227 0.9794974 0.1975859
vn 0.0770942 0.9794974 0.1861219
vn 0.1119234 0.9794974 0.1675052
vn 0.1424515 0.9794974 0.1424515
vn 0.1675052 0.9794974 0.1119234
vn 0.1861219 0.9794974 0.0770942
vn 0.1975859 0.9794974 0.03930226
vn 0 0.7071069 0.7071067
vn 0.1379497 0.7071069 0.6935197
vn 0.270598 0.707107 0.6532813
vn 0.3928474 0.7071069 0.5879377
vn 0.4999999 0.7071069 0.4999999
vn 0.5879377 0.7071069 0.3928473
vn 0.6532813 0.7071069 0.270598
vn 0.6935198 0.7071069 0.1379496
vn 0 -0.1574323 0.9875298
vn 0.1926575 -0.1574322 0.9685547
vn 0.3779113 -0.1574322 0.9123586
vn 0.5486421 -0.1574324 0.821101
vn 0.698289 -0.1574322 0.698289
vn 0.821101 -0.1574325 0.5486421
vn 0.9123586 -0.1574322 0.3779113
vn 0.9685547 -0.1574323 0.1926574
vn 0 -0.5144958 0.8574929
vn 0.1672886 -0.5144958 0.8410164
vn 0.3281483 -0.5144958 0.7922201
vn 0.4763975 -0.5144958 0.7129793
vn 0.606339 -0.5144958 0.606339
vn 0.7129793 -0.5144959 0.4763975
vn 0.7922201 -0.5144958 0.3281483
vn 0.8410164 -0.5144958 0.1672885
vn 0 -0.5702147 0.8214957
vn 0.1602659 -0.5702147 0.8057109
vn 0.3143728 -0.5702147 0.7589631
vn 0.4563985 -0.5702147 0.6830487
vn 0.5808852 -0.5702147 0.5808852
vn 0.6830487 -0.5702147 0.4563985
vn 0.7589631 -0.5702147 0.3143728
vn 0.8057109 -0.5702146 0.1602658
vn 0 -0.464007 0.8858315
vn 0.1728171 -0.464007 0.8688105
vn 0.338993 -0.464007 0.8184016
vn 0.4921416 -0.464007 0.7365419
vn 0.6263775 -0.464007 0.6263775
vn 0.736542 -0.464007 0.4921416
vn 0.8184016 -0.464007 0.338993
vn 0.8688106 -0.464007 0.1728171
vn 0 -0.03893144 0.9992419
vn 0.1949424 -0.03893146 0.9800417
vn 0.3823934 -0.0389315 0.9231791
vn 0.5551491 -0.03893152 0.8308393
vn 0.7065707 -0.03893152 0.7065707
vn 0.8308393 -0.03893154 0.5551491
vn 0.9231791 -0.0389315 0.3823934
vn 0.9800417 -0.0389315 0.1949423
vn 0 0.7071068 0.7071069
vn 0.1379497 0.7071067 0.69352
vn 0.2705981 0.7071068 0.6532816
vn 0.3928475 0.7071066 0.5879378
vn 0.5000001 0.7071066 0.5000001
vn 0.5879378 0.7071067 0.3928474
vn 0.6532816 0.7071068 0.2705981
vn 0.6935201 0.7071067 0.1379496
vn 0 1 0
vn 0 1 0
vn 0 1 0
vn 0 1 0
vn 0 1 0
vn 0 1 0
vn 0 1 0
vn -0.1975859 0.9794974 0.03930227
vn -0.1861219 0.9794974 0.0770942
vn -0.1675052 0.9794974 0.1119234
vn -0.1424515 0.9794974 0.1424515
vn -0.1119234 0.9794974 0.1675052
vn -0.0770942 0.9794974 0.1861219
vn -0.03930226 0.9794974 0.1975859
vn -0.6935197 0.7071069 0.1379497
vn -0.6532813 0.707107 0.270598
vn -0.5879377 0.7071069 0.3928474
vn -0.4999999 0.7071069 0.4999999
vn -0.3928473 0.7071069 0.5879377
vn -0.270598 0.7071069 0.6532813
vn -0.1379496 0.7071069 0.6935198
vn -0.9685547 -0.1574322 0.1926575
vn -0.9123586 -0.1574322 0.3779113
vn -0.821101 -0.1574324 0.5486421
vn -0.698289 -0.1574322 0.698289
vn -0.5486421 -0.1574325 0.821101
vn -0.3779113 -0.1574322 0.9123586
vn -0.1926574 -0.1574323 0.9685547
vn -0.8410164 -0.5144958 0.1672886
vn -0.7922201 -0.5144958 0.3281483
vn -0.7129793 -0.5144958 0.4763975
vn -0.606339 -0.5144958 0.606339
vn -0.4763975 -0.5144959 0.7129793
vn -0.3281483 -0.5144958 0.7922201
vn -0.1672885 -0.5144958 0.8410164
vn -0.8057109 -0.5702147 0.1602659
vn -0.7589631 -0.5702147 0.3143728
vn -0.6830487 -0.5702147 0.4563985
vn -0.5808852 -0.5702147 0.5808852
vn -0.4563985 -0.5702147 0.6830487
vn -0.3143728 -0.5702147 0.7589631
vn -0.1602658 -0.5702146 0.8057109
vn -0.8688105 -0.464007 0.1728171
vn -0.8184016 -0.464007 0.338993
vn -0.7365419 -0.464007 0.4921416
vn -0.6263775 -0.464007 0.6263775
vn -0.4921416 -0.464007 0.736542
vn -0.338993 -0.464007 0.8184016
vn -0.1728171 -0.464007 0.8688106
vn -0.9800417 -0.03893146 0.1949424
vn -0.9231791 -0.0389315 0.3823934
vn -0.8308393 -0.03893152 0.5551491
vn -0.7065707 -0.03893152 0.7065707
vn -0.5551491 -0.03893154 0.8308393
vn -0.3823934 -0.0389315 0.9231791
vn -0.1949423 -0.0389315 0.9800417
vn -0.69352 0.7071067 0.1379497
vn -0.6532816 0.7071068 0.2705981
vn -0.5879378 0.7071066 0.3928475
vn -0.5000001 0.7071066 0.5000001
vn -0.3928474 0.7071067 0.5879378
vn -0.2705981 0.7071068 0.6532816
vn -0.1379496 0.7071067 0.6935201
vn -0.4076505 0.913138 0
vn -0.3998176 0.913138 -0.07952866
vn -0.37662 0.913138 -0.1560011
vn -0.3389491 0.9131381 -0.2264785
vn -0.2882525 0.9131381 -0.2882525
vn -0.2264784 0.913138 -0.338949
vn -0.1560011 0.913138 -0.37662
vn -0.07952863 0.913138 -0.3998177
vn 1.781897e-8 0.913138 -0.4076505
vn -0.2676437 0.963518 0
vn -0.262501 0.963518 -0.05221469
vn -0.2472705 0.963518 -0.1024228
vn -0.2225376 0.963518 -0.1486949
vn -0.1892527 0.963518 -0.1892527
vn -0.1486948 0.963518 -0.2225376
vn -0.1024228 0.963518 -0.2472705
vn -0.05221466 0.963518 -0.262501
vn 1.169908e-8 0.963518 -0.2676437
vn -0.2078586 0.9781589 0
vn -0.2038647 0.9781589 -0.0405512
vn -0.1920363 0.9781589 -0.07954406
vn -0.1728281 0.9781589 -0.1154801
vn -0.1469782 0.9781589 -0.1469782
vn -0.11548 0.9781589 -0.1728281
vn -0.07954406 0.9781589 -0.1920363
vn -0.04055119 0.9781589 -0.2038647
vn 9.085787e-9 0.9781589 -0.2078586
vn -0.1961161 0.9805807 0
vn -0.1923478 0.9805807 -0.03826034
vn -0.1811876 0.9805807 -0.07505036
vn -0.1630646 0.9805807 -0.1089563
vn -0.138675 0.9805807 -0.138675
vn -0.1089562 0.9805807 -0.1630646
vn -0.07505036 0.9805807 -0.1811876
vn -0.03826033 0.9805807 -0.1923478
vn 8.572505e-9 0.9805807 -0.1961161
vn -0.2297927 0.9732396 0
vn -0.2253772 0.9732396 -0.04483032
vn -0.2123007 0.9732396 -0.08793784
vn -0.1910656 0.9732396 -0.127666
vn -0.162488 0.9732396 -0.162488
vn -0.1276659 0.9732396 -0.1910656
vn -0.08793784 0.9732396 -0.2123007
vn -0.04483031 0.9732396 -0.2253773
vn 1.004456e-8 0.9732396 -0.2297927
vn -0.3363365 0.9417419 0
vn -0.3298738 0.9417419 -0.06561599
vn -0.3107344 0.9417419 -0.1287104
vn -0.2796535 0.9417419 -0.1868585
vn -0.2378258 0.9417419 -0.2378258
vn -0.1868585 0.9417419 -0.2796535
vn -0.1287104 0.9417419 -0.3107344
vn -0.06561596 0.9417419 -0.3298739
vn 1.470173e-8 0.9417419 -0.3363365
vn -0.6156441 0.7880243 0
vn -0.6038147 0.7880243 -0.1201062
vn -0.568781 0.7880244 -0.2355968
vn -0.5118894 0.7880243 -0.3420335
vn -0.4353261 0.7880243 -0.4353261
vn -0.3420334 0.7880243 -0.5118894
vn -0.2355968 0.7880244 -0.568781
vn -0.1201062 0.7880244 -0.6038147
vn 2.691066e-8 0.7880243 -0.6156441
vn -1 0 0
vn -0.9807853 0 -0.1950903
vn -0.9238795 0 -0.3826835
vn -0.8314696 0 -0.5555702
vn -0.7071068 0 -0.7071068
vn -0.5555701 0 -0.8314697
vn -0.3826835 0 -0.9238795
vn -0.1950902 0 -0.9807853
vn 4.371139e-8 0 -1
vn 0.07952866 0.913138 -0.3998176
vn 0.1560011 0.913138 -0.37662
vn 0.2264785 0.9131381 -0.3389491
vn 0.2882525 0.9131381 -0.2882525
vn 0.338949 0.913138 -0.2264784
vn 0.37662 0.913138 -0.1560011
vn 0.3998177 0.913138 -0.07952863
vn 0.4076505 0.913138 1.781897e-8
vn 0.05221469 0.963518 -0.262501
vn 0.1024228 0.963518 -0.2472705
vn 0.1486949 0.963518 -0.2225376
vn 0.1892527 0.963518 -0.1892527
vn 0.2225376 0.963518 -0.1486948
vn 0.2472705 0.963518 -0.1024228
vn 0.262501 0.963518 -0.05221466
vn 0.2676437 0.963518 1.169908e-8
vn 0.0405512 0.9781589 -0.2038647
vn 0.07954406 0.9781589 -0.1920363
vn 0.1154801 0.9781589 -0.1728281
vn 0.1469782 0.9781589 -0.1469782
vn 0.1728281 0.9781589 -0.11548
vn 0.1920363 0.9781589 -0.07954406
vn 0.2038647 0.9781589 -0.04055119
vn 0.2078586 0.9781589 9.085787e-9
vn 0.03826034 0.9805807 -0.1923478
vn 0.07505036 0.9805807 -0.1811876
vn 0.1089563 0.9805807 -0.1630646
vn 0.138675 0.9805807 -0.138675
vn 0.1630646 0.9805807 -0.1089562
vn 0.1811876 0.9805807 -0.07505036
vn 0.1923478 0.9805807 -0.03826033
vn 0.1961161 0.9805807 8.572505e-9
vn 0.04483032 0.9732396 -0.2253772
vn 0.08793784 0.9732396 -0.2123007
vn 0.127666 0.9732396 -0.1910656
vn 0.162488 0.9732396 -0.162488
vn 0.1910656 0.9732396 -0.1276659
vn 0.2123007 0.9732396 -0.08793784
vn 0.2253773 0.9732396 -0.04483031
vn 0.2297927 0.9732396 1.004456e-8
vn 0.06561599 0.9417419 -0.3298738
vn 0.1287104 0.9417419 -0.3107344
vn 0.1868585 0.9417419 -0.2796535
vn 0.2378258 0.9417419 -0.2378258
vn 0.2796535 0.9417419 -0.1868585
vn 0.3107344 0.9417419 -0.1287104
vn 0.3298739 0.9417419 -0.06561596
vn 0.3363365 0.9417419 1.470173e-8
vn 0.1201062 0.7880243 -0.6038147
vn 0.2355968 0.7880244 -0.568781
vn 0.3420335 0.7880243 -0.5118894
vn 0.4353261 0.7880243 -0.4353261
vn 0.5118894 0.7880243 -0.3420334
vn 0.568781 0.7880244 -0.2355968
vn 0.6038147 0.7880244 -0.1201062
vn 0.6156441 0.7880243 2.691066e-8
vn 0.1950903 0 -0.9807853
vn 0.3826835 0 -0.9238795
vn 0.5555702 0 -0.8314696
vn 0.7071068 0 -0.7071068
vn 0.8314697 0 -0.5555701
vn 0.9238795 0 -0.3826835
vn 0.9807853 0 -0.1950902
vn 1 0 4.371139e-8
vn 0 0.913138 0.4076505
vn 0.07952866 0.913138 0.3998176
vn 0.1560011 0.913138 0.37662
vn 0.2264785 0.9131381 0.3389491
vn 0.2882525 0.9131381 0.2882525
vn 0.338949 0.913138 0.2264784
vn 0.37662 0.913138 0.1560011
vn 0.3998177 0.913138 0.07952863
vn 0 0.963518 0.2676437
vn 0.05221469 0.963518 0.262501
vn 0.1024228 0.963518 0.2472705
vn 0.1486949 0.963518 0.2225376
vn 0.1892527 0.963518 0.1892527
vn 0.2225376 0.963518 0.1486948
vn 0.2472705 0.963518 0.1024228
vn 0.262501 0.963518 0.05221466
vn 0 0.9781589 0.2078586
vn 0.0405512 0.9781589 0.2038647
vn 0.07954406 0.9781589 0.1920363
vn 0.1154801 0.9781589 0.1728281
vn 0.1469782 0.9781589 0.1469782
vn 0.1728281 0.9781589 0.11548
vn 0.1920363 0.9781589 0.07954406
vn 0.2038647 0.9781589 0.04055119
vn 0 0.9805807 0.1961161
vn 0.03826034 0.9805807 0.1923478
vn 0.07505036 0.9805807 0.1811876
vn 0.1089563 0.9805807 0.1630646
vn 0.138675 0.9805807 0.138675
vn 0.1630646 0.9805807 0.1089562
vn 0.1811876 0.9805807 0.07505036
vn 0.1923478 0.9805807 0.03826033
vn 0 0.9732396 0.2297927
vn 0.04483032 0.9732396 0.2253772
vn 0.08793784 0.9732396 0.2123007
vn 0.127666 0.9732396 0.1910656
vn 0.162488 0.9732396 0.162488
vn 0.1910656 0.9732396 0.1276659
vn 0.2123007 0.9732396 0.08793784
vn 0.2253773 0.9732396 0.04483031
vn 0 0.9417419 0.3363365
vn 0.06561599 0.9417419 0.3298738
vn 0.1287104 0.9417419 0.3107344
vn 0.1868585 0.9417419 0.2796535
vn 0.2378258 0.9417419 0.2378258
vn 0.2796535 0.9417419 0.1868585
vn 0.3107344 0.9417419 0.1287104
vn 0.3298739 0.9417419 0.06561596
vn 0 0.7880243 0.6156441
vn 0.1201062 0.7880243 0.6038147
vn 0.2355968 0.7880244 0.568781
vn 0.3420335 0.7880243 0.5118894
vn 0.4353261 0.7880243 0.4353261
vn 0.5118894 0.7880243 0.3420334
vn 0.568781 0.7880244 0.2355968
vn 0.6038147 0.7880244 0.1201062
vn 0 0 1
vn 0.1950903 0 0.9807853
vn 0.3826835 0 0.9238795
vn 0.5555702 0 0.8314696
vn 0.7071068 0 0.7071068
vn 0.8314697 0 0.5555701
vn 0.9238795 0 0.3826835
vn 0.9807853 0 0.1950902
vn -0.3998176 0.913138 0.07952866
vn -0.37662 0.913138 0.1560011
vn -0.3389491 0.9131381 0.2264785
vn -0.2882525 0.9131381 0.2882525
vn -0.2264784 0.913138 0.338949
vn -0.1560011 0.913138 0.37662
vn -0.07952863 0.913138 0.3998177
vn -0.262501 0.963518 0.05221469
vn -0.2472705 0.963518 0.1024228
vn -0.2225376 0.963518 0.1486949
vn -0.1892527 0.963518 0.1892527
vn -0.1486948 0.963518 0.2225376
vn -0.1024228 0.963518 0.2472705
vn -0.05221466 0.963518 0.262501
vn -0.2038647 0.9781589 0.0405512
vn -0.1920363 0.9781589 0.07954406
vn -0.1728281 0.9781589 0.1154801
vn -0.1469782 0.9781589 0.1469782
vn -0.11548 0.9781589 0.1728281
vn -0.07954406 0.9781589 0.1920363
vn -0.04055119 0.9781589 0.2038647
vn -0.1923478 0.9805807 0.03826034
vn -0.1811876 0.9805807 0.07505036
vn -0.1630646 0.9805807 0.1089563
vn -0.138675 0.9805807 0.138675
vn -0.1089562 0.9805807 0.1630646
vn -0.07505036 0.9805807 0.1811876
vn -0.03826033 0.9805807 0.1923478
vn -0.2253772 0.9732396 0.04483032
vn -0.2123007 0.9732396 0.08793784
vn -0.1910656 0.9732396 0.127666
vn -0.162488 0.9732396 0.162488
vn -0.1276659 0.9732396 0.1910656
vn -0.08793784 0.9732396 0.2123007
vn -0.04483031 0.9732396 0.2253773
vn -0.3298738 0.9417419 0.06561599
vn -0.3107344 0.9417419 0.1287104
vn -0.2796535 0.9417419 0.1868585
vn -0.2378258 0.9417419 0.2378258
vn -0.1868585 0.9417419 0.2796535
vn -0.1287104 0.9417419 0.3107344
vn -0.06561596 0.9417419 0.3298739
vn -0.6038147 0.7880243 0.1201062
vn -0.568781 0.7880244 0.2355968
vn -0.5118894 0.7880243 0.3420335
vn -0.4353261 0.7880243 0.4353261
vn -0.3420334 0.7880243 0.5118894
vn -0.2355968 0.7880244 0.568781
vn -0.1201062 0.7880244 0.6038147
vn -0.9807853 0 0.1950903
vn -0.9238795 0 0.3826835
vn -0.8314696 0 0.5555702
vn -0.7071068 0 0.7071068
vn -0.5555701 0 0.8314697
vn -0.3826835 0 0.9238795
vn -0.1950902 0 0.9807853
vn 0.9417419 -0.3363365 0
vn 0.9236466 -0.3363366 0.1837247
vn 0.870056 -0.3363366 0.3603891
vn 0.7830298 -0.3363363 0.5232038
vn 0.6659121 -0.3363364 0.6659121
vn 0.5232037 -0.3363366 0.7830297
vn 0.3603891 -0.3363364 0.870056
vn 0.1837246 -0.3363365 0.9236466
vn -4.116484e-8 -0.3363365 0.9417419
vn 0.9823385 -0.1871121 0
vn 0.9634632 -0.187112 0.1916448
vn 0.9075625 -0.1871121 0.3759248
vn 0.8167846 -0.1871119 0.5457581
vn 0.6946183 -0.187112 0.6946183
vn 0.545758 -0.1871122 0.8167847
vn 0.3759248 -0.187112 0.9075625
vn 0.1916447 -0.1871122 0.9634632
vn -4.293937e-8 -0.1871121 0.9823385
vn 0.9974587 0.07124717 0
vn 0.9782929 0.07124729 0.1945946
vn 0.9215317 0.07124729 0.381711
vn 0.8293566 0.07124723 0.5541584
vn 0.7053098 0.07124736 0.7053098
vn 0.5541583 0.07124723 0.8293566
vn 0.3817109 0.07124735 0.9215316
vn 0.1945945 0.07124687 0.9782928
vn -4.36003e-8 0.07124717 0.9974587
vn 0.8137333 0.5812384 0
vn 0.7980976 0.5812386 0.1587515
vn 0.7517914 0.5812386 0.3114022
vn 0.6765946 0.5812383 0.4520861
vn 0.5753963 0.5812385 0.5753963
vn 0.4520859 0.5812386 0.6765944
vn 0.3114022 0.5812386 0.7517914
vn 0.1587515 0.581238 0.7980979
vn -3.556941e-8 0.5812384 0.8137333
vn 0 1 0
vn 0 1 0
vn 0 1 0
vn 0 1 0
vn 0 1 0
vn 0 1 0
vn 0 1 0
vn 0 1 0
vn 0 1 0
vn -0.5734622 0.819232 0
vn -0.5624434 0.819232 -0.111877
vn -0.5298101 0.819232 -0.2194546
vn -0.4768164 0.819232 -0.3185985
vn -0.4054991 0.8192319 -0.4054991
vn -0.3185984 0.8192322 -0.4768162
vn -0.2194546 0.819232 -0.5298101
vn -0.1118769 0.8192319 -0.5624435
vn 2.506683e-8 0.819232 -0.5734622
vn -0.7863182 0.6178217 0
vn -0.7712095 0.6178215 -0.1534031
vn -0.7264634 0.6178215 -0.300911
vn -0.6537997 0.6178218 -0.436855
vn -0.5560111 0.6178215 -0.5560111
vn -0.4368548 0.617822 -0.6537996
vn -0.300911 0.6178215 -0.7264634
vn -0.153403 0.6178216 -0.7712095
vn 3.437106e-8 0.6178217 -0.7863182
vn -0.8858315 0.4640071 0
vn -0.8688107 0.4640067 -0.1728172
vn -0.8184018 0.4640067 -0.3389932
vn -0.7365418 0.4640073 -0.4921416
vn -0.6263776 0.4640068 -0.6263776
vn -0.4921415 0.4640074 -0.7365419
vn -0.3389932 0.4640067 -0.8184017
vn -0.1728171 0.464007 -0.8688105
vn 3.872092e-8 0.4640071 -0.8858315
vn -0.9417419 0.3363365 0
vn -0.9236467 0.336336 -0.1837248
vn -0.8700563 0.3363359 -0.3603891
vn -0.7830297 0.3363368 -0.5232037
vn -0.6659122 0.336336 -0.6659122
vn -0.5232037 0.3363368 -0.7830297
vn -0.3603891 0.336336 -0.8700562
vn -0.1837246 0.3363365 -0.9236466
vn 4.116484e-8 0.3363365 -0.9417419
vn -0.1837247 -0.3363366 0.9236466
vn -0.3603891 -0.3363366 0.870056
vn -0.5232038 -0.3363363 0.7830298
vn -0.6659121 -0.3363364 0.6659121
vn -0.7830297 -0.3363366 0.5232037
vn -0.870056 -0.3363364 0.3603891
vn -0.9236466 -0.3363365 0.1837246
vn -0.9417419 -0.3363365 -4.116484e-8
vn -0.1916448 -0.187112 0.9634632
vn -0.3759248 -0.1871121 0.9075625
vn -0.5457581 -0.1871119 0.8167846
vn -0.6946183 -0.187112 0.6946183
vn -0.8167847 -0.1871122 0.545758
vn -0.9075625 -0.187112 0.3759248
vn -0.9634632 -0.1871122 0.1916447
vn -0.9823385 -0.1871121 -4.293937e-8
vn -0.1945946 0.07124729 0.9782929
vn -0.381711 0.07124729 0.9215317
vn -0.5541584 0.07124723 0.8293566
vn -0.7053098 0.07124736 0.7053098
vn -0.8293566 0.07124723 0.5541583
vn -0.9215316 0.07124735 0.3817109
vn -0.9782928 0.07124687 0.1945945
vn -0.9974587 0.07124717 -4.36003e-8
vn -0.1587515 0.5812386 0.7980976
vn -0.3114022 0.5812386 0.7517914
vn -0.4520861 0.5812383 0.6765946
vn -0.5753963 0.5812385 0.5753963
vn -0.6765944 0.5812386 0.4520859
vn -0.7517914 0.5812386 0.3114022
vn -0.7980979 0.581238 0.1587515
vn -0.8137333 0.5812384 -3.556941e-8
vn 0 1 0
vn 0 1 0
vn 0 1 0
vn 0 1 0
vn 0 1 0
vn 0 1 0
vn 0 1 0
vn 0 1 0
vn 0.111877 0.819232 -0.5624434
vn 0.2194546 0.819232 -0.5298101
vn 0.3185985 0.819232 -0.4768164
vn 0.4054991 0.8192319 -0.4054991
vn 0.4768162 0.8192322 -0.3185984
vn 0.5298101 0.819232 -0.2194546
vn 0.5624435 0.8192319 -0.1118769
vn 0.5734622 0.819232 2.506683e-8
vn 0.1534031 0.6178215 -0.7712095
vn 0.300911 0.6178215 -0.7264634
vn 0.436855 0.6178218 -0.6537997
vn 0.5560111 0.6178215 -0.5560111
vn 0.6537996 0.617822 -0.4368548
vn 0.7264634 0.6178215 -0.300911
vn 0.7712095 0.6178216 -0.153403
vn 0.7863182 0.6178217 3.437106e-8
vn 0.1728172 0.4640067 -0.8688107
vn 0.3389932 0.4640067 -0.8184018
vn 0.4921416 0.4640073 -0.7365418
vn 0.6263776 0.4640068 -0.6263776
vn 0.7365419 0.4640074 -0.4921415
vn 0.8184017 0.4640067 -0.3389932
vn 0.8688105 0.464007 -0.1728171
vn 0.8858315 0.4640071 3.872092e-8
vn 0.1837248 0.336336 -0.9236467
vn 0.3603891 0.3363359 -0.8700563
vn 0.5232037 0.3363368 -0.7830297
vn 0.6659122 0.336336 -0.6659122
vn 0.7830297 0.3363368 -0.5232037
vn 0.8700562 0.336336 -0.3603891
vn 0.9236466 0.3363365 -0.1837246
vn 0.9417419 0.3363365 4.116484e-8
vn 0 -0.3363365 -0.9417419
vn -0.1837247 -0.3363366 -0.9236466
vn -0.3603891 -0.3363366 -0.870056
vn -0.5232038 -0.3363363 -0.7830298
vn -0.6659121 -0.3363364 -0.6659121
vn -0.7830297 -0.3363366 -0.5232037
vn -0.870056 -0.3363364 -0.3603891
vn -0.9236466 -0.3363365 -0.1837246
vn 0 -0.1871121 -0.9823385
vn -0.1916448 -0.187112 -0.9634632
vn -0.3759248 -0.1871121 -0.9075625
vn -0.5457581 -0.1871119 -0.8167846
vn -0.6946183 -0.187112 -0.6946183
vn -0.8167847 -0.1871122 -0.545758
vn -0.9075625 -0.187112 -0.3759248
vn -0.9634632 -0.1871122 -0.1916447
vn 0 0.07124717 -0.9974587
vn -0.1945946 0.07124729 -0.9782929
vn -0.381711 0.07124729 -0.9215317
vn -0.5541584 0.07124723 -0.8293566
vn -0.7053098 0.07124736 -0.7053098
vn -0.8293566 0.07124723 -0.5541583
vn -0.9215316 0.07124735 -0.3817109
vn -0.9782928 0.07124687 -0.1945945
vn 0 0.5812384 -0.8137333
vn -0.1587515 0.5812386 -0.7980976
vn -0.3114022 0.5812386 -0.7517914
vn -0.4520861 0.5812383 -0.6765946
vn -0.5753963 0.5812385 -0.5753963
vn -0.6765944 0.5812386 -0.4520859
vn -0.7517914 0.5812386 -0.3114022
vn -0.7980979 0.581238 -0.1587515
vn 0 1 0
vn 0 1 0
vn 0 1 0
vn 0 1 0
vn 0 1 0
vn 0 1 0
vn 0 1 0
vn 0 1 0
vn 0 0.819232 0.5734622
vn 0.111877 0.819232 0.5624434
vn 0.2194546 0.819232 0.5298101
vn 0.3185985 0.819232 0.4768164
vn 0.4054991 0.8192319 0.4054991
vn 0.4768162 0.8192322 0.3185984
vn 0.5298101 0.819232 0.2194546
vn 0.5624435 0.8192319 0.1118769
vn 0 0.6178217 0.7863182
vn 0.1534031 0.6178215 0.7712095
vn 0.300911 0.6178215 0.7264634
vn 0.436855 0.6178218 0.6537997
vn 0.5560111 0.6178215 0.5560111
vn 0.6537996 0.617822 0.4368548
vn 0.7264634 0.6178215 0.300911
vn 0.7712095 0.6178216 0.153403
vn 0 0.4640071 0.8858315
vn 0.1728172 0.4640067 0.8688107
vn 0.3389932 0.4640067 0.8184018
vn 0.4921416 0.4640073 0.7365418
vn 0.6263776 0.4640068 0.6263776
vn 0.7365419 0.4640074 0.4921415
vn 0.8184017 0.4640067 0.3389932
vn 0.8688105 0.464007 0.1728171
vn 0 0.3363365 0.9417419
vn 0.1837248 0.336336 0.9236467
vn 0.3603891 0.3363359 0.8700563
vn 0.5232037 0.3363368 0.7830297
vn 0.6659122 0.336336 0.6659122
vn 0.7830297 0.3363368 0.5232037
vn 0.8700562 0.336336 0.3603891
vn 0.9236466 0.3363365 0.1837246
vn 0.9236466 -0.3363366 -0.1837247
vn 0.870056 -0.3363366 -0.3603891
vn 0.7830298 -0.3363363 -0.5232038
vn 0.6659121 -0.3363364 -0.6659121
vn 0.5232037 -0.3363366 -0.7830297
vn 0.3603891 -0.3363364 -0.870056
vn 0.1837246 -0.3363365 -0.9236466
vn 0.9634632 -0.187112 -0.1916448
vn 0.9075625 -0.1871121 -0.3759248
vn 0.8167846 -0.1871119 -0.5457581
vn 0.6946183 -0.187112 -0.6946183
vn 0.545758 -0.1871122 -0.8167847
vn 0.3759248 -0.187112 -0.9075625
vn 0.1916447 -0.1871122 -0.9634632
vn 0.9782929 0.07124729 -0.1945946
vn 0.9215317 0.07124729 -0.381711
vn 0.8293566 0.07124723 -0.5541584
vn 0.7053098 0.07124736 -0.7053098
vn 0.5541583 0.07124723 -0.8293566
vn 0.3817109 0.07124735 -0.9215316
vn 0.1945945 0.07124687 -0.9782928
vn 0.7980976 0.5812386 -0.1587515
vn 0.7517914 0.5812386 -0.3114022
vn 0.6765946 0.5812383 -0.4520861
vn 0.5753963 0.5812385 -0.5753963
vn 0.4520859 0.5812386 -0.6765944
vn 0.3114022 0.5812386 -0.7517914
vn 0.1587515 0.581238 -0.7980979
vn 0 1 0
vn 0 1 0
vn 0 1 0
vn 0 1 0
vn 0 1 0
vn 0 1 0
vn 0 1 0
vn -0.5624434 0.819232 0.111877
vn -0.5298101 0.819232 0.2194546
vn -0.4768164 0.819232 0.3185985
vn -0.4054991 0.8192319 0.4054991
vn -0.3185984 0.8192322 0.4768162
vn -0.2194546 0.819232 0.5298101
vn -0.1118769 0.8192319 0.5624435
vn -0.7712095 0.6178215 0.1534031
vn -0.7264634 0.6178215 0.300911
vn -0.6537997 0.6178218 0.436855
vn -0.5560111 0.6178215 0.5560111
vn -0.4368548 0.617822 0.6537996
vn -0.300911 0.6178215 0.7264634
vn -0.153403 0.6178216 0.7712095
vn -0.8688107 0.4640067 0.1728172
vn -0.8184018 0.4640067 0.3389932
vn -0.7365418 0.4640073 0.4921416
vn -0.6263776 0.4640068 0.6263776
vn -0.4921415 0.4640074 0.7365419
vn -0.3389932 0.4640067 0.8184017
vn -0.1728171 0.464007 0.8688105
vn -0.9236467 0.336336 0.1837248
vn -0.8700563 0.3363359 0.3603891
vn -0.7830297 0.3363368 0.5232037
vn -0.6659122 0.336336 0.6659122
vn -0.5232037 0.3363368 0.7830297
vn -0.3603891 0.336336 0.8700562
vn -0.1837246 0.3363365 0.9236466
vn -0.9250428 0.3323234 -0.1840025
vn -0.8713713 0.3323234 -0.3609338
vn -0.7842135 0.3323234 -0.5239947
vn -0.6669187 0.3323235 -0.6669187
vn -0.5239946 0.3323233 -0.7842135
vn -0.3609338 0.3323234 -0.8713713
vn -0.1840024 0.3323234 -0.9250429
vn 4.122707e-8 0.3323234 -0.9431655
vn -0.9291914 0.320066 -0.1848277
vn -0.8752791 0.320066 -0.3625525
vn -0.7877304 0.3200659 -0.5263446
vn -0.6699096 0.3200659 -0.6699096
vn -0.5263446 0.3200659 -0.7877304
vn -0.3625525 0.320066 -0.8752791
vn -0.1848276 0.3200659 -0.9291914
vn 4.141196e-8 0.3200659 -0.9473953
vn -0.9542864 0.2988938 0
vn -0.93595 0.2988938 -0.1861721
vn -0.8816456 0.2988938 -0.3651896
vn -0.7934601 0.2988937 -0.5301731
vn -0.6747824 0.2988938 -0.6747824
vn -0.5301731 0.2988937 -0.7934602
vn -0.3651896 0.2988938 -0.8816457
vn -0.186172 0.2988938 -0.93595
vn 4.171318e-8 0.2988938 -0.9542864
vn -0.9635179 0.2676438 0
vn -0.9450042 0.2676438 -0.187973
vn -0.8901744 0.2676439 -0.3687223
vn -0.8011358 0.2676438 -0.5353019
vn -0.6813101 0.2676438 -0.6813101
vn -0.5353018 0.2676438 -0.8011359
vn -0.3687223 0.2676439 -0.8901744
vn -0.1879729 0.2676438 -0.9450042
vn 4.21167e-8 0.2676438 -0.9635179
vn -0.9744493 0.2246071 0
vn -0.9557257 0.2246072 -0.1901057
vn -0.9002739 0.2246072 -0.3729056
vn -0.8102251 0.2246071 -0.541375
vn -0.6890398 0.2246071 -0.6890398
vn -0.541375 0.2246071 -0.8102251
vn -0.3729056 0.2246071 -0.9002739
vn -0.1901056 0.2246072 -0.9557257
vn 4.259453e-8 0.2246071 -0.9744493
vn -0.9858717 0.1675025 0
vn -0.9669284 0.1675025 -0.192334
vn -0.9108267 0.1675025 -0.3772767
vn -0.8197223 0.1675025 -0.547721
vn -0.6971165 0.1675024 -0.6971165
vn -0.5477208 0.1675025 -0.8197224
vn -0.3772767 0.1675025 -0.9108267
vn -0.1923339 0.1675025 -0.9669284
vn 4.309382e-8 0.1675025 -0.9858717
vn -0.9956124 0.0935726 0
vn -0.976482 0.09357262 -0.1942344
vn -0.919826 0.09357262 -0.3810044
vn -0.8278216 0.0935726 -0.5531327
vn -0.7040043 0.09357259 -0.7040043
vn -0.5531326 0.09357259 -0.8278216
vn -0.3810044 0.09357262 -0.919826
vn -0.1942343 0.0935726 -0.976482
vn 4.35196e-8 0.0935726 -0.9956124
vn -0.9807853 0 -0.1950903
vn -0.9238795 0 -0.3826835
vn -0.8314696 0 -0.5555702
vn -0.7071068 0 -0.7071068
vn -0.5555702 0 -0.8314697
vn -0.3826834 0 -0.9238795
vn -0.1950902 0 -0.9807854
vn 4.371138e-8 0 -1
vn 0.1840025 0.3323234 -0.9250428
vn 0.3609338 0.3323234 -0.8713713
vn 0.5239947 0.3323234 -0.7842135
vn 0.6669187 0.3323235 -0.6669187
vn 0.7842135 0.3323233 -0.5239946
vn 0.8713713 0.3323234 -0.3609338
vn 0.9250429 0.3323234 -0.1840024
vn 0.9431655 0.3323234 4.122707e-8
vn 0.1848277 0.320066 -0.9291914
vn 0.3625525 0.320066 -0.8752791
vn 0.5263446 0.3200659 -0.7877304
vn 0.6699096 0.3200659 -0.6699096
vn 0.7877304 0.3200659 -0.5263446
vn 0.8752791 0.320066 -0.3625525
vn 0.9291914 0.3200659 -0.1848276
vn 0.9473953 0.3200659 4.141196e-8
vn 0.1861721 0.2988938 -0.93595
vn 0.3651896 0.2988938 -0.8816456
vn 0.5301731 0.2988937 -0.7934601
vn 0.6747824 0.2988938 -0.6747824
vn 0.7934602 0.2988937 -0.5301731
vn 0.8816457 0.2988938 -0.3651896
vn 0.93595 0.2988938 -0.186172
vn 0.9542864 0.2988938 4.171318e-8
vn 0.187973 0.2676438 -0.9450042
vn 0.3687223 0.2676439 -0.8901744
vn 0.5353019 0.2676438 -0.8011358
vn 0.6813101 0.2676438 -0.6813101
vn 0.8011359 0.2676438 -0.5353018
vn 0.8901744 0.2676439 -0.3687223
vn 0.9450042 0.2676438 -0.1879729
vn 0.9635179 0.2676438 4.21167e-8
vn 0.1901057 0.2246072 -0.9557257
vn 0.3729056 0.2246072 -0.9002739
vn 0.541375 0.2246071 -0.8102251
vn 0.6890398 0.2246071 -0.6890398
vn 0.8102251 0.2246071 -0.541375
vn 0.9002739 0.2246071 -0.3729056
vn 0.9557257 0.2246072 -0.1901056
vn 0.192334 0.1675025 -0.9669284
vn 0.3772767 0.1675025 -0.9108267
vn 0.547721 0.1675025 -0.8197223
vn 0.6971165 0.1675024 -0.6971165
vn 0.8197224 0.1675025 -0.5477208
vn 0.9108267 0.1675025 -0.3772767
vn 0.1942344 0.09357262 -0.976482
vn 0.3810044 0.09357262 -0.919826
vn 0.5531327 0.0935726 -0.8278216
vn 0.7040043 0.09357259 -0.7040043
vn 0.8278216 0.09357259 -0.5531326
vn 0.919826 0.09357262 -0.3810044
vn 0.1950903 0 -0.9807853
vn 0.3826835 0 -0.9238795
vn 0.5555702 0 -0.8314696
vn 0.7071068 0 -0.7071068
vn 0.8314697 0 -0.5555702
vn 0.9238795 0 -0.3826834
vn 0 0.3323234 0.9431655
vn 0.1840025 0.3323234 0.9250428
vn 0.3609338 0.3323234 0.8713713
vn 0.5239947 0.3323234 0.7842135
vn 0.6669187 0.3323235 0.6669187
vn 0.7842135 0.3323233 0.5239946
vn 0.8713713 0.3323234 0.3609338
vn 0.9250429 0.3323234 0.1840024
vn 0 0.3200659 0.9473953
vn 0.1848277 0.320066 0.9291914
vn 0.3625525 0.320066 0.8752791
vn 0.5263446 0.3200659 0.7877304
vn 0.6699096 0.3200659 0.6699096
vn 0.7877304 0.3200659 0.5263446
vn 0.8752791 0.320066 0.3625525
vn 0.9291914 0.3200659 0.1848276
vn 0 0.2988938 0.9542864
vn 0.1861721 0.2988938 0.93595
vn 0.3651896 0.2988938 0.8816456
vn 0.5301731 0.2988937 0.7934601
vn 0.6747824 0.2988938 0.6747824
vn 0.7934602 0.2988937 0.5301731
vn 0.8816457 0.2988938 0.3651896
vn 0.93595 0.2988938 0.186172
vn 0 0.2676438 0.9635179
vn 0.187973 0.2676438 0.9450042
vn 0.3687223 0.2676439 0.8901744
vn 0.5353019 0.2676438 0.8011358
vn 0.6813101 0.2676438 0.6813101
vn 0.8011359 0.2676438 0.5353018
vn 0.8901744 0.2676439 0.3687223
vn 0.9450042 0.2676438 0.1879729
vn 0 0.2246071 0.9744493
vn 0.1901057 0.2246072 0.9557257
vn 0.3729056 0.2246072 0.9002739
vn 0.541375 0.2246071 0.8102251
vn 0.6890398 0.2246071 0.6890398
vn 0.8102251 0.2246071 0.541375
vn 0.9002739 0.2246071 0.3729056
vn 0.9557257 0.2246072 0.1901056
vn 0 0.1675025 0.9858717
vn 0.192334 0.1675025 0.9669284
vn 0.3772767 0.1675025 0.9108267
vn 0.547721 0.1675025 0.8197223
vn 0.6971165 0.1675024 0.6971165
vn 0.8197224 0.1675025 0.5477208
vn 0.9108267 0.1675025 0.3772767
vn 0 0.0935726 0.9956124
vn 0.1942344 0.09357262 0.976482
vn 0.3810044 0.09357262 0.919826
vn 0.5531327 0.0935726 0.8278216
vn 0.7040043 0.09357259 0.7040043
vn 0.8278216 0.09357259 0.5531326
vn 0.919826 0.09357262 0.3810044
vn 0 0 1
vn 0.1950903 0 0.9807853
vn 0.3826835 0 0.9238795
vn 0.5555702 0 0.8314696
vn 0.7071068 0 0.7071068
vn 0.8314697 0 0.5555702
vn 0.9238795 0 0.3826834
vn -0.9250428 0.3323234 0.1840025
vn -0.8713713 0.3323234 0.3609338
vn -0.7842135 0.3323234 0.5239947
vn -0.6669187 0.3323235 0.6669187
vn -0.5239946 0.3323233 0.7842135
vn -0.3609338 0.3323234 0.8713713
vn -0.1840024 0.3323234 0.9250429
vn -0.9291914 0.320066 0.1848277
vn -0.8752791 0.320066 0.3625525
vn -0.7877304 0.3200659 0.5263446
vn -0.6699096 0.3200659 0.6699096
vn -0.5263446 0.3200659 0.7877304
vn -0.3625525 0.320066 0.8752791
vn -0.1848276 0.3200659 0.9291914
vn -0.93595 0.2988938 0.1861721
vn -0.8816456 0.2988938 0.3651896
vn -0.7934601 0.2988937 0.5301731
vn -0.6747824 0.2988938 0.6747824
vn -0.5301731 0.2988937 0.7934602
vn -0.3651896 0.2988938 0.8816457
vn -0.186172 0.2988938 0.93595
vn -0.9450042 0.2676438 0.187973
vn -0.8901744 0.2676439 0.3687223
vn -0.8011358 0.2676438 0.5353019
vn -0.6813101 0.2676438 0.6813101
vn -0.5353018 0.2676438 0.8011359
vn -0.3687223 0.2676439 0.8901744
vn -0.1879729 0.2676438 0.9450042
vn -0.9557257 0.2246072 0.1901057
vn -0.9002739 0.2246072 0.3729056
vn -0.8102251 0.2246071 0.541375
vn -0.6890398 0.2246071 0.6890398
vn -0.541375 0.2246071 0.8102251
vn -0.3729056 0.2246071 0.9002739
vn -0.1901056 0.2246072 0.9557257
vn -0.9669284 0.1675025 0.192334
vn -0.9108267 0.1675025 0.3772767
vn -0.8197223 0.1675025 0.547721
vn -0.6971165 0.1675024 0.6971165
vn -0.5477208 0.1675025 0.8197224
vn -0.3772767 0.1675025 0.9108267
vn -0.1923339 0.1675025 0.9669284
vn -0.976482 0.09357262 0.1942344
vn -0.919826 0.09357262 0.3810044
vn -0.8278216 0.0935726 0.5531327
vn -0.7040043 0.09357259 0.7040043
vn -0.5531326 0.09357259 0.8278216
vn -0.3810044 0.09357262 0.919826
vn -0.1942343 0.0935726 0.976482
vn -0.9807853 0 0.1950903
vn -0.9238795 0 0.3826835
vn -0.8314696 0 0.5555702
vn -0.7071068 0 0.7071068
vn -0.5555702 0 0.8314697
vn -0.3826834 0 0.9238795
vn -0.1950902 0 0.9807854
vn -0.9602879 -0.2033741 -0.1910132
vn -0.9045715 -0.2033741 -0.3746858
vn -0.8140928 -0.2033741 -0.5439594
vn -0.692329 -0.2033741 -0.692329
vn -0.5439593 -0.2033741 -0.8140928
vn -0.3746858 -0.2033741 -0.9045715
vn -0.1910131 -0.2033741 -0.9602879
vn 4.279787e-8 -0.2033741 -0.9791011
vn -0.9071678 -0.3801125 -0.1804469
vn -0.8545334 -0.3801125 -0.3539593
vn -0.7690598 -0.3801124 -0.5138693
vn -0.6540316 -0.3801125 -0.6540316
vn -0.5138693 -0.3801124 -0.7690598
vn -0.3539593 -0.3801125 -0.8545334
vn -0.1804468 -0.3801125 -0.9071678
vn 4.043042e-8 -0.3801124 -0.9249403
vn -0.856581 -0.5160127 0
vn -0.840122 -0.5160127 -0.1671107
vn -0.7913777 -0.5160127 -0.3277994
vn -0.712221 -0.5160126 -0.4758909
vn -0.6056942 -0.5160127 -0.6056942
vn -0.4758909 -0.5160126 -0.7122211
vn -0.3277994 -0.5160127 -0.7913777
vn -0.1671106 -0.5160127 -0.840122
vn 3.744234e-8 -0.5160127 -0.856581
vn -0.792624 -0.6097108 0
vn -0.7773939 -0.6097108 -0.1546333
vn -0.732289 -0.6097108 -0.303324
vn -0.6590428 -0.6097107 -0.4403583
vn -0.5604698 -0.6097108 -0.5604698
vn -0.4403583 -0.6097107 -0.6590428
vn -0.303324 -0.6097108 -0.732289
vn -0.1546332 -0.6097108 -0.777394
vn 3.46467e-8 -0.6097108 -0.792624
vn -0.7478974 -0.6638143 0
vn -0.7335268 -0.6638144 -0.1459076
vn -0.6909671 -0.6638143 -0.286208
vn -0.621854 -0.6638143 -0.4155096
vn -0.5288433 -0.6638143 -0.5288433
vn -0.4155095 -0.6638142 -0.6218541
vn -0.286208 -0.6638143 -0.6909671
vn -0.1459075 -0.6638143 -0.7335268
vn 3.269163e-8 -0.6638143 -0.7478974
vn -0.7399401 -0.6726728 0
vn -0.7257223 -0.6726728 -0.1443551
vn -0.6836154 -0.6726728 -0.2831628
vn -0.6152377 -0.6726727 -0.4110887
vn -0.5232166 -0.6726727 -0.5232166
vn -0.4110887 -0.6726727 -0.6152378
vn -0.2831628 -0.6726727 -0.6836154
vn -0.1443551 -0.6726728 -0.7257223
vn 3.234381e-8 -0.6726728 -0.7399401
vn -0.8108996 -0.5851853 0
vn -0.7953184 -0.5851853 -0.1581987
vn -0.7491735 -0.5851853 -0.3103178
vn -0.6742384 -0.5851852 -0.4505117
vn -0.5733926 -0.5851853 -0.5733926
vn -0.4505116 -0.5851852 -0.6742384
vn -0.3103178 -0.5851853 -0.7491736
vn -0.1581986 -0.5851853 -0.7953184
vn 3.544555e-8 -0.5851853 -0.8108996
vn -1 0 0
vn -0.9807853 0 -0.1950903
vn -0.9238795 0 -0.3826835
vn -0.8314696 0 -0.5555702
vn -0.7071068 0 -0.7071068
vn -0.5555702 0 -0.8314697
vn -0.3826834 0 -0.9238795
vn -0.1950902 0 -0.9807853
vn 4.371138e-8 0 -1
vn 0.1910132 -0.2033741 -0.9602879
vn 0.3746858 -0.2033741 -0.9045715
vn 0.5439594 -0.2033741 -0.8140928
vn 0.692329 -0.2033741 -0.692329
vn 0.8140928 -0.2033741 -0.5439593
vn 0.9045715 -0.2033741 -0.3746858
vn 0.9602879 -0.2033741 -0.1910131
vn 0.1804469 -0.3801125 -0.9071678
vn 0.3539593 -0.3801125 -0.8545334
vn 0.5138693 -0.3801124 -0.7690598
vn 0.6540316 -0.3801125 -0.6540316
vn 0.7690598 -0.3801124 -0.5138693
vn 0.8545334 -0.3801125 -0.3539593
vn 0.9071678 -0.3801125 -0.1804468
vn 0.9249403 -0.3801124 4.043042e-8
vn 0.1671107 -0.5160127 -0.840122
vn 0.3277994 -0.5160127 -0.7913777
vn 0.4758909 -0.5160126 -0.712221
vn 0.6056942 -0.5160127 -0.6056942
vn 0.7122211 -0.5160126 -0.4758909
vn 0.7913777 -0.5160127 -0.3277994
vn 0.840122 -0.5160127 -0.1671106
vn 0.856581 -0.5160127 3.744234e-8
vn 0.1546333 -0.6097108 -0.7773939
vn 0.303324 -0.6097108 -0.732289
vn 0.4403583 -0.6097107 -0.6590428
vn 0.5604698 -0.6097108 -0.5604698
vn 0.6590428 -0.6097107 -0.4403583
vn 0.732289 -0.6097108 -0.303324
vn 0.777394 -0.6097108 -0.1546332
vn 0.792624 -0.6097108 3.46467e-8
vn 0.1459076 -0.6638144 -0.7335268
vn 0.286208 -0.6638143 -0.6909671
vn 0.4155096 -0.6638143 -0.621854
vn 0.5288433 -0.6638143 -0.5288433
vn 0.6218541 -0.6638142 -0.4155095
vn 0.6909671 -0.6638143 -0.286208
vn 0.7335268 -0.6638143 -0.1459075
vn 0.7478974 -0.6638143 3.269163e-8
vn 0.1443551 -0.6726728 -0.7257223
vn 0.2831628 -0.6726728 -0.6836154
vn 0.4110887 -0.6726727 -0.6152377
vn 0.5232166 -0.6726727 -0.5232166
vn 0.6152378 -0.6726727 -0.4110887
vn 0.6836154 -0.6726727 -0.2831628
vn 0.7257223 -0.6726728 -0.1443551
vn 0.7399401 -0.6726728 3.234381e-8
vn 0.1581987 -0.5851853 -0.7953184
vn 0.3103178 -0.5851853 -0.7491735
vn 0.4505117 -0.5851852 -0.6742384
vn 0.5733926 -0.5851853 -0.5733926
vn 0.6742384 -0.5851852 -0.4505116
vn 0.7491736 -0.5851853 -0.3103178
vn 0.7953184 -0.5851853 -0.1581986
vn 0.8108996 -0.5851853 3.544555e-8
vn 0.1950903 0 -0.9807853
vn 0.3826835 0 -0.9238795
vn 0.5555702 0 -0.8314696
vn 0.7071068 0 -0.7071068
vn 0.8314697 0 -0.5555702
vn 0.9238795 0 -0.3826834
vn 0.9807853 0 -0.1950902
vn 1 0 4.371138e-8
vn 0 -0.2033741 0.9791011
vn 0.1910132 -0.2033741 0.9602879
vn 0.3746858 -0.2033741 0.9045715
vn 0.5439594 -0.2033741 0.8140928
vn 0.692329 -0.2033741 0.692329
vn 0.8140928 -0.2033741 0.5439593
vn 0.9045715 -0.2033741 0.3746858
vn 0.9602879 -0.2033741 0.1910131
vn 0 -0.3801124 0.9249403
vn 0.1804469 -0.3801125 0.9071678
vn 0.3539593 -0.3801125 0.8545334
vn 0.5138693 -0.3801124 0.7690598
vn 0.6540316 -0.3801125 0.6540316
vn 0.7690598 -0.3801124 0.5138693
vn 0.8545334 -0.3801125 0.3539593
vn 0.9071678 -0.3801125 0.1804468
vn 0 -0.5160127 0.856581
vn 0.1671107 -0.5160127 0.840122
vn 0.3277994 -0.5160127 0.7913777
vn 0.4758909 -0.5160126 0.712221
vn 0.6056942 -0.5160127 0.6056942
vn 0.7122211 -0.5160126 0.4758909
vn 0.7913777 -0.5160127 0.3277994
vn 0.840122 -0.5160127 0.1671106
vn 0 -0.6097108 0.792624
vn 0.1546333 -0.6097108 0.7773939
vn 0.303324 -0.6097108 0.732289
vn 0.4403583 -0.6097107 0.6590428
vn 0.5604698 -0.6097108 0.5604698
vn 0.6590428 -0.6097107 0.4403583
vn 0.732289 -0.6097108 0.303324
vn 0.777394 -0.6097108 0.1546332
vn 0 -0.6638143 0.7478974
vn 0.1459076 -0.6638144 0.7335268
vn 0.286208 -0.6638143 0.6909671
vn 0.4155096 -0.6638143 0.621854
vn 0.5288433 -0.6638143 0.5288433
vn 0.6218541 -0.6638142 0.4155095
vn 0.6909671 -0.6638143 0.286208
vn 0.7335268 -0.6638143 0.1459075
vn 0 -0.6726728 0.7399401
vn 0.1443551 -0.6726728 0.7257223
vn 0.2831628 -0.6726728 0.6836154
vn 0.4110887 -0.6726727 0.6152377
vn 0.5232166 -0.6726727 0.5232166
vn 0.6152378 -0.6726727 0.4110887
vn 0.6836154 -0.6726727 0.2831628
vn 0.7257223 -0.6726728 0.1443551
vn 0 -0.5851853 0.8108996
vn 0.1581987 -0.5851853 0.7953184
vn 0.3103178 -0.5851853 0.7491735
vn 0.4505117 -0.5851852 0.6742384
vn 0.5733926 -0.5851853 0.5733926
vn 0.6742384 -0.5851852 0.4505116
vn 0.7491736 -0.5851853 0.3103178
vn 0.7953184 -0.5851853 0.1581986
vn 0 0 1
vn 0.1950903 0 0.9807853
vn 0.3826835 0 0.9238795
vn 0.5555702 0 0.8314696
vn 0.7071068 0 0.7071068
vn 0.8314697 0 0.5555702
vn 0.9238795 0 0.3826834
vn 0.9807853 0 0.1950902
vn -0.9602879 -0.2033741 0.1910132
vn -0.9045715 -0.2033741 0.3746858
vn -0.8140928 -0.2033741 0.5439594
vn -0.692329 -0.2033741 0.692329
vn -0.5439593 -0.2033741 0.8140928
vn -0.3746858 -0.2033741 0.9045715
vn -0.1910131 -0.2033741 0.9602879
vn -0.9071678 -0.3801125 0.1804469
vn -0.8545334 -0.3801125 0.3539593
vn -0.7690598 -0.3801124 0.5138693
vn -0.6540316 -0.3801125 0.6540316
vn -0.5138693 -0.3801124 0.7690598
vn -0.3539593 -0.3801125 0.8545334
vn -0.1804468 -0.3801125 0.9071678
vn -0.840122 -0.5160127 0.1671107
vn -0.7913777 -0.5160127 0.3277994
vn -0.712221 -0.5160126 0.4758909
vn -0.6056942 -0.5160127 0.6056942
vn -0.4758909 -0.5160126 0.7122211
vn -0.3277994 -0.5160127 0.7913777
vn -0.1671106 -0.5160127 0.840122
vn -0.7773939 -0.6097108 0.1546333
vn -0.732289 -0.6097108 0.303324
vn -0.6590428 -0.6097107 0.4403583
vn -0.5604698 -0.6097108 0.5604698
vn -0.4403583 -0.6097107 0.6590428
vn -0.303324 -0.6097108 0.732289
vn -0.1546332 -0.6097108 0.777394
vn -0.7335268 -0.6638144 0.1459076
vn -0.6909671 -0.6638143 0.286208
vn -0.621854 -0.6638143 0.4155096
vn -0.5288433 -0.6638143 0.5288433
vn -0.4155095 -0.6638142 0.6218541
vn -0.286208 -0.6638143 0.6909671
vn -0.1459075 -0.6638143 0.7335268
vn -0.7257223 -0.6726728 0.1443551
vn -0.6836154 -0.6726728 0.2831628
vn -0.6152377 -0.6726727 0.4110887
vn -0.5232166 -0.6726727 0.5232166
vn -0.4110887 -0.6726727 0.6152378
vn -0.2831628 -0.6726727 0.6836154
vn -0.1443551 -0.6726728 0.7257223
vn -0.7953184 -0.5851853 0.1581987
vn -0.7491735 -0.5851853 0.3103178
vn -0.6742384 -0.5851852 0.4505117
vn -0.5733926 -0.5851853 0.5733926
vn -0.4505116 -0.5851852 0.6742384
vn -0.3103178 -0.5851853 0.7491736
vn -0.1581986 -0.5851853 0.7953184
vn -0.9807853 0 0.1950903
vn -0.9238795 0 0.3826835
vn -0.8314696 0 0.5555702
vn -0.7071068 0 0.7071068
vn -0.5555702 0 0.8314697
vn -0.3826834 0 0.9238795
vn -0.1950902 0 0.9807853
vn -0.9307515 -0.3656524 0
vn -0.9128674 -0.3656524 -0.1815806
vn -0.8599022 -0.3656524 -0.3561833
vn -0.7738915 -0.3656525 -0.5170978
vn -0.6581407 -0.3656523 -0.6581407
vn -0.5170977 -0.3656525 -0.7738916
vn -0.3561833 -0.3656524 -0.8599022
vn -0.1815805 -0.3656524 -0.9128674
vn 4.068444e-8 -0.3656524 -0.9307515
vn -0.624695 -0.7808688 0
vn -0.6126917 -0.7808688 -0.121872
vn -0.577143 -0.7808688 -0.2390605
vn -0.5194149 -0.7808689 -0.3470619
vn -0.4417261 -0.7808688 -0.4417261
vn -0.3470619 -0.7808689 -0.5194149
vn -0.2390605 -0.7808688 -0.577143
vn -0.1218719 -0.7808688 -0.6126918
vn 2.730628e-8 -0.7808688 -0.624695
vn -0.3427436 -0.939429 0
vn -0.3361579 -0.939429 -0.06686597
vn -0.3166538 -0.939429 -0.1311623
vn -0.2849808 -0.939429 -0.1904181
vn -0.2423564 -0.939429 -0.2423564
vn -0.1904181 -0.939429 -0.2849808
vn -0.1311623 -0.939429 -0.3166538
vn -0.06686592 -0.939429 -0.3361579
vn 1.49818e-8 -0.939429 -0.3427436
vn -0.1871121 -0.9823386 0
vn -0.1835168 -0.9823386 -0.03650377
vn -0.1728691 -0.9823386 -0.07160471
vn -0.155578 -0.9823385 -0.1039539
vn -0.1323082 -0.9823386 -0.1323082
vn -0.1039539 -0.9823386 -0.155578
vn -0.07160471 -0.9823386 -0.1728691
vn -0.03650375 -0.9823385 -0.1835168
vn 8.17893e-9 -0.9823386 -0.1871121
vn -0.1024287 -0.9947403 0
vn -0.1004606 -0.9947403 -0.01998286
vn -0.0946318 -0.9947403 -0.03919778
vn -0.08516636 -0.9947403 -0.05690634
vn -0.07242803 -0.9947403 -0.07242803
vn -0.05690634 -0.9947403 -0.08516636
vn -0.03919778 -0.9947403 -0.0946318
vn -0.01998284 -0.9947403 -0.1004606
vn 4.4773e-9 -0.9947403 -0.1024287
vn -0.05265754 -0.9986126 0
vn -0.05164574 -0.9986126 -0.01027298
vn -0.04864923 -0.9986126 -0.02015118
vn -0.04378315 -0.9986126 -0.02925496
vn -0.03723451 -0.9986126 -0.03723451
vn -0.02925496 -0.9986126 -0.04378315
vn -0.02015118 -0.9986126 -0.04864923
vn -0.01027297 -0.9986126 -0.05164575
vn 2.301734e-9 -0.9986126 -0.05265754
vn -0.02115928 -0.9997761 0
vn -0.02075272 -0.9997761 -0.004127973
vn -0.01954863 -0.9997761 -0.00809731
vn -0.0175933 -0.9997761 -0.01175547
vn -0.01496187 -0.9997761 -0.01496187
vn -0.01175547 -0.9997761 -0.0175933
vn -0.00809731 -0.9997761 -0.01954863
vn -0.00412797 -0.9997761 -0.02075271
vn 9.249016e-10 -0.9997761 -0.02115928
vn 0 -1 0
vn 0 -1 0
vn 0 -1 0
vn 0 -1 0
vn 0 -1 0
vn 0 -1 0
vn 0 -1 0
vn 0 -1 0
vn 0 -1 0
vn 0.1815806 -0.3656524 -0.9128674
vn 0.3561833 -0.3656524 -0.8599022
vn 0.5170978 -0.3656525 -0.7738915
vn 0.6581407 -0.3656523 -0.6581407
vn 0.7738916 -0.3656525 -0.5170977
vn 0.8599022 -0.3656524 -0.3561833
vn 0.9128674 -0.3656524 -0.1815805
vn 0.9307515 -0.3656524 4.068444e-8
vn 0.121872 -0.7808688 -0.6126917
vn 0.2390605 -0.7808688 -0.577143
vn 0.3470619 -0.7808689 -0.5194149
vn 0.4417261 -0.7808688 -0.4417261
vn 0.5194149 -0.7808689 -0.3470619
vn 0.577143 -0.7808688 -0.2390605
vn 0.6126918 -0.7808688 -0.1218719
vn 0.624695 -0.7808688 2.730628e-8
vn 0.06686597 -0.939429 -0.3361579
vn 0.1311623 -0.939429 -0.3166538
vn 0.1904181 -0.939429 -0.2849808
vn 0.2423564 -0.939429 -0.2423564
vn 0.2849808 -0.939429 -0.1904181
vn 0.3166538 -0.939429 -0.1311623
vn 0.3361579 -0.939429 -0.06686592
vn 0.3427436 -0.939429 1.49818e-8
vn 0.03650377 -0.9823386 -0.1835168
vn 0.07160471 -0.9823386 -0.1728691
vn 0.1039539 -0.9823385 -0.155578
vn 0.1323082 -0.9823386 -0.1323082
vn 0.155578 -0.9823386 -0.1039539
vn 0.1728691 -0.9823386 -0.07160471
vn 0.1835168 -0.9823385 -0.03650375
vn 0.1871121 -0.9823386 8.17893e-9
vn 0.01998286 -0.9947403 -0.1004606
vn 0.03919778 -0.9947403 -0.0946318
vn 0.05690634 -0.9947403 -0.08516636
vn 0.07242803 -0.9947403 -0.07242803
vn 0.08516636 -0.9947403 -0.05690634
vn 0.0946318 -0.9947403 -0.03919778
vn 0.1004606 -0.9947403 -0.01998284
vn 0.1024287 -0.9947403 4.4773e-9
vn 0.01027298 -0.9986126 -0.05164574
vn 0.02015118 -0.9986126 -0.04864923
vn 0.02925496 -0.9986126 -0.04378315
vn 0.03723451 -0.9986126 -0.03723451
vn 0.04378315 -0.9986126 -0.02925496
vn 0.04864923 -0.9986126 -0.02015118
vn 0.05164575 -0.9986126 -0.01027297
vn 0.05265754 -0.9986126 2.301734e-9
vn 0.004127973 -0.9997761 -0.02075272
vn 0.00809731 -0.9997761 -0.01954863
vn 0.01175547 -0.9997761 -0.0175933
vn 0.01496187 -0.9997761 -0.01496187
vn 0.0175933 -0.9997761 -0.01175547
vn 0.01954863 -0.9997761 -0.00809731
vn 0.02075271 -0.9997761 -0.00412797
vn 0.02115928 -0.9997761 9.249016e-10
vn 0 -1 0
vn 0 -1 0
vn 0 -1 0
vn 0 -1 0
vn 0 -1 0
vn 0 -1 0
vn 0 -1 0
vn 0 -1 0
vn 0 -0.3656524 0.9307515
vn 0.1815806 -0.3656524 0.9128674
vn 0.3561833 -0.3656524 0.8599022
vn 0.5170978 -0.3656525 0.7738915
vn 0.6581407 -0.3656523 0.6581407
vn 0.7738916 -0.3656525 0.5170977
vn 0.8599022 -0.3656524 0.3561833
vn 0.9128674 -0.3656524 0.1815805
vn 0 -0.7808688 0.624695
vn 0.121872 -0.7808688 0.6126917
vn 0.2390605 -0.7808688 0.577143
vn 0.3470619 -0.7808689 0.5194149
vn 0.4417261 -0.7808688 0.4417261
vn 0.5194149 -0.7808689 0.3470619
vn 0.577143 -0.7808688 0.2390605
vn 0.6126918 -0.7808688 0.1218719
vn 0 -0.939429 0.3427436
vn 0.06686597 -0.939429 0.3361579
vn 0.1311623 -0.939429 0.3166538
vn 0.1904181 -0.939429 0.2849808
vn 0.2423564 -0.939429 0.2423564
vn 0.2849808 -0.939429 0.1904181
vn 0.3166538 -0.939429 0.1311623
vn 0.3361579 -0.939429 0.06686592
vn 0 -0.9823386 0.1871121
vn 0.03650377 -0.9823386 0.1835168
vn 0.07160471 -0.9823386 0.1728691
vn 0.1039539 -0.9823385 0.155578
vn 0.1323082 -0.9823386 0.1323082
vn 0.155578 -0.9823386 0.1039539
vn 0.1728691 -0.9823386 0.07160471
vn 0.1835168 -0.9823385 0.03650375
vn 0 -0.9947403 0.1024287
vn 0.01998286 -0.9947403 0.1004606
vn 0.03919778 -0.9947403 0.0946318
vn 0.05690634 -0.9947403 0.08516636
vn 0.07242803 -0.9947403 0.07242803
vn 0.08516636 -0.9947403 0.05690634
vn 0.0946318 -0.9947403 0.03919778
vn 0.1004606 -0.9947403 0.01998284
vn 0 -0.9986126 0.05265754
vn 0.01027298 -0.9986126 0.05164574
vn 0.02015118 -0.9986126 0.04864923
vn 0.02925496 -0.9986126 0.04378315
vn 0.03723451 -0.9986126 0.03723451
vn 0.04378315 -0.9986126 0.02925496
vn 0.04864923 -0.9986126 0.02015118
vn 0.05164575 -0.9986126 0.01027297
vn 0 -0.9997761 0.02115928
vn 0.004127973 -0.9997761 0.02075272
vn 0.00809731 -0.9997761 0.01954863
vn 0.01175547 -0.9997761 0.0175933
vn 0.01496187 -0.9997761 0.01496187
vn 0.0175933 -0.9997761 0.01175547
vn 0.01954863 -0.9997761 0.00809731
vn 0.02075271 -0.9997761 0.00412797
vn 0 -1 0
vn 0 -1 0
vn 0 -1 0
vn 0 -1 0
vn 0 -1 0
vn 0 -1 0
vn 0 -1 0
vn 0 -1 0
vn -0.9128674 -0.3656524 0.1815806
vn -0.8599022 -0.3656524 0.3561833
vn -0.7738915 -0.3656525 0.5170978
vn -0.6581407 -0.3656523 0.6581407
vn -0.5170977 -0.3656525 0.7738916
vn -0.3561833 -0.3656524 0.8599022
vn -0.1815805 -0.3656524 0.9128674
vn -0.6126917 -0.7808688 0.121872
vn -0.577143 -0.7808688 0.2390605
vn -0.5194149 -0.7808689 0.3470619
vn -0.4417261 -0.7808688 0.4417261
vn -0.3470619 -0.7808689 0.5194149
vn -0.2390605 -0.7808688 0.577143
vn -0.1218719 -0.7808688 0.6126918
vn -0.3361579 -0.939429 0.06686597
vn -0.3166538 -0.939429 0.1311623
vn -0.2849808 -0.939429 0.1904181
vn -0.2423564 -0.939429 0.2423564
vn -0.1904181 -0.939429 0.2849808
vn -0.1311623 -0.939429 0.3166538
vn -0.06686592 -0.939429 0.3361579
vn -0.1835168 -0.9823386 0.03650377
vn -0.1728691 -0.9823386 0.07160471
vn -0.155578 -0.9823385 0.1039539
vn -0.1323082 -0.9823386 0.1323082
vn -0.1039539 -0.9823386 0.155578
vn -0.07160471 -0.9823386 0.1728691
vn -0.03650375 -0.9823385 0.1835168
vn -0.1004606 -0.9947403 0.01998286
vn -0.0946318 -0.9947403 0.03919778
vn -0.08516636 -0.9947403 0.05690634
vn -0.07242803 -0.9947403 0.07242803
vn -0.05690634 -0.9947403 0.08516636
vn -0.03919778 -0.9947403 0.0946318
vn -0.01998284 -0.9947403 0.1004606
vn -0.05164574 -0.9986126 0.01027298
vn -0.04864923 -0.9986126 0.02015118
vn -0.04378315 -0.9986126 0.02925496
vn -0.03723451 -0.9986126 0.03723451
vn -0.02925496 -0.9986126 0.04378315
vn -0.02015118 -0.9986126 0.04864923
vn -0.01027297 -0.9986126 0.05164575
vn -0.02075272 -0.9997761 0.004127973
vn -0.01954863 -0.9997761 0.00809731
vn -0.0175933 -0.9997761 0.01175547
vn -0.01496187 -0.9997761 0.01496187
vn -0.01175547 -0.9997761 0.0175933
vn -0.00809731 -0.9997761 0.01954863
vn -0.00412797 -0.9997761 0.02075271
vn 0 -1 0
vn 0 -1 0
vn 0 -1 0
vn 0 -1 0
vn 0 -1 0
vn 0 -1 0
vn 0 -1 0
vn 0.3493978 -0.9369745 0
vn 0.3136872 -0.843878 0.4352819
vn 0.2114716 -0.5890911 0.7799049
vn 0.08391649 -0.290944 0.9530529
vn -0.04793856 -0.007377458 0.998823
vn -0.1888221 0.2718009 0.9436475
vn -0.3395826 0.5537456 0.7602956
vn -0.4650533 0.781373 0.416151
vn -0.5092535 0.8606166 0
vn 0.6809707 -0.7323106 0
vn 0.6240874 -0.6837538 0.3781476
vn 0.4404092 -0.5219525 0.7304831
vn 0.1762685 -0.2842354 0.9424116
vn -0.1032504 -0.03012777 0.994199
vn -0.3705702 0.2138082 0.9038605
vn -0.6017398 0.4260033 0.6755964
vn -0.7506742 0.5650104 0.3424202
vn -0.794519 0.6072392 0
vn 0.8850574 -0.4654819 0
vn 0.8345094 -0.4527895 0.3139678
vn 0.6407436 -0.3899897 0.6613287
vn 0.28508 -0.250937 0.9250731
vn -0.1387013 -0.0618192 0.988403
vn -0.5090817 0.1212934 0.852129
vn -0.7656176 0.2598948 0.5884593
vn -0.8980948 0.3382118 0.2811378
vn -0.9326487 0.360786 0
vn 0.9574562 -0.2885786 0
vn 0.9132543 -0.2899357 0.2861886
vn 0.7311969 -0.2753341 0.6241333
vn 0.3560935 -0.2087697 0.9108307
vn -0.1265944 -0.08598609 0.9882207
vn -0.5416058 0.04737328 0.8392968
vn -0.8098881 0.1509925 0.5668179
vn -0.9404075 0.2105477 0.267027
vn -0.973575 0.2283678 0
vn 0.971921 -0.2353075 0
vn 0.920354 -0.2398026 0.3089389
vn 0.7221965 -0.2340234 0.6508958
vn 0.3592874 -0.1863254 0.9144372
vn -0.0780804 -0.09193229 0.9926993
vn -0.4770218 0.02380278 0.878569
vn -0.7715192 0.1293437 0.6229191
vn -0.9323204 0.1981618 0.3025073
vn -0.9754878 0.2200538 0
vn 0.9550906 -0.2963138 0
vn 0.8804594 -0.2932521 0.3725514
vn 0.6444696 -0.262387 0.7182006
vn 0.3141362 -0.1897725 0.9302176
vn -0.03046922 -0.08304394 0.99608
vn -0.3653941 0.04931345 0.9295457
vn -0.6698288 0.1912191 0.7174709
vn -0.8777788 0.3010899 0.372625
vn -0.9408872 0.3387203 0
vn 0.8845022 -0.4665361 0
vn 0.7821516 -0.4339612 0.4471203
vn 0.5272552 -0.336491 0.7802408
vn 0.2516653 -0.2083054 0.9451315
vn -0.005023327 -0.0597206 0.9982024
vn -0.2624892 0.1209219 0.9573283
vn -0.5280777 0.3333638 0.7810265
vn -0.7400299 0.5188071 0.4280128
vn -0.8105024 0.5857354 0
vn 0.7071068 -0.7071068 0
vn -0.5144957 0.857493 0
vn 0.2213968 -0.9751838 0
vn 0.1906 -0.8682153 0.4581199
vn 0.1304641 -0.5885127 0.7978922
vn 0.05696758 -0.2840507 0.9571154
vn -0.01426712 -0.04150572 0.9990364
vn -0.02468078 -0.003798225 0.9996881
vn -0.1108198 0.2750472 0.9550226
vn -0.2054181 0.5736393 0.7929322
vn -0.2457362 0.6954038 0.6752979
vn -0.2829255 0.8448687 0.4540374
vn -0.3175607 0.948238 0
vn -0.2125668 -0.9771466 -3.739495e-8
vn -0.7889631 -0.6144406 -2.766223e-8
vn -0.9776587 -0.2101988 -4.273894e-8
vn -0.2224205 -0.865902 0.4480434
vn -0.7911519 -0.5489895 0.269609
vn -0.9777167 -0.1940823 0.08001431
vn -0.2402386 -0.5871948 0.7729732
vn -0.7945306 -0.3884033 0.4667589
vn -0.9789554 -0.1515616 0.1366577
vn -0.2740408 -0.284207 0.9187644
vn -0.8058028 -0.2030809 0.5562733
vn -0.9811345 -0.09517556 0.1682753
vn -0.3187617 -0.04468518 0.946781
vn -0.8236424 -0.0518551 0.5647337
vn -0.9834474 -0.04162223 0.1763482
vn -0.3307866 -0.007041415 0.9436793
vn -0.8294415 -0.02573404 0.5580004
vn -0.9836235 -0.02867186 0.1779401
vn -0.4157389 0.2628922 0.87066
vn -0.8651258 0.1508002 0.4783479
vn -0.9833658 0.06852254 0.1682152
vn -0.5136997 0.5184952 0.6835753
vn -0.8991413 0.2813011 0.3352828
vn -0.9784883 0.1558043 0.1352246
vn -0.5362044 0.6183507 0.574567
vn -0.9034066 0.3271735 0.277153
vn -0.9770415 0.1807759 0.1127378
vn -0.5886052 0.7195604 0.3684788
vn -0.9171242 0.3634344 0.1637025
vn -0.967841 0.2388141 0.07906689
vn -0.620122 0.7845054 0
vn -0.9237423 0.3830144 0
vn -0.9626541 0.2707344 0
vn 0.3136872 -0.843878 -0.4352819
vn 0.2114716 -0.5890911 -0.7799049
vn 0.08391649 -0.290944 -0.9530529
vn -0.04793856 -0.007377458 -0.998823
vn -0.1888221 0.2718009 -0.9436475
vn -0.3395826 0.5537456 -0.7602956
vn -0.4650533 0.781373 -0.416151
vn 0.6240874 -0.6837538 -0.3781476
vn 0.4404092 -0.5219525 -0.7304831
vn 0.1762685 -0.2842354 -0.9424116
vn -0.1032504 -0.03012777 -0.994199
vn -0.3705702 0.2138082 -0.9038605
vn -0.6017398 0.4260033 -0.6755964
vn -0.7506742 0.5650104 -0.3424202
vn 0.8345094 -0.4527895 -0.3139678
vn 0.6407436 -0.3899897 -0.6613287
vn 0.28508 -0.250937 -0.9250731
vn -0.1387013 -0.0618192 -0.988403
vn -0.5090817 0.1212934 -0.852129
vn -0.7656176 0.2598948 -0.5884593
vn -0.8980948 0.3382118 -0.2811378
vn 0.9132543 -0.2899357 -0.2861886
vn 0.7311969 -0.2753341 -0.6241333
vn 0.3560935 -0.2087697 -0.9108307
vn -0.1265944 -0.08598609 -0.9882207
vn -0.5416058 0.04737328 -0.8392968
vn -0.8098881 0.1509925 -0.5668179
vn -0.9404075 0.2105477 -0.267027
vn 0.920354 -0.2398026 -0.3089389
vn 0.7221965 -0.2340234 -0.6508958
vn 0.3592874 -0.1863254 -0.9144372
vn -0.0780804 -0.09193229 -0.9926993
vn -0.4770218 0.02380278 -0.878569
vn -0.7715192 0.1293437 -0.6229191
vn -0.9323204 0.1981618 -0.3025073
vn 0.8804594 -0.2932521 -0.3725514
vn 0.6444696 -0.262387 -0.7182006
vn 0.3141362 -0.1897725 -0.9302176
vn -0.03046922 -0.08304394 -0.99608
vn -0.3653941 0.04931345 -0.9295457
vn -0.6698288 0.1912191 -0.7174709
vn -0.8777788 0.3010899 -0.372625
vn 0.7821516 -0.4339612 -0.4471203
vn 0.5272552 -0.336491 -0.7802408
vn 0.2516653 -0.2083054 -0.9451315
vn -0.005023327 -0.0597206 -0.9982024
vn -0.2624892 0.1209219 -0.9573283
vn -0.5280777 0.3333638 -0.7810265
vn -0.7400299 0.5188071 -0.4280128
vn 0.6126952 -0.6304867 -0.4765408
vn 0.4009006 -0.443163 -0.8018013
vn 0.1907919 -0.2314281 -0.9539599
vn 0 0 -1
vn -0.1885615 0.274879 -0.9428076
vn -0.3664876 0.5730915 -0.7329754
vn -0.4828432 0.7910932 -0.3755448
vn 0.1906 -0.8682153 -0.4581199
vn 0.1304641 -0.5885127 -0.7978922
vn 0.05696758 -0.2840507 -0.9571154
vn -0.01426712 -0.04150572 -0.9990364
vn -0.02468078 -0.003798225 -0.9996881
vn -0.1108198 0.2750472 -0.9550226
vn -0.2054181 0.5736393 -0.7929322
vn -0.2457362 0.6954038 -0.6752979
vn -0.2829255 0.8448687 -0.4540374
vn -0.2224205 -0.865902 -0.4480434
vn -0.7911519 -0.5489895 -0.269609
vn -0.9777167 -0.1940823 -0.08001431
vn -0.2402386 -0.5871948 -0.7729732
vn -0.7945306 -0.3884033 -0.4667589
vn -0.9789554 -0.1515616 -0.1366577
vn -0.2740408 -0.284207 -0.9187644
vn -0.8058028 -0.2030809 -0.5562733
vn -0.9811345 -0.09517556 -0.1682753
vn -0.3187617 -0.04468518 -0.946781
vn -0.8236424 -0.0518551 -0.5647337
vn -0.9834474 -0.04162223 -0.1763482
vn -0.3307866 -0.007041415 -0.9436793
vn -0.8294415 -0.02573404 -0.5580004
vn -0.9836235 -0.02867186 -0.1779401
vn -0.4157389 0.2628922 -0.87066
vn -0.8651258 0.1508002 -0.4783479
vn -0.9833658 0.06852254 -0.1682152
vn -0.5136997 0.5184952 -0.6835753
vn -0.8991413 0.2813011 -0.3352828
vn -0.9784883 0.1558043 -0.1352246
vn -0.5362044 0.6183507 -0.574567
vn -0.9034066 0.3271735 -0.277153
vn -0.9770415 0.1807759 -0.1127378
vn -0.5886052 0.7195604 -0.3684788
vn -0.9171242 0.3634344 -0.1637025
vn -0.967841 0.2388141 -0.07906689
vn 0 1 0
vn 0 1 0
vn 0 1 0
vn 0 1 0
vn 0 1 0
vn 0 1 0
vn 0 1 0
vn 0 1 0
vn 0 1 0
vn 0.001891249 0.9999982 0
vn 0.00185491 0.9999982 0.0003689645
vn 0.001747286 0.9999982 0.0007237499
vn 0.001572516 0.9999982 0.001050722
vn 0.001337315 0.9999982 0.001337315
vn 0.001050722 0.9999982 0.001572516
vn 0.0007237499 0.9999982 0.001747286
vn 0.0003689641 0.9999982 0.001854909
vn -8.266912e-11 0.9999982 0.001891249
vn 0.00592582 0.9999825 0
vn 0.005811959 0.9999825 0.001156071
vn 0.005474744 0.9999825 0.002267714
vn 0.00492714 0.9999824 0.00329221
vn 0.004190188 0.9999825 0.004190188
vn 0.003292209 0.9999825 0.00492714
vn 0.002267713 0.9999825 0.005474744
vn 0.00115607 0.9999825 0.005811959
vn -2.590258e-10 0.9999825 0.00592582
vn 0.01186078 0.9999296 0
vn 0.01163288 0.9999296 0.002313924
vn 0.01095793 0.9999297 0.004538924
vn 0.009861877 0.9999296 0.006589495
vn 0.008386835 0.9999296 0.008386835
vn 0.006589494 0.9999296 0.009861876
vn 0.004538924 0.9999297 0.01095793
vn 0.002313922 0.9999296 0.01163288
vn -5.18451e-10 0.9999296 0.01186078
vn 0.0205085 0.9997897 0
vn 0.02011444 0.9997897 0.004001011
vn 0.01894738 0.9997897 0.007848265
vn 0.0170522 0.9997897 0.01139391
vn 0.0145017 0.9997897 0.0145017
vn 0.01139391 0.9997897 0.0170522
vn 0.007848264 0.9997897 0.01894738
vn 0.004001008 0.9997897 0.02011444
vn -8.964552e-10 0.9997897 0.0205085
vn 0.03382158 0.9994279 0
vn 0.03317171 0.9994279 0.006598264
vn 0.03124706 0.9994279 0.01294296
vn 0.02812162 0.9994279 0.01879026
vn 0.02391547 0.9994279 0.02391547
vn 0.01879026 0.9994279 0.02812162
vn 0.01294296 0.9994279 0.03124707
vn 0.006598259 0.9994279 0.03317171
vn -1.478388e-9 0.9994279 0.03382158
vn 0.05660201 0.9983968 0
vn 0.05551442 0.9983968 0.01104251
vn 0.05229345 0.9983969 0.02166066
vn 0.04706286 0.9983969 0.0314464
vn 0.04002367 0.9983968 0.04002367
vn 0.03144639 0.9983969 0.04706286
vn 0.02166066 0.9983969 0.05229345
vn 0.0110425 0.9983969 0.05551443
vn -2.474152e-9 0.9983968 0.05660201
vn 0.1039668 0.9945807 0
vn 0.1019691 0.9945807 0.02028292
vn 0.09605283 0.9945807 0.03978639
vn 0.08644525 0.9945807 0.05776088
vn 0.07351565 0.9945807 0.07351565
vn 0.05776087 0.9945808 0.08644525
vn 0.03978639 0.9945807 0.09605283
vn 0.02028291 0.9945808 0.1019691
vn -4.544534e-9 0.9945807 0.1039668
vn 0.2576627 0.966235 0
vn 0.2527118 0.9662349 0.0502675
vn 0.2380493 0.9662349 0.09860325
vn 0.2142387 0.9662349 0.1431497
vn 0.182195 0.966235 0.182195
vn 0.1431496 0.966235 0.2142386
vn 0.09860325 0.9662349 0.2380493
vn 0.05026746 0.966235 0.2527117
vn -1.126279e-8 0.966235 0.2576627
vn 0 1 0
vn 0 1 0
vn 0 1 0
vn 0 1 0
vn 0 1 0
vn 0 1 0
vn 0 1 0
vn 0 1 0
vn -0.0003689645 0.9999982 0.00185491
vn -0.0007237499 0.9999982 0.001747286
vn -0.001050722 0.9999982 0.001572516
vn -0.001337315 0.9999982 0.001337315
vn -0.001572516 0.9999982 0.001050722
vn -0.001747286 0.9999982 0.0007237499
vn -0.001854909 0.9999982 0.0003689641
vn -0.001891249 0.9999982 -8.266912e-11
vn -0.001156071 0.9999825 0.005811959
vn -0.002267714 0.9999825 0.005474744
vn -0.00329221 0.9999824 0.00492714
vn -0.004190188 0.9999825 0.004190188
vn -0.00492714 0.9999825 0.003292209
vn -0.005474744 0.9999825 0.002267713
vn -0.005811959 0.9999825 0.00115607
vn -0.00592582 0.9999825 -2.590258e-10
vn -0.002313924 0.9999296 0.01163288
vn -0.004538924 0.9999297 0.01095793
vn -0.006589495 0.9999296 0.009861877
vn -0.008386835 0.9999296 0.008386835
vn -0.009861876 0.9999296 0.006589494
vn -0.01095793 0.9999297 0.004538924
vn -0.01163288 0.9999296 0.002313922
vn -0.01186078 0.9999296 -5.18451e-10
vn -0.004001011 0.9997897 0.02011444
vn -0.007848265 0.9997897 0.01894738
vn -0.01139391 0.9997897 0.0170522
vn -0.0145017 0.9997897 0.0145017
vn -0.0170522 0.9997897 0.01139391
vn -0.01894738 0.9997897 0.007848264
vn -0.02011444 0.9997897 0.004001008
vn -0.0205085 0.9997897 -8.964552e-10
vn -0.006598264 0.9994279 0.03317171
vn -0.01294296 0.9994279 0.03124706
vn -0.01879026 0.9994279 0.02812162
vn -0.02391547 0.9994279 0.02391547
vn -0.02812162 0.9994279 0.01879026
vn -0.03124707 0.9994279 0.01294296
vn -0.03317171 0.9994279 0.006598259
vn -0.03382158 0.9994279 -1.478388e-9
vn -0.01104251 0.9983968 0.05551442
vn -0.02166066 0.9983969 0.05229345
vn -0.0314464 0.9983969 0.04706286
vn -0.04002367 0.9983968 0.04002367
vn -0.04706286 0.9983969 0.03144639
vn -0.05229345 0.9983969 0.02166066
vn -0.05551443 0.9983969 0.0110425
vn -0.05660201 0.9983968 -2.474152e-9
vn -0.02028292 0.9945807 0.1019691
vn -0.03978639 0.9945807 0.09605283
vn -0.05776088 0.9945807 0.08644525
vn -0.07351565 0.9945807 0.07351565
vn -0.08644525 0.9945808 0.05776087
vn -0.09605283 0.9945807 0.03978639
vn -0.1019691 0.9945808 0.02028291
vn -0.1039668 0.9945807 -4.544534e-9
vn -0.0502675 0.9662349 0.2527118
vn -0.09860325 0.9662349 0.2380493
vn -0.1431497 0.9662349 0.2142387
vn -0.182195 0.966235 0.182195
vn -0.2142386 0.966235 0.1431496
vn -0.2380493 0.9662349 0.09860325
vn -0.2527117 0.966235 0.05026746
vn -0.2576627 0.966235 -1.126279e-8
vn 0 1 0
vn 0 1 0
vn 0 1 0
vn 0 1 0
vn 0 1 0
vn 0 1 0
vn 0 1 0
vn 0 1 0
vn 0 0.9999982 -0.001891249
vn -0.0003689645 0.9999982 -0.00185491
vn -0.0007237499 0.9999982 -0.001747286
vn -0.001050722 0.9999982 -0.001572516
vn -0.001337315 0.9999982 -0.001337315
vn -0.001572516 0.9999982 -0.001050722
vn -0.001747286 0.9999982 -0.0007237499
vn -0.001854909 0.9999982 -0.0003689641
vn 0 0.9999825 -0.00592582
vn -0.001156071 0.9999825 -0.005811959
vn -0.002267714 0.9999825 -0.005474744
vn -0.00329221 0.9999824 -0.00492714
vn -0.004190188 0.9999825 -0.004190188
vn -0.00492714 0.9999825 -0.003292209
vn -0.005474744 0.9999825 -0.002267713
vn -0.005811959 0.9999825 -0.00115607
vn 0 0.9999296 -0.01186078
vn -0.002313924 0.9999296 -0.01163288
vn -0.004538924 0.9999297 -0.01095793
vn -0.006589495 0.9999296 -0.009861877
vn -0.008386835 0.9999296 -0.008386835
vn -0.009861876 0.9999296 -0.006589494
vn -0.01095793 0.9999297 -0.004538924
vn -0.01163288 0.9999296 -0.002313922
vn 0 0.9997897 -0.0205085
vn -0.004001011 0.9997897 -0.02011444
vn -0.007848265 0.9997897 -0.01894738
vn -0.01139391 0.9997897 -0.0170522
vn -0.0145017 0.9997897 -0.0145017
vn -0.0170522 0.9997897 -0.01139391
vn -0.01894738 0.9997897 -0.007848264
vn -0.02011444 0.9997897 -0.004001008
vn 0 0.9994279 -0.03382158
vn -0.006598264 0.9994279 -0.03317171
vn -0.01294296 0.9994279 -0.03124706
vn -0.01879026 0.9994279 -0.02812162
vn -0.02391547 0.9994279 -0.02391547
vn -0.02812162 0.9994279 -0.01879026
vn -0.03124707 0.9994279 -0.01294296
vn -0.03317171 0.9994279 -0.006598259
vn 0 0.9983968 -0.05660201
vn -0.01104251 0.9983968 -0.05551442
vn -0.02166066 0.9983969 -0.05229345
vn -0.0314464 0.9983969 -0.04706286
vn -0.04002367 0.9983968 -0.04002367
vn -0.04706286 0.9983969 -0.03144639
vn -0.05229345 0.9983969 -0.02166066
vn -0.05551443 0.9983969 -0.0110425
vn 0 0.9945807 -0.1039668
vn -0.02028292 0.9945807 -0.1019691
vn -0.03978639 0.9945807 -0.09605283
vn -0.05776088 0.9945807 -0.08644525
vn -0.07351565 0.9945807 -0.07351565
vn -0.08644525 0.9945808 -0.05776087
vn -0.09605283 0.9945807 -0.03978639
vn -0.1019691 0.9945808 -0.02028291
vn 0 0.966235 -0.2576627
vn -0.0502675 0.9662349 -0.2527118
vn -0.09860325 0.9662349 -0.2380493
vn -0.1431497 0.9662349 -0.2142387
vn -0.182195 0.966235 -0.182195
vn -0.2142386 0.966235 -0.1431496
vn -0.2380493 0.9662349 -0.09860325
vn -0.2527117 0.966235 -0.05026746
vn 0 1 0
vn 0 1 0
vn 0 1 0
vn 0 1 0
vn 0 1 0
vn 0 1 0
vn 0 1 0
vn 0.00185491 0.9999982 -0.0003689645
vn 0.001747286 0.9999982 -0.0007237499
vn 0.001572516 0.9999982 -0.001050722
vn 0.001337315 0.9999982 -0.001337315
vn 0.001050722 0.9999982 -0.001572516
vn 0.0007237499 0.9999982 -0.001747286
vn 0.0003689641 0.9999982 -0.001854909
vn 0.005811959 0.9999825 -0.001156071
vn 0.005474744 0.9999825 -0.002267714
vn 0.00492714 0.9999824 -0.00329221
vn 0.004190188 0.9999825 -0.004190188
vn 0.003292209 0.9999825 -0.00492714
vn 0.002267713 0.9999825 -0.005474744
vn 0.00115607 0.9999825 -0.005811959
vn 0.01163288 0.9999296 -0.002313924
vn 0.01095793 0.9999297 -0.004538924
vn 0.009861877 0.9999296 -0.006589495
vn 0.008386835 0.9999296 -0.008386835
vn 0.006589494 0.9999296 -0.009861876
vn 0.004538924 0.9999297 -0.01095793
vn 0.002313922 0.9999296 -0.01163288
vn 0.02011444 0.9997897 -0.004001011
vn 0.01894738 0.9997897 -0.007848265
vn 0.0170522 0.9997897 -0.01139391
vn 0.0145017 0.9997897 -0.0145017
vn 0.01139391 0.9997897 -0.0170522
vn 0.007848264 0.9997897 -0.01894738
vn 0.004001008 0.9997897 -0.02011444
vn 0.03317171 0.9994279 -0.006598264
vn 0.03124706 0.9994279 -0.01294296
vn 0.02812162 0.9994279 -0.01879026
vn 0.02391547 0.9994279 -0.02391547
vn 0.01879026 0.9994279 -0.02812162
vn 0.01294296 0.9994279 -0.03124707
vn 0.006598259 0.9994279 -0.03317171
vn 0.05551442 0.9983968 -0.01104251
vn 0.05229345 0.9983969 -0.02166066
vn 0.04706286 0.9983969 -0.0314464
vn 0.04002367 0.9983968 -0.04002367
vn 0.03144639 0.9983969 -0.04706286
vn 0.02166066 0.9983969 -0.05229345
vn 0.0110425 0.9983969 -0.05551443
vn 0.1019691 0.9945807 -0.02028292
vn 0.09605283 0.9945807 -0.03978639
vn 0.08644525 0.9945807 -0.05776088
vn 0.07351565 0.9945807 -0.07351565
vn 0.05776087 0.9945808 -0.08644525
vn 0.03978639 0.9945807 -0.09605283
vn 0.02028291 0.9945808 -0.1019691
vn 0.2527118 0.9662349 -0.0502675
vn 0.2380493 0.9662349 -0.09860325
vn 0.2142387 0.9662349 -0.1431497
vn 0.182195 0.966235 -0.182195
vn 0.1431496 0.966235 -0.2142386
vn 0.09860325 0.9662349 -0.2380493
vn 0.05026746 0.966235 -0.2527117
vn 0.4080211 0.9129725 0
vn 0.400181 0.9129725 0.07960096
vn 0.3769623 0.9129725 0.1561429
vn 0.3392572 0.9129726 0.2266844
vn 0.2885145 0.9129725 0.2885145
vn 0.2266843 0.9129726 0.3392572
vn 0.1561429 0.9129725 0.3769623
vn 0.07960095 0.9129725 0.4001812
vn -1.783517e-8 0.9129725 0.4080211
vn 0.5030298 0.864269 0
vn 0.4933641 0.8642691 0.09813625
vn 0.4647388 0.8642691 0.1925012
vn 0.4182539 0.8642691 0.2794684
vn 0.3556958 0.8642691 0.3556958
vn 0.2794683 0.8642691 0.418254
vn 0.1925011 0.8642691 0.4647389
vn 0.09813619 0.8642691 0.4933642
vn -2.198813e-8 0.864269 0.5030298
vn 0.636139 0.7715744 0
vn 0.6239158 0.7715744 0.1241046
vn 0.5877159 0.7715744 0.2434399
vn 0.5289303 0.7715744 0.3534199
vn 0.4498183 0.7715744 0.4498183
vn 0.3534199 0.7715744 0.5289304
vn 0.2434399 0.7715744 0.5877159
vn 0.1241045 0.7715744 0.6239159
vn -2.780653e-8 0.7715744 0.636139
vn 0.7829862 0.622039 0
vn 0.7679414 0.622039 0.1527531
vn 0.723385 0.6220389 0.2996359
vn 0.6510292 0.622039 0.4350039
vn 0.5536549 0.622039 0.5536549
vn 0.4350038 0.622039 0.6510293
vn 0.2996359 0.622039 0.723385
vn 0.152753 0.622039 0.7679414
vn -3.422542e-8 0.622039 0.7829862
vn 0.9096304 0.4154187 0
vn 0.8921521 0.4154186 0.1774601
vn 0.8403888 0.4154186 0.3481005
vn 0.75633 0.4154187 0.5053636
vn 0.6432058 0.4154186 0.6432058
vn 0.5053635 0.4154186 0.7563301
vn 0.3481005 0.4154186 0.8403888
vn 0.17746 0.4154185 0.8921521
vn -3.976121e-8 0.4154187 0.9096304
vn 0.983674 0.1799594 0
vn 0.964773 0.1799593 0.1919053
vn 0.9087963 0.1799594 0.3764358
vn 0.8178951 0.1799594 0.5465001
vn 0.6955625 0.1799594 0.6955625
vn 0.5464999 0.1799594 0.8178952
vn 0.3764358 0.1799594 0.9087963
vn 0.1919052 0.1799594 0.9647731
vn -4.299776e-8 0.1799594 0.983674
vn 0.9991363 -0.04155224 0
vn 0.9799382 -0.04155235 0.1949219
vn 0.9230816 -0.04155226 0.382353
vn 0.8307515 -0.04155225 0.5550904
vn 0.7064961 -0.04155235 0.7064961
vn 0.5550902 -0.04155223 0.8307515
vn 0.3823529 -0.04155226 0.9230816
vn 0.1949217 -0.04155225 0.9799382
vn -4.367363e-8 -0.04155224 0.9991363
vn 0.9749242 -0.222537 0
vn 0.9561913 -0.2225371 0.1901983
vn 0.9007125 -0.222537 0.3730874
vn 0.8106198 -0.222537 0.5416389
vn 0.6893755 -0.2225371 0.6893755
vn 0.5416389 -0.222537 0.81062
vn 0.3730873 -0.222537 0.9007125
vn 0.1901982 -0.222537 0.9561914
vn -4.261529e-8 -0.222537 0.9749242
vn -0.07960096 0.9129725 0.400181
vn -0.1561429 0.9129725 0.3769623
vn -0.2266844 0.9129726 0.3392572
vn -0.2885145 0.9129725 0.2885145
vn -0.3392572 0.9129726 0.2266843
vn -0.3769623 0.9129725 0.1561429
vn -0.4001812 0.9129725 0.07960095
vn -0.4080211 0.9129725 -1.783517e-8
vn -0.09813625 0.8642691 0.4933641
vn -0.1925012 0.8642691 0.4647388
vn -0.2794684 0.8642691 0.4182539
vn -0.3556958 0.8642691 0.3556958
vn -0.418254 0.8642691 0.2794683
vn -0.4647389 0.8642691 0.1925011
vn -0.4933642 0.8642691 0.09813619
vn -0.5030298 0.864269 -2.198813e-8
vn -0.1241046 0.7715744 0.6239158
vn -0.2434399 0.7715744 0.5877159
vn -0.3534199 0.7715744 0.5289303
vn -0.4498183 0.7715744 0.4498183
vn -0.5289304 0.7715744 0.3534199
vn -0.5877159 0.7715744 0.2434399
vn -0.6239159 0.7715744 0.1241045
vn -0.636139 0.7715744 -2.780653e-8
vn -0.1527531 0.622039 0.7679414
vn -0.2996359 0.6220389 0.723385
vn -0.4350039 0.622039 0.6510292
vn -0.5536549 0.622039 0.5536549
vn -0.6510293 0.622039 0.4350038
vn -0.723385 0.622039 0.2996359
vn -0.7679414 0.622039 0.152753
vn -0.7829862 0.622039 -3.422542e-8
vn -0.1774601 0.4154186 0.8921521
vn -0.3481005 0.4154186 0.8403888
vn -0.5053636 0.4154187 0.75633
vn -0.6432058 0.4154186 0.6432058
vn -0.7563301 0.4154186 0.5053635
vn -0.8403888 0.4154186 0.3481005
vn -0.8921521 0.4154185 0.17746
vn -0.9096304 0.4154187 -3.976121e-8
vn -0.1919053 0.1799593 0.964773
vn -0.3764358 0.1799594 0.9087963
vn -0.5465001 0.1799594 0.8178951
vn -0.6955625 0.1799594 0.6955625
vn -0.8178952 0.1799594 0.5464999
vn -0.9087963 0.1799594 0.3764358
vn -0.9647731 0.1799594 0.1919052
vn -0.1949219 -0.04155235 0.9799382
vn -0.382353 -0.04155226 0.9230816
vn -0.5550904 -0.04155225 0.8307515
vn -0.7064961 -0.04155235 0.7064961
vn -0.8307515 -0.04155223 0.5550902
vn -0.9230816 -0.04155226 0.3823529
vn -0.9799382 -0.04155225 0.1949217
vn -0.1901983 -0.2225371 0.9561913
vn -0.3730874 -0.222537 0.9007125
vn -0.5416389 -0.222537 0.8106198
vn -0.6893755 -0.2225371 0.6893755
vn -0.81062 -0.222537 0.5416389
vn -0.9007125 -0.222537 0.3730873
vn -0.9561914 -0.222537 0.1901982
vn -0.9749242 -0.222537 -4.261529e-8
vn 0 0.9129725 -0.4080211
vn -0.07960096 0.9129725 -0.400181
vn -0.1561429 0.9129725 -0.3769623
vn -0.2266844 0.9129726 -0.3392572
vn -0.2885145 0.9129725 -0.2885145
vn -0.3392572 0.9129726 -0.2266843
vn -0.3769623 0.9129725 -0.1561429
vn -0.4001812 0.9129725 -0.07960095
vn 0 0.864269 -0.5030298
vn -0.09813625 0.8642691 -0.4933641
vn -0.1925012 0.8642691 -0.4647388
vn -0.2794684 0.8642691 -0.4182539
vn -0.3556958 0.8642691 -0.3556958
vn -0.418254 0.8642691 -0.2794683
vn -0.4647389 0.8642691 -0.1925011
vn -0.4933642 0.8642691 -0.09813619
vn 0 0.7715744 -0.636139
vn -0.1241046 0.7715744 -0.6239158
vn -0.2434399 0.7715744 -0.5877159
vn -0.3534199 0.7715744 -0.5289303
vn -0.4498183 0.7715744 -0.4498183
vn -0.5289304 0.7715744 -0.3534199
vn -0.5877159 0.7715744 -0.2434399
vn -0.6239159 0.7715744 -0.1241045
vn 0 0.622039 -0.7829862
vn -0.1527531 0.622039 -0.7679414
vn -0.2996359 0.6220389 -0.723385
vn -0.4350039 0.622039 -0.6510292
vn -0.5536549 0.622039 -0.5536549
vn -0.6510293 0.622039 -0.4350038
vn -0.723385 0.622039 -0.2996359
vn -0.7679414 0.622039 -0.152753
vn 0 0.4154187 -0.9096304
vn -0.1774601 0.4154186 -0.8921521
vn -0.3481005 0.4154186 -0.8403888
vn -0.5053636 0.4154187 -0.75633
vn -0.6432058 0.4154186 -0.6432058
vn -0.7563301 0.4154186 -0.5053635
vn -0.8403888 0.4154186 -0.3481005
vn -0.8921521 0.4154185 -0.17746
vn 0 0.1799594 -0.983674
vn -0.1919053 0.1799593 -0.964773
vn -0.3764358 0.1799594 -0.9087963
vn -0.5465001 0.1799594 -0.8178951
vn -0.6955625 0.1799594 -0.6955625
vn -0.8178952 0.1799594 -0.5464999
vn -0.9087963 0.1799594 -0.3764358
vn -0.9647731 0.1799594 -0.1919052
vn 0 -0.04155224 -0.9991363
vn -0.1949219 -0.04155235 -0.9799382
vn -0.382353 -0.04155226 -0.9230816
vn -0.5550904 -0.04155225 -0.8307515
vn -0.7064961 -0.04155235 -0.7064961
vn -0.8307515 -0.04155223 -0.5550902
vn -0.9230816 -0.04155226 -0.3823529
vn -0.9799382 -0.04155225 -0.1949217
vn 0 -0.222537 -0.9749242
vn -0.1901983 -0.2225371 -0.9561913
vn -0.3730874 -0.222537 -0.9007125
vn -0.5416389 -0.222537 -0.8106198
vn -0.6893755 -0.2225371 -0.6893755
vn -0.81062 -0.222537 -0.5416389
vn -0.9007125 -0.222537 -0.3730873
vn -0.9561914 -0.222537 -0.1901982
vn 0.400181 0.9129725 -0.07960096
vn 0.3769623 0.9129725 -0.1561429
vn 0.3392572 0.9129726 -0.2266844
vn 0.2885145 0.9129725 -0.2885145
vn 0.2266843 0.9129726 -0.3392572
vn 0.1561429 0.9129725 -0.3769623
vn 0.07960095 0.9129725 -0.4001812
vn 0.4933641 0.8642691 -0.09813625
vn 0.4647388 0.8642691 -0.1925012
vn 0.4182539 0.8642691 -0.2794684
vn 0.3556958 0.8642691 -0.3556958
vn 0.2794683 0.8642691 -0.418254
vn 0.1925011 0.8642691 -0.4647389
vn 0.09813619 0.8642691 -0.4933642
vn 0.6239158 0.7715744 -0.1241046
vn 0.5877159 0.7715744 -0.2434399
vn 0.5289303 0.7715744 -0.3534199
vn 0.4498183 0.7715744 -0.4498183
vn 0.3534199 0.7715744 -0.5289304
vn 0.2434399 0.7715744 -0.5877159
vn 0.1241045 0.7715744 -0.6239159
vn 0.7679414 0.622039 -0.1527531
vn 0.723385 0.6220389 -0.2996359
vn 0.6510292 0.622039 -0.4350039
vn 0.5536549 0.622039 -0.5536549
vn 0.4350038 0.622039 -0.6510293
vn 0.2996359 0.622039 -0.723385
vn 0.152753 0.622039 -0.7679414
vn 0.8921521 0.4154186 -0.1774601
vn 0.8403888 0.4154186 -0.3481005
vn 0.75633 0.4154187 -0.5053636
vn 0.6432058 0.4154186 -0.6432058
vn 0.5053635 0.4154186 -0.7563301
vn 0.3481005 0.4154186 -0.8403888
vn 0.17746 0.4154185 -0.8921521
vn 0.964773 0.1799593 -0.1919053
vn 0.9087963 0.1799594 -0.3764358
vn 0.8178951 0.1799594 -0.5465001
vn 0.6955625 0.1799594 -0.6955625
vn 0.5464999 0.1799594 -0.8178952
vn 0.3764358 0.1799594 -0.9087963
vn 0.1919052 0.1799594 -0.9647731
vn 0.9799382 -0.04155235 -0.1949219
vn 0.9230816 -0.04155226 -0.382353
vn 0.8307515 -0.04155225 -0.5550904
vn 0.7064961 -0.04155235 -0.7064961
vn 0.5550902 -0.04155223 -0.8307515
vn 0.3823529 -0.04155226 -0.9230816
vn 0.1949217 -0.04155225 -0.9799382
vn 0.9561913 -0.2225371 -0.1901983
vn 0.9007125 -0.222537 -0.3730874
vn 0.8106198 -0.222537 -0.5416389
vn 0.6893755 -0.2225371 -0.6893755
vn 0.5416389 -0.222537 -0.81062
vn 0.3730873 -0.222537 -0.9007125
vn 0.1901982 -0.222537 -0.9561914
vn 0.9608517 -0.2770635 0
vn 0.9423892 -0.2770634 0.1874529
vn 0.8877112 -0.2770634 0.367702
vn 0.7989188 -0.2770635 0.5338206
vn 0.6794247 -0.2770634 0.6794247
vn 0.5338206 -0.2770635 0.798919
vn 0.367702 -0.2770634 0.8877112
vn 0.1874528 -0.2770635 0.9423891
vn -4.200017e-8 -0.2770635 0.9608517
vn 0.9343578 -0.3563363 0
vn 0.9164044 -0.3563363 0.1822842
vn 0.863234 -0.3563363 0.3575633
vn 0.77689 -0.3563363 0.5191014
vn 0.6606907 -0.3563363 0.6606907
vn 0.5191014 -0.3563363 0.7768901
vn 0.3575633 -0.3563363 0.863234
vn 0.1822841 -0.3563363 0.9164044
vn -4.084207e-8 -0.3563363 0.9343578
vn 0.8797262 -0.4754808 0
vn 0.8628224 -0.4754808 0.171626
vn 0.8127609 -0.4754806 0.3366566
vn 0.7314656 -0.4754808 0.4887497
vn 0.6220603 -0.4754806 0.6220603
vn 0.4887496 -0.4754808 0.7314656
vn 0.3366566 -0.4754806 0.8127609
vn 0.171626 -0.4754808 0.8628225
vn -3.845405e-8 -0.4754808 0.8797262
vn 0.759823 -0.6501301 0
vn 0.7452231 -0.6501302 0.1482341
vn 0.7019848 -0.65013 0.2907716
vn 0.6317697 -0.65013 0.422135
vn 0.537276 -0.65013 0.537276
vn 0.422135 -0.65013 0.6317697
vn 0.2907716 -0.65013 0.7019848
vn 0.148234 -0.65013 0.7452232
vn -3.321292e-8 -0.6501301 0.759823
vn 0.5256403 -0.8507069 0
vn 0.5155402 -0.8507069 0.1025473
vn 0.4856284 -0.8507069 0.2011538
vn 0.4370539 -0.8507069 0.2920301
vn 0.3716839 -0.8507069 0.3716839
vn 0.2920301 -0.8507069 0.437054
vn 0.2011538 -0.8507069 0.4856284
vn 0.1025473 -0.8507069 0.5155402
vn -2.297647e-8 -0.8507069 0.5256403
vn 0.296021 -0.9551814 0
vn 0.290333 -0.9551814 0.05775082
vn 0.2734877 -0.9551814 0.1132823
vn 0.2461325 -0.9551815 0.1644605
vn 0.2093185 -0.9551814 0.2093185
vn 0.1644604 -0.9551814 0.2461325
vn 0.1132823 -0.9551814 0.2734877
vn 0.05775081 -0.9551814 0.2903331
vn -1.293949e-8 -0.9551814 0.296021
vn 0.5658684 -0.8244956 0
vn 0.5549954 -0.8244956 0.1103954
vn 0.5227942 -0.8244956 0.2165485
vn 0.4705024 -0.8244955 0.3143797
vn 0.4001295 -0.8244955 0.4001295
vn 0.3143797 -0.8244955 0.4705025
vn 0.2165485 -0.8244956 0.5227942
vn 0.1103954 -0.8244954 0.5549955
vn -2.473489e-8 -0.8244956 0.5658684
vn 0.9889364 -0.1483402 0
vn 0.9699343 -0.1483399 0.1929319
vn 0.9136581 -0.1483401 0.3784496
vn 0.8222706 -0.1483399 0.5494237
vn 0.6992837 -0.1483399 0.6992837
vn 0.5494236 -0.1483399 0.8222706
vn 0.3784496 -0.1483401 0.9136581
vn 0.1929319 -0.1483399 0.9699343
vn -4.322779e-8 -0.1483402 0.9889364
vn -0.1874529 -0.2770634 0.9423892
vn -0.367702 -0.2770634 0.8877112
vn -0.5338206 -0.2770635 0.7989188
vn -0.6794247 -0.2770634 0.6794247
vn -0.798919 -0.2770635 0.5338206
vn -0.8877112 -0.2770634 0.367702
vn -0.9423891 -0.2770635 0.1874528
vn -0.9608517 -0.2770635 -4.200017e-8
vn -0.1822842 -0.3563363 0.9164044
vn -0.3575633 -0.3563363 0.863234
vn -0.5191014 -0.3563363 0.77689
vn -0.6606907 -0.3563363 0.6606907
vn -0.7768901 -0.3563363 0.5191014
vn -0.863234 -0.3563363 0.3575633
vn -0.9164044 -0.3563363 0.1822841
vn -0.9343578 -0.3563363 -4.084207e-8
vn -0.171626 -0.4754808 0.8628224
vn -0.3366566 -0.4754806 0.8127609
vn -0.4887497 -0.4754808 0.7314656
vn -0.6220603 -0.4754806 0.6220603
vn -0.7314656 -0.4754808 0.4887496
vn -0.8127609 -0.4754806 0.3366566
vn -0.8628225 -0.4754808 0.171626
vn -0.8797262 -0.4754808 -3.845405e-8
vn -0.1482341 -0.6501302 0.7452231
vn -0.2907716 -0.65013 0.7019848
vn -0.422135 -0.65013 0.6317697
vn -0.537276 -0.65013 0.537276
vn -0.6317697 -0.65013 0.422135
vn -0.7019848 -0.65013 0.2907716
vn -0.7452232 -0.65013 0.148234
vn -0.759823 -0.6501301 -3.321292e-8
vn -0.1025473 -0.8507069 0.5155402
vn -0.2011538 -0.8507069 0.4856284
vn -0.2920301 -0.8507069 0.4370539
vn -0.3716839 -0.8507069 0.3716839
vn -0.437054 -0.8507069 0.2920301
vn -0.4856284 -0.8507069 0.2011538
vn -0.5155402 -0.8507069 0.1025473
vn -0.5256403 -0.8507069 -2.297647e-8
vn -0.05775082 -0.9551814 0.290333
vn -0.1132823 -0.9551814 0.2734877
vn -0.1644605 -0.9551815 0.2461325
vn -0.2093185 -0.9551814 0.2093185
vn -0.2461325 -0.9551814 0.1644604
vn -0.2734877 -0.9551814 0.1132823
vn -0.2903331 -0.9551814 0.05775081
vn -0.296021 -0.9551814 -1.293949e-8
vn -0.1103954 -0.8244956 0.5549954
vn -0.2165485 -0.8244956 0.5227942
vn -0.3143797 -0.8244955 0.4705024
vn -0.4001295 -0.8244955 0.4001295
vn -0.4705025 -0.8244955 0.3143797
vn -0.5227942 -0.8244956 0.2165485
vn -0.5549955 -0.8244954 0.1103954
vn -0.5658684 -0.8244956 -2.473489e-8
vn -0.1929319 -0.1483399 0.9699343
vn -0.3784496 -0.1483401 0.9136581
vn -0.5494237 -0.1483399 0.8222706
vn -0.6992837 -0.1483399 0.6992837
vn -0.8222706 -0.1483399 0.5494236
vn -0.9136581 -0.1483401 0.3784496
vn -0.9699343 -0.1483399 0.1929319
vn -0.9889364 -0.1483402 -4.322779e-8
vn 0 -0.2770635 -0.9608517
vn -0.1874529 -0.2770634 -0.9423892
vn -0.367702 -0.2770634 -0.8877112
vn -0.5338206 -0.2770635 -0.7989188
vn -0.6794247 -0.2770634 -0.6794247
vn -0.798919 -0.2770635 -0.5338206
vn -0.8877112 -0.2770634 -0.367702
vn -0.9423891 -0.2770635 -0.1874528
vn 0 -0.3563363 -0.9343578
vn -0.1822842 -0.3563363 -0.9164044
vn -0.3575633 -0.3563363 -0.863234
vn -0.5191014 -0.3563363 -0.77689
vn -0.6606907 -0.3563363 -0.6606907
vn -0.7768901 -0.3563363 -0.5191014
vn -0.863234 -0.3563363 -0.3575633
vn -0.9164044 -0.3563363 -0.1822841
vn 0 -0.4754808 -0.8797262
vn -0.171626 -0.4754808 -0.8628224
vn -0.3366566 -0.4754806 -0.8127609
vn -0.4887497 -0.4754808 -0.7314656
vn -0.6220603 -0.4754806 -0.6220603
vn -0.7314656 -0.4754808 -0.4887496
vn -0.8127609 -0.4754806 -0.3366566
vn -0.8628225 -0.4754808 -0.171626
vn 0 -0.6501301 -0.759823
vn -0.1482341 -0.6501302 -0.7452231
vn -0.2907716 -0.65013 -0.7019848
vn -0.422135 -0.65013 -0.6317697
vn -0.537276 -0.65013 -0.537276
vn -0.6317697 -0.65013 -0.422135
vn -0.7019848 -0.65013 -0.2907716
vn -0.7452232 -0.65013 -0.148234
vn 0 -0.8507069 -0.5256403
vn -0.1025473 -0.8507069 -0.5155402
vn -0.2011538 -0.8507069 -0.4856284
vn -0.2920301 -0.8507069 -0.4370539
vn -0.3716839 -0.8507069 -0.3716839
vn -0.437054 -0.8507069 -0.2920301
vn -0.4856284 -0.8507069 -0.2011538
vn -0.5155402 -0.8507069 -0.1025473
vn 0 -0.9551814 -0.296021
vn -0.05775082 -0.9551814 -0.290333
vn -0.1132823 -0.9551814 -0.2734877
vn -0.1644605 -0.9551815 -0.2461325
vn -0.2093185 -0.9551814 -0.2093185
vn -0.2461325 -0.9551814 -0.1644604
vn -0.2734877 -0.9551814 -0.1132823
vn -0.2903331 -0.9551814 -0.05775081
vn 0 -0.8244956 -0.5658684
vn -0.1103954 -0.8244956 -0.5549954
vn -0.2165485 -0.8244956 -0.5227942
vn -0.3143797 -0.8244955 -0.4705024
vn -0.4001295 -0.8244955 -0.4001295
vn -0.4705025 -0.8244955 -0.3143797
vn -0.5227942 -0.8244956 -0.2165485
vn -0.5549955 -0.8244954 -0.1103954
vn 0 -0.1483402 -0.9889364
vn -0.1929319 -0.1483399 -0.9699343
vn -0.3784496 -0.1483401 -0.9136581
vn -0.5494237 -0.1483399 -0.8222706
vn -0.6992837 -0.1483399 -0.6992837
vn -0.8222706 -0.1483399 -0.5494236
vn -0.9136581 -0.1483401 -0.3784496
vn -0.9699343 -0.1483399 -0.1929319
vn 0.9423892 -0.2770634 -0.1874529
vn 0.8877112 -0.2770634 -0.367702
vn 0.7989188 -0.2770635 -0.5338206
vn 0.6794247 -0.2770634 -0.6794247
vn 0.5338206 -0.2770635 -0.798919
vn 0.367702 -0.2770634 -0.8877112
vn 0.1874528 -0.2770635 -0.9423891
vn 0.9164044 -0.3563363 -0.1822842
vn 0.863234 -0.3563363 -0.3575633
vn 0.77689 -0.3563363 -0.5191014
vn 0.6606907 -0.3563363 -0.6606907
vn 0.5191014 -0.3563363 -0.7768901
vn 0.3575633 -0.3563363 -0.863234
vn 0.1822841 -0.3563363 -0.9164044
vn 0.8628224 -0.4754808 -0.171626
vn 0.8127609 -0.4754806 -0.3366566
vn 0.7314656 -0.4754808 -0.4887497
vn 0.6220603 -0.4754806 -0.6220603
vn 0.4887496 -0.4754808 -0.7314656
vn 0.3366566 -0.4754806 -0.8127609
vn 0.171626 -0.4754808 -0.8628225
vn 0.7452231 -0.6501302 -0.1482341
vn 0.7019848 -0.65013 -0.2907716
vn 0.6317697 -0.65013 -0.422135
vn 0.537276 -0.65013 -0.537276
vn 0.422135 -0.65013 -0.6317697
vn 0.2907716 -0.65013 -0.7019848
vn 0.148234 -0.65013 -0.7452232
vn 0.5155402 -0.8507069 -0.1025473
vn 0.4856284 -0.8507069 -0.2011538
vn 0.4370539 -0.8507069 -0.2920301
vn 0.3716839 -0.8507069 -0.3716839
vn 0.2920301 -0.8507069 -0.437054
vn 0.2011538 -0.8507069 -0.4856284
vn 0.1025473 -0.8507069 -0.5155402
vn 0.290333 -0.9551814 -0.05775082
vn 0.2734877 -0.9551814 -0.1132823
vn 0.2461325 -0.9551815 -0.1644605
vn 0.2093185 -0.9551814 -0.2093185
vn 0.1644604 -0.9551814 -0.2461325
vn 0.1132823 -0.9551814 -0.2734877
vn 0.05775081 -0.9551814 -0.2903331
vn 0.5549954 -0.8244956 -0.1103954
vn 0.5227942 -0.8244956 -0.2165485
vn 0.4705024 -0.8244955 -0.3143797
vn 0.4001295 -0.8244955 -0.4001295
vn 0.3143797 -0.8244955 -0.4705025
vn 0.2165485 -0.8244956 -0.5227942
vn 0.1103954 -0.8244954 -0.5549955
vn 0.9699343 -0.1483399 -0.1929319
vn 0.9136581 -0.1483401 -0.3784496
vn 0.8222706 -0.1483399 -0.5494237
vn 0.6992837 -0.1483399 -0.6992837
vn 0.5494236 -0.1483399 -0.8222706
vn 0.3784496 -0.1483401 -0.9136581
vn 0.1929319 -0.1483399 -0.9699343
vn 0.9553776 0.2953872 0
vn 0.9370202 0.2953876 0.1863849
vn 0.882654 0.2953867 0.3656073
vn 0.7943674 0.2953874 0.5307794
vn 0.675554 0.2953869 0.675554
vn 0.5307792 0.2953869 0.7943676
vn 0.3656073 0.2953867 0.882654
vn 0.1863848 0.2953872 0.9370204
vn -4.176088e-8 0.2953872 0.9553776
vn 0.7012389 0.7129264 0
vn 0.6877646 0.7129266 0.1368049
vn 0.6478604 0.7129262 0.2683526
vn 0.5830588 0.7129264 0.3895875
vn 0.4958509 0.7129263 0.4958509
vn 0.3895874 0.7129263 0.583059
vn 0.2683525 0.7129262 0.6478604
vn 0.1368049 0.7129263 0.6877649
vn -3.065212e-8 0.7129264 0.7012389
vn 0.4153669 0.909654 0
vn 0.4073856 0.909654 0.08103405
vn 0.3837491 0.909654 0.1589541
vn 0.345365 0.909654 0.2307656
vn 0.2937089 0.909654 0.2937089
vn 0.2307655 0.909654 0.345365
vn 0.1589541 0.9096539 0.3837491
vn 0.08103407 0.9096538 0.4073859
vn -1.815627e-8 0.909654 0.4153669
vn 0.2240412 0.9745797 0
vn 0.2197363 0.9745797 0.04370826
vn 0.2069871 0.9745797 0.08573688
vn 0.1862835 0.9745797 0.1244707
vn 0.1584211 0.9745797 0.1584211
vn 0.1244706 0.9745797 0.1862835
vn 0.08573686 0.9745797 0.2069871
vn 0.04370826 0.9745797 0.2197364
vn -9.793152e-9 0.9745797 0.2240412
vn 0.1102298 0.9939061 0
vn 0.1081118 0.9939061 0.02150477
vn 0.1018391 0.9939061 0.04218314
vn 0.09165275 0.9939061 0.06124043
vn 0.07794426 0.9939061 0.07794426
vn 0.06124042 0.9939061 0.09165277
vn 0.04218314 0.9939061 0.1018391
vn 0.02150477 0.9939061 0.1081118
vn -4.818298e-9 0.9939061 0.1102298
vn 0.04469798 0.9990006 0
vn 0.04383912 0.9990005 0.008720144
vn 0.04129555 0.9990005 0.01710518
vn 0.03716502 0.9990005 0.02483287
vn 0.03160624 0.9990005 0.03160624
vn 0.02483287 0.9990005 0.03716502
vn 0.01710518 0.9990005 0.04129555
vn 0.00872014 0.9990005 0.04383912
vn -1.95381e-9 0.9990006 0.04469798
vn 0.01059823 0.9999439 0
vn 0.01039459 0.9999439 0.002067612
vn 0.009791491 0.9999439 0.004055769
vn 0.008812107 0.9999439 0.005888063
vn 0.007494078 0.9999439 0.007494078
vn 0.005888062 0.9999439 0.008812109
vn 0.004055769 0.9999439 0.009791492
vn 0.00206761 0.9999439 0.01039458
vn -4.632633e-10 0.9999439 0.01059823
vn 0 1 0
vn 0 1 0
vn 0 1 0
vn 0 1 0
vn 0 1 0
vn 0 1 0
vn 0 1 0
vn 0 1 0
vn 0 1 0
vn -0.1863849 0.2953876 0.9370202
vn -0.3656073 0.2953867 0.882654
vn -0.5307794 0.2953874 0.7943674
vn -0.675554 0.2953869 0.675554
vn -0.7943676 0.2953869 0.5307792
vn -0.882654 0.2953867 0.3656073
vn -0.9370204 0.2953872 0.1863848
vn -0.9553776 0.2953872 -4.176088e-8
vn -0.1368049 0.7129266 0.6877646
vn -0.2683526 0.7129262 0.6478604
vn -0.3895875 0.7129264 0.5830588
vn -0.4958509 0.7129263 0.4958509
vn -0.583059 0.7129263 0.3895874
vn -0.6478604 0.7129262 0.2683525
vn -0.6877649 0.7129263 0.1368049
vn -0.7012389 0.7129264 -3.065212e-8
vn -0.08103405 0.909654 0.4073856
vn -0.1589541 0.909654 0.3837491
vn -0.2307656 0.909654 0.345365
vn -0.2937089 0.909654 0.2937089
vn -0.345365 0.909654 0.2307655
vn -0.3837491 0.9096539 0.1589541
vn -0.4073859 0.9096538 0.08103407
vn -0.4153669 0.909654 -1.815627e-8
vn -0.04370826 0.9745797 0.2197363
vn -0.08573688 0.9745797 0.2069871
vn -0.1244707 0.9745797 0.1862835
vn -0.1584211 0.9745797 0.1584211
vn -0.1862835 0.9745797 0.1244706
vn -0.2069871 0.9745797 0.08573686
vn -0.2197364 0.9745797 0.04370826
vn -0.2240412 0.9745797 -9.793152e-9
vn -0.02150477 0.9939061 0.1081118
vn -0.04218314 0.9939061 0.1018391
vn -0.06124043 0.9939061 0.09165275
vn -0.07794426 0.9939061 0.07794426
vn -0.09165277 0.9939061 0.06124042
vn -0.1018391 0.9939061 0.04218314
vn -0.1081118 0.9939061 0.02150477
vn -0.1102298 0.9939061 -4.818298e-9
vn -0.008720144 0.9990005 0.04383912
vn -0.01710518 0.9990005 0.04129555
vn -0.02483287 0.9990005 0.03716502
vn -0.03160624 0.9990005 0.03160624
vn -0.03716502 0.9990005 0.02483287
vn -0.04129555 0.9990005 0.01710518
vn -0.04383912 0.9990005 0.00872014
vn -0.04469798 0.9990006 -1.95381e-9
vn -0.002067612 0.9999439 0.01039459
vn -0.004055769 0.9999439 0.009791491
vn -0.005888063 0.9999439 0.008812107
vn -0.007494078 0.9999439 0.007494078
vn -0.008812109 0.9999439 0.005888062
vn -0.009791492 0.9999439 0.004055769
vn -0.01039458 0.9999439 0.00206761
vn -0.01059823 0.9999439 -4.632633e-10
vn 0 1 0
vn 0 1 0
vn 0 1 0
vn 0 1 0
vn 0 1 0
vn 0 1 0
vn 0 1 0
vn 0 1 0
vn 0 0.2953872 -0.9553776
vn -0.1863849 0.2953876 -0.9370202
vn -0.3656073 0.2953867 -0.882654
vn -0.5307794 0.2953874 -0.7943674
vn -0.675554 0.2953869 -0.675554
vn -0.7943676 0.2953869 -0.5307792
vn -0.882654 0.2953867 -0.3656073
vn -0.9370204 0.2953872 -0.1863848
vn 0 0.7129264 -0.7012389
vn -0.1368049 0.7129266 -0.6877646
vn -0.2683526 0.7129262 -0.6478604
vn -0.3895875 0.7129264 -0.5830588
vn -0.4958509 0.7129263 -0.4958509
vn -0.583059 0.7129263 -0.3895874
vn -0.6478604 0.7129262 -0.2683525
vn -0.6877649 0.7129263 -0.1368049
vn 0 0.909654 -0.4153669
vn -0.08103405 0.909654 -0.4073856
vn -0.1589541 0.909654 -0.3837491
vn -0.2307656 0.909654 -0.345365
vn -0.2937089 0.909654 -0.2937089
vn -0.345365 0.909654 -0.2307655
vn -0.3837491 0.9096539 -0.1589541
vn -0.4073859 0.9096538 -0.08103407
vn 0 0.9745797 -0.2240412
vn -0.04370826 0.9745797 -0.2197363
vn -0.08573688 0.9745797 -0.2069871
vn -0.1244707 0.9745797 -0.1862835
vn -0.1584211 0.9745797 -0.1584211
vn -0.1862835 0.9745797 -0.1244706
vn -0.2069871 0.9745797 -0.08573686
vn -0.2197364 0.9745797 -0.04370826
vn 0 0.9939061 -0.1102298
vn -0.02150477 0.9939061 -0.1081118
vn -0.04218314 0.9939061 -0.1018391
vn -0.06124043 0.9939061 -0.09165275
vn -0.07794426 0.9939061 -0.07794426
vn -0.09165277 0.9939061 -0.06124042
vn -0.1018391 0.9939061 -0.04218314
vn -0.1081118 0.9939061 -0.02150477
vn 0 0.9990006 -0.04469798
vn -0.008720144 0.9990005 -0.04383912
vn -0.01710518 0.9990005 -0.04129555
vn -0.02483287 0.9990005 -0.03716502
vn -0.03160624 0.9990005 -0.03160624
vn -0.03716502 0.9990005 -0.02483287
vn -0.04129555 0.9990005 -0.01710518
vn -0.04383912 0.9990005 -0.00872014
vn 0 0.9999439 -0.01059823
vn -0.002067612 0.9999439 -0.01039459
vn -0.004055769 0.9999439 -0.009791491
vn -0.005888063 0.9999439 -0.008812107
vn -0.007494078 0.9999439 -0.007494078
vn -0.008812109 0.9999439 -0.005888062
vn -0.009791492 0.9999439 -0.004055769
vn -0.01039458 0.9999439 -0.00206761
vn 0 1 0
vn 0 1 0
vn 0 1 0
vn 0 1 0
vn 0 1 0
vn 0 1 0
vn 0 1 0
vn 0 1 0
vn 0.9370202 0.2953876 -0.1863849
vn 0.882654 0.2953867 -0.3656073
vn 0.7943674 0.2953874 -0.5307794
vn 0.675554 0.2953869 -0.675554
vn 0.5307792 0.2953869 -0.7943676
vn 0.3656073 0.2953867 -0.882654
vn 0.1863848 0.2953872 -0.9370204
vn 0.6877646 0.7129266 -0.1368049
vn 0.6478604 0.7129262 -0.2683526
vn 0.5830588 0.7129264 -0.3895875
vn 0.4958509 0.7129263 -0.4958509
vn 0.3895874 0.7129263 -0.583059
vn 0.2683525 0.7129262 -0.6478604
vn 0.1368049 0.7129263 -0.6877649
vn 0.4073856 0.909654 -0.08103405
vn 0.3837491 0.909654 -0.1589541
vn 0.345365 0.909654 -0.2307656
vn 0.2937089 0.909654 -0.2937089
vn 0.2307655 0.909654 -0.345365
vn 0.1589541 0.9096539 -0.3837491
vn 0.08103407 0.9096538 -0.4073859
vn 0.2197363 0.9745797 -0.04370826
vn 0.2069871 0.9745797 -0.08573688
vn 0.1862835 0.9745797 -0.1244707
vn 0.1584211 0.9745797 -0.1584211
vn 0.1244706 0.9745797 -0.1862835
vn 0.08573686 0.9745797 -0.2069871
vn 0.04370826 0.9745797 -0.2197364
vn 0.1081118 0.9939061 -0.02150477
vn 0.1018391 0.9939061 -0.04218314
vn 0.09165275 0.9939061 -0.06124043
vn 0.07794426 0.9939061 -0.07794426
vn 0.06124042 0.9939061 -0.09165277
vn 0.04218314 0.9939061 -0.1018391
vn 0.02150477 0.9939061 -0.1081118
vn 0.04383912 0.9990005 -0.008720144
vn 0.04129555 0.9990005 -0.01710518
vn 0.03716502 0.9990005 -0.02483287
vn 0.03160624 0.9990005 -0.03160624
vn 0.02483287 0.9990005 -0.03716502
vn 0.01710518 0.9990005 -0.04129555
vn 0.00872014 0.9990005 -0.04383912
vn 0.01039459 0.9999439 -0.002067612
vn 0.009791491 0.9999439 -0.004055769
vn 0.008812107 0.9999439 -0.005888063
vn 0.007494078 0.9999439 -0.007494078
vn 0.005888062 0.9999439 -0.008812109
vn 0.004055769 0.9999439 -0.009791492
vn 0.00206761 0.9999439 -0.01039458
vn 0 1 0
vn 0 1 0
vn 0 1 0
vn 0 1 0
vn 0 1 0
vn 0 1 0
vn 0 1 0
vn 0 -1 0
vn 0 -1 0
vn 0 -1 0
vn 0 -1 0
vn 0 -1 0
vn 0 -1 0
vn 0 -1 0
vn 0 -1 0
vn 0 -1 0
vn -0.01283179 -0.9999177 0
vn -0.01258523 -0.9999177 -0.002503357
vn -0.01185502 -0.9999177 -0.004910514
vn -0.01066924 -0.9999177 -0.007128962
vn -0.009073448 -0.9999177 -0.009073448
vn -0.007128959 -0.9999177 -0.01066924
vn -0.004910513 -0.9999177 -0.01185502
vn -0.002503358 -0.9999177 -0.01258524
vn 5.608956e-10 -0.9999177 -0.01283179
vn -0.06427899 -0.997932 0
vn -0.06304386 -0.9979319 -0.0125402
vn -0.05938601 -0.9979319 -0.02459849
vn -0.05344602 -0.997932 -0.03571149
vn -0.04545211 -0.997932 -0.04545211
vn -0.03571148 -0.9979319 -0.05344601
vn -0.02459849 -0.9979319 -0.05938601
vn -0.01254021 -0.997932 -0.06304389
vn 2.809725e-9 -0.997932 -0.06427899
vn -0.1823611 -0.9832316 0
vn -0.1788571 -0.9832316 -0.03557689
vn -0.1684797 -0.9832316 -0.06978656
vn -0.1516277 -0.9832316 -0.1013144
vn -0.1289488 -0.9832315 -0.1289488
vn -0.1013144 -0.9832316 -0.1516277
vn -0.06978656 -0.9832316 -0.1684797
vn -0.03557687 -0.9832316 -0.1788571
vn 7.971257e-9 -0.9832316 -0.1823611
vn -0.3951106 -0.9186335 0
vn -0.3875185 -0.9186336 -0.07708222
vn -0.3650345 -0.9186336 -0.1512022
vn -0.3285223 -0.9186336 -0.2195116
vn -0.2793854 -0.9186335 -0.2793854
vn -0.2195116 -0.9186335 -0.3285224
vn -0.1512022 -0.9186336 -0.3650345
vn -0.07708219 -0.9186336 -0.3875185
vn 1.727083e-8 -0.9186335 -0.3951106
vn -0.6643631 -0.7474099 0
vn -0.6515972 -0.7474102 -0.1296107
vn -0.6137914 -0.7474101 -0.2542408
vn -0.5523975 -0.7474101 -0.3691003
vn -0.4697757 -0.7474099 -0.4697757
vn -0.3691004 -0.7474099 -0.5523978
vn -0.2542407 -0.7474101 -0.6137914
vn -0.1296107 -0.7474102 -0.6515974
vn 2.904023e-8 -0.7474099 -0.6643631
vn -0.8606404 -0.5092133 0
vn -0.844103 -0.509214 -0.1679025
vn -0.7951279 -0.5092135 -0.3293528
vn -0.7155962 -0.5092133 -0.4781462
vn -0.6085646 -0.5092132 -0.6085646
vn -0.4781461 -0.5092131 -0.7155964
vn -0.3293528 -0.5092135 -0.7951279
vn -0.1679025 -0.5092134 -0.8441033
vn 3.76198e-8 -0.5092133 -0.8606404
vn -0.9463893 -0.3230282 0
vn -0.9282044 -0.3230293 -0.1846313
vn -0.8743497 -0.3230285 -0.3621675
vn -0.786894 -0.3230282 -0.5257858
vn -0.6691983 -0.3230282 -0.6691983
vn -0.5257857 -0.323028 -0.786894
vn -0.3621675 -0.3230285 -0.8743497
vn -0.1846313 -0.3230282 -0.9282048
vn 4.136799e-8 -0.3230282 -0.9463893
vn -0.9756098 -0.2195122 0
vn -0.9568634 -0.2195135 -0.190332
vn -0.9013458 -0.2195125 -0.3733497
vn -0.8111899 -0.2195119 -0.5420198
vn -0.6898603 -0.2195121 -0.6898603
vn -0.5420197 -0.2195119 -0.8111899
vn -0.3733497 -0.2195125 -0.9013459
vn -0.190332 -0.2195118 -0.9568639
vn 4.264526e-8 -0.2195122 -0.9756098
vn 0 -1 0
vn 0 -1 0
vn 0 -1 0
vn 0 -1 0
vn 0 -1 0
vn 0 -1 0
vn 0 -1 0
vn 0 -1 0
vn 0.002503357 -0.9999177 -0.01258523
vn 0.004910514 -0.9999177 -0.01185502
vn 0.007128962 -0.9999177 -0.01066924
vn 0.009073448 -0.9999177 -0.009073448
vn 0.01066924 -0.9999177 -0.007128959
vn 0.01185502 -0.9999177 -0.004910513
vn 0.01258524 -0.9999177 -0.002503358
vn 0.01283179 -0.9999177 5.608956e-10
vn 0.0125402 -0.9979319 -0.06304386
vn 0.02459849 -0.9979319 -0.05938601
vn 0.03571149 -0.997932 -0.05344602
vn 0.04545211 -0.997932 -0.04545211
vn 0.05344601 -0.9979319 -0.03571148
vn 0.05938601 -0.9979319 -0.02459849
vn 0.06304389 -0.997932 -0.01254021
vn 0.06427899 -0.997932 2.809725e-9
vn 0.03557689 -0.9832316 -0.1788571
vn 0.06978656 -0.9832316 -0.1684797
vn 0.1013144 -0.9832316 -0.1516277
vn 0.1289488 -0.9832315 -0.1289488
vn 0.1516277 -0.9832316 -0.1013144
vn 0.1684797 -0.9832316 -0.06978656
vn 0.1788571 -0.9832316 -0.03557687
vn 0.1823611 -0.9832316 7.971257e-9
vn 0.07708222 -0.9186336 -0.3875185
vn 0.1512022 -0.9186336 -0.3650345
vn 0.2195116 -0.9186336 -0.3285223
vn 0.2793854 -0.9186335 -0.2793854
vn 0.3285224 -0.9186335 -0.2195116
vn 0.3650345 -0.9186336 -0.1512022
vn 0.3875185 -0.9186336 -0.07708219
vn 0.3951106 -0.9186335 1.727083e-8
vn 0.1296107 -0.7474102 -0.6515972
vn 0.2542408 -0.7474101 -0.6137914
vn 0.3691003 -0.7474101 -0.5523975
vn 0.4697757 -0.7474099 -0.4697757
vn 0.5523978 -0.7474099 -0.3691004
vn 0.6137914 -0.7474101 -0.2542407
vn 0.6515974 -0.7474102 -0.1296107
vn 0.6643631 -0.7474099 2.904023e-8
vn 0.1679025 -0.509214 -0.844103
vn 0.3293528 -0.5092135 -0.7951279
vn 0.4781462 -0.5092133 -0.7155962
vn 0.6085646 -0.5092132 -0.6085646
vn 0.7155964 -0.5092131 -0.4781461
vn 0.7951279 -0.5092135 -0.3293528
vn 0.8441033 -0.5092134 -0.1679025
vn 0.8606404 -0.5092133 3.76198e-8
vn 0.1846313 -0.3230293 -0.9282044
vn 0.3621675 -0.3230285 -0.8743497
vn 0.5257858 -0.3230282 -0.786894
vn 0.6691983 -0.3230282 -0.6691983
vn 0.786894 -0.323028 -0.5257857
vn 0.8743497 -0.3230285 -0.3621675
vn 0.9282048 -0.3230282 -0.1846313
vn 0.9463893 -0.3230282 4.136799e-8
vn 0.190332 -0.2195135 -0.9568634
vn 0.3733497 -0.2195125 -0.9013458
vn 0.5420198 -0.2195119 -0.8111899
vn 0.6898603 -0.2195121 -0.6898603
vn 0.8111899 -0.2195119 -0.5420197
vn 0.9013459 -0.2195125 -0.3733497
vn 0.9568639 -0.2195118 -0.190332
vn 0.9756098 -0.2195122 4.264526e-8
vn 0 -1 0
vn 0 -1 0
vn 0 -1 0
vn 0 -1 0
vn 0 -1 0
vn 0 -1 0
vn 0 -1 0
vn 0 -1 0
vn 0 -0.9999177 0.01283179
vn 0.002503357 -0.9999177 0.01258523
vn 0.004910514 -0.9999177 0.01185502
vn 0.007128962 -0.9999177 0.01066924
vn 0.009073448 -0.9999177 0.009073448
vn 0.01066924 -0.9999177 0.007128959
vn 0.01185502 -0.9999177 0.004910513
vn 0.01258524 -0.9999177 0.002503358
vn 0 -0.997932 0.06427899
vn 0.0125402 -0.9979319 0.06304386
vn 0.02459849 -0.9979319 0.05938601
vn 0.03571149 -0.997932 0.05344602
vn 0.04545211 -0.997932 0.04545211
vn 0.05344601 -0.9979319 0.03571148
vn 0.05938601 -0.9979319 0.02459849
vn 0.06304389 -0.997932 0.01254021
vn 0 -0.9832316 0.1823611
vn 0.03557689 -0.9832316 0.1788571
vn 0.06978656 -0.9832316 0.1684797
vn 0.1013144 -0.9832316 0.1516277
vn 0.1289488 -0.9832315 0.1289488
vn 0.1516277 -0.9832316 0.1013144
vn 0.1684797 -0.9832316 0.06978656
vn 0.1788571 -0.9832316 0.03557687
vn 0 -0.9186335 0.3951106
vn 0.07708222 -0.9186336 0.3875185
vn 0.1512022 -0.9186336 0.3650345
vn 0.2195116 -0.9186336 0.3285223
vn 0.2793854 -0.9186335 0.2793854
vn 0.3285224 -0.9186335 0.2195116
vn 0.3650345 -0.9186336 0.1512022
vn 0.3875185 -0.9186336 0.07708219
vn 0 -0.7474099 0.6643631
vn 0.1296107 -0.7474102 0.6515972
vn 0.2542408 -0.7474101 0.6137914
vn 0.3691003 -0.7474101 0.5523975
vn 0.4697757 -0.7474099 0.4697757
vn 0.5523978 -0.7474099 0.3691004
vn 0.6137914 -0.7474101 0.2542407
vn 0.6515974 -0.7474102 0.1296107
vn 0 -0.5092133 0.8606404
vn 0.1679025 -0.509214 0.844103
vn 0.3293528 -0.5092135 0.7951279
vn 0.4781462 -0.5092133 0.7155962
vn 0.6085646 -0.5092132 0.6085646
vn 0.7155964 -0.5092131 0.4781461
vn 0.7951279 -0.5092135 0.3293528
vn 0.8441033 -0.5092134 0.1679025
vn 0 -0.3230282 0.9463893
vn 0.1846313 -0.3230293 0.9282044
vn 0.3621675 -0.3230285 0.8743497
vn 0.5257858 -0.3230282 0.786894
vn 0.6691983 -0.3230282 0.6691983
vn 0.786894 -0.323028 0.5257857
vn 0.8743497 -0.3230285 0.3621675
vn 0.9282048 -0.3230282 0.1846313
vn 0 -0.2195122 0.9756098
vn 0.190332 -0.2195135 0.9568634
vn 0.3733497 -0.2195125 0.9013458
vn 0.5420198 -0.2195119 0.8111899
vn 0.6898603 -0.2195121 0.6898603
vn 0.8111899 -0.2195119 0.5420197
vn 0.9013459 -0.2195125 0.3733497
vn 0.9568639 -0.2195118 0.190332
vn 0 -1 0
vn 0 -1 0
vn 0 -1 0
vn 0 -1 0
vn 0 -1 0
vn 0 -1 0
vn 0 -1 0
vn -0.01258523 -0.9999177 0.002503357
vn -0.01185502 -0.9999177 0.004910514
vn -0.01066924 -0.9999177 0.007128962
vn -0.009073448 -0.9999177 0.009073448
vn -0.007128959 -0.9999177 0.01066924
vn -0.004910513 -0.9999177 0.01185502
vn -0.002503358 -0.9999177 0.01258524
vn -0.06304386 -0.9979319 0.0125402
vn -0.05938601 -0.9979319 0.02459849
vn -0.05344602 -0.997932 0.03571149
vn -0.04545211 -0.997932 0.04545211
vn -0.03571148 -0.9979319 0.05344601
vn -0.02459849 -0.9979319 0.05938601
vn -0.01254021 -0.997932 0.06304389
vn -0.1788571 -0.9832316 0.03557689
vn -0.1684797 -0.9832316 0.06978656
vn -0.1516277 -0.9832316 0.1013144
vn -0.1289488 -0.9832315 0.1289488
vn -0.1013144 -0.9832316 0.1516277
vn -0.06978656 -0.9832316 0.1684797
vn -0.03557687 -0.9832316 0.1788571
vn -0.3875185 -0.9186336 0.07708222
vn -0.3650345 -0.9186336 0.1512022
vn -0.3285223 -0.9186336 0.2195116
vn -0.2793854 -0.9186335 0.2793854
vn -0.2195116 -0.9186335 0.3285224
vn -0.1512022 -0.9186336 0.3650345
vn -0.07708219 -0.9186336 0.3875185
vn -0.6515972 -0.7474102 0.1296107
vn -0.6137914 -0.7474101 0.2542408
vn -0.5523975 -0.7474101 0.3691003
vn -0.4697757 -0.7474099 0.4697757
vn -0.3691004 -0.7474099 0.5523978
vn -0.2542407 -0.7474101 0.6137914
vn -0.1296107 -0.7474102 0.6515974
vn -0.844103 -0.509214 0.1679025
vn -0.7951279 -0.5092135 0.3293528
vn -0.7155962 -0.5092133 0.4781462
vn -0.6085646 -0.5092132 0.6085646
vn -0.4781461 -0.5092131 0.7155964
vn -0.3293528 -0.5092135 0.7951279
vn -0.1679025 -0.5092134 0.8441033
vn -0.9282044 -0.3230293 0.1846313
vn -0.8743497 -0.3230285 0.3621675
vn -0.786894 -0.3230282 0.5257858
vn -0.6691983 -0.3230282 0.6691983
vn -0.5257857 -0.323028 0.786894
vn -0.3621675 -0.3230285 0.8743497
vn -0.1846313 -0.3230282 0.9282048
vn -0.9568634 -0.2195135 0.190332
vn -0.9013458 -0.2195125 0.3733497
vn -0.8111899 -0.2195119 0.5420198
vn -0.6898603 -0.2195121 0.6898603
vn -0.5420197 -0.2195119 0.8111899
vn -0.3733497 -0.2195125 0.9013459
vn -0.190332 -0.2195118 0.9568639
vn -0.834984 -0.5502743 0
vn -0.8189402 -0.550274 -0.1628973
vn -0.7714244 -0.5502744 -0.3195346
vn -0.6942637 -0.5502743 -0.4638923
vn -0.5904229 -0.550274 -0.5904229
vn -0.4638921 -0.5502745 -0.6942637
vn -0.3195345 -0.5502746 -0.7714244
vn -0.1628972 -0.550274 -0.8189401
vn 3.649832e-8 -0.5502743 -0.834984
vn -0.2401801 -0.9707283 0
vn -0.2355652 -0.9707283 -0.04685684
vn -0.2218975 -0.9707283 -0.09191295
vn -0.1997025 -0.9707283 -0.133437
vn -0.1698331 -0.9707283 -0.1698331
vn -0.1334369 -0.9707283 -0.1997024
vn -0.09191293 -0.9707283 -0.2218974
vn -0.04685681 -0.9707283 -0.2355652
vn 1.049861e-8 -0.9707283 -0.2401801
vn 0.412671 -0.9108802 0
vn 0.4047417 -0.9108801 0.08050814
vn 0.3812582 -0.9108802 0.1579224
vn 0.3431235 -0.9108801 0.2292678
vn 0.2918026 -0.9108801 0.2918026
vn 0.2292676 -0.9108801 0.3431233
vn 0.1579224 -0.9108802 0.3812582
vn 0.08050806 -0.9108801 0.4047415
vn -1.803842e-8 -0.9108802 0.412671
vn 0.6643636 -0.7474096 0
vn 0.6515981 -0.7474094 0.1296109
vn 0.6137919 -0.7474095 0.254241
vn 0.5523983 -0.7474095 0.3691007
vn 0.4697762 -0.7474093 0.4697762
vn 0.3691005 -0.7474096 0.5523981
vn 0.254241 -0.7474095 0.613792
vn 0.1296108 -0.7474096 0.6515979
vn -2.904026e-8 -0.7474096 0.6643636
vn 0.7624921 -0.6469976 0
vn 0.7478411 -0.6469975 0.1487549
vn 0.7044509 -0.6469975 0.2917932
vn 0.6339891 -0.6469975 0.423618
vn 0.5391634 -0.6469974 0.5391634
vn 0.4236178 -0.6469976 0.633989
vn 0.2917931 -0.6469975 0.704451
vn 0.1487547 -0.6469977 0.7478409
vn -3.332959e-8 -0.6469976 0.7624921
vn 0.809123 -0.5876392 0
vn 0.7935762 -0.5876389 0.1578521
vn 0.7475324 -0.587639 0.3096381
vn 0.6727613 -0.587639 0.4495248
vn 0.5721365 -0.587639 0.5721365
vn 0.4495246 -0.5876392 0.6727613
vn 0.3096381 -0.5876389 0.7475324
vn 0.157852 -0.5876394 0.7935758
vn -3.53679e-8 -0.5876392 0.809123
vn 0.834144 -0.5515468 0
vn 0.8181164 -0.5515463 0.1627335
vn 0.7706488 -0.5515463 0.3192132
vn 0.6935655 -0.5515465 0.4634257
vn 0.5898289 -0.5515466 0.5898289
vn 0.4634255 -0.5515466 0.6935654
vn 0.3192132 -0.5515463 0.7706488
vn 0.1627333 -0.551547 0.818116
vn -3.64616e-8 -0.5515468 0.834144
vn 0.8479977 -0.5299999 0
vn 0.8317041 -0.5299991 0.1654362
vn 0.7834481 -0.5299993 0.3245149
vn 0.7050844 -0.5299996 0.4711224
vn 0.5996249 -0.5299998 0.5996249
vn 0.4711224 -0.5299996 0.7050846
vn 0.3245148 -0.5299993 0.7834481
vn 0.165436 -0.53 0.8317035
vn -3.706716e-8 -0.5299999 0.8479977
vn 0.1628973 -0.550274 -0.8189402
vn 0.3195346 -0.5502744 -0.7714244
vn 0.4638923 -0.5502743 -0.6942637
vn 0.5904229 -0.550274 -0.5904229
vn 0.6942637 -0.5502745 -0.4638921
vn 0.7714244 -0.5502746 -0.3195345
vn 0.8189401 -0.550274 -0.1628972
vn 0.834984 -0.5502743 3.649832e-8
vn 0.04685684 -0.9707283 -0.2355652
vn 0.09191295 -0.9707283 -0.2218975
vn 0.133437 -0.9707283 -0.1997025
vn 0.1698331 -0.9707283 -0.1698331
vn 0.1997024 -0.9707283 -0.1334369
vn 0.2218974 -0.9707283 -0.09191293
vn 0.2355652 -0.9707283 -0.04685681
vn 0.2401801 -0.9707283 1.049861e-8
vn -0.08050814 -0.9108801 0.4047417
vn -0.1579224 -0.9108802 0.3812582
vn -0.2292678 -0.9108801 0.3431235
vn -0.2918026 -0.9108801 0.2918026
vn -0.3431233 -0.9108801 0.2292676
vn -0.3812582 -0.9108802 0.1579224
vn -0.4047415 -0.9108801 0.08050806
vn -0.412671 -0.9108802 -1.803842e-8
vn -0.1296109 -0.7474094 0.6515981
vn -0.254241 -0.7474095 0.6137919
vn -0.3691007 -0.7474095 0.5523983
vn -0.4697762 -0.7474093 0.4697762
vn -0.5523981 -0.7474096 0.3691005
vn -0.613792 -0.7474095 0.254241
vn -0.6515979 -0.7474096 0.1296108
vn -0.6643636 -0.7474096 -2.904026e-8
vn -0.1487549 -0.6469975 0.7478411
vn -0.2917932 -0.6469975 0.7044509
vn -0.423618 -0.6469975 0.6339891
vn -0.5391634 -0.6469974 0.5391634
vn -0.633989 -0.6469976 0.4236178
vn -0.704451 -0.6469975 0.2917931
vn -0.7478409 -0.6469977 0.1487547
vn -0.7624921 -0.6469976 -3.332959e-8
vn -0.1578521 -0.5876389 0.7935762
vn -0.3096381 -0.587639 0.7475324
vn -0.4495248 -0.587639 0.6727613
vn -0.5721365 -0.587639 0.5721365
vn -0.6727613 -0.5876392 0.4495246
vn -0.7475324 -0.5876389 0.3096381
vn -0.7935758 -0.5876394 0.157852
vn -0.809123 -0.5876392 -3.53679e-8
vn -0.1627335 -0.5515463 0.8181164
vn -0.3192132 -0.5515463 0.7706488
vn -0.4634257 -0.5515465 0.6935655
vn -0.5898289 -0.5515466 0.5898289
vn -0.6935654 -0.5515466 0.4634255
vn -0.7706488 -0.5515463 0.3192132
vn -0.818116 -0.551547 0.1627333
vn -0.834144 -0.5515468 -3.64616e-8
vn -0.1654362 -0.5299991 0.8317041
vn -0.3245149 -0.5299993 0.7834481
vn -0.4711224 -0.5299996 0.7050844
vn -0.5996249 -0.5299998 0.5996249
vn -0.7050846 -0.5299996 0.4711224
vn -0.7834481 -0.5299993 0.3245148
vn -0.8317035 -0.53 0.165436
vn -0.8479977 -0.5299999 -3.706716e-8
vn 0 -0.5502743 0.834984
vn 0.1628973 -0.550274 0.8189402
vn 0.3195346 -0.5502744 0.7714244
vn 0.4638923 -0.5502743 0.6942637
vn 0.5904229 -0.550274 0.5904229
vn 0.6942637 -0.5502745 0.4638921
vn 0.7714244 -0.5502746 0.3195345
vn 0.8189401 -0.550274 0.1628972
vn 0 -0.9707283 0.2401801
vn 0.04685684 -0.9707283 0.2355652
vn 0.09191295 -0.9707283 0.2218975
vn 0.133437 -0.9707283 0.1997025
vn 0.1698331 -0.9707283 0.1698331
vn 0.1997024 -0.9707283 0.1334369
vn 0.2218974 -0.9707283 0.09191293
vn 0.2355652 -0.9707283 0.04685681
vn 0 -0.9108802 -0.412671
vn -0.08050814 -0.9108801 -0.4047417
vn -0.1579224 -0.9108802 -0.3812582
vn -0.2292678 -0.9108801 -0.3431235
vn -0.2918026 -0.9108801 -0.2918026
vn -0.3431233 -0.9108801 -0.2292676
vn -0.3812582 -0.9108802 -0.1579224
vn -0.4047415 -0.9108801 -0.08050806
vn 0 -0.7474096 -0.6643636
vn -0.1296109 -0.7474094 -0.6515981
vn -0.254241 -0.7474095 -0.6137919
vn -0.3691007 -0.7474095 -0.5523983
vn -0.4697762 -0.7474093 -0.4697762
vn -0.5523981 -0.7474096 -0.3691005
vn -0.613792 -0.7474095 -0.254241
vn -0.6515979 -0.7474096 -0.1296108
vn 0 -0.6469976 -0.7624921
vn -0.1487549 -0.6469975 -0.7478411
vn -0.2917932 -0.6469975 -0.7044509
vn -0.423618 -0.6469975 -0.6339891
vn -0.5391634 -0.6469974 -0.5391634
vn -0.633989 -0.6469976 -0.4236178
vn -0.704451 -0.6469975 -0.2917931
vn -0.7478409 -0.6469977 -0.1487547
vn 0 -0.5876392 -0.809123
vn -0.1578521 -0.5876389 -0.7935762
vn -0.3096381 -0.587639 -0.7475324
vn -0.4495248 -0.587639 -0.6727613
vn -0.5721365 -0.587639 -0.5721365
vn -0.6727613 -0.5876392 -0.4495246
vn -0.7475324 -0.5876389 -0.3096381
vn -0.7935758 -0.5876394 -0.157852
vn 0 -0.5515468 -0.834144
vn -0.1627335 -0.5515463 -0.8181164
vn -0.3192132 -0.5515463 -0.7706488
vn -0.4634257 -0.5515465 -0.6935655
vn -0.5898289 -0.5515466 -0.5898289
vn -0.6935654 -0.5515466 -0.4634255
vn -0.7706488 -0.5515463 -0.3192132
vn -0.818116 -0.551547 -0.1627333
vn 0 -0.5299999 -0.8479977
vn -0.1654362 -0.5299991 -0.8317041
vn -0.3245149 -0.5299993 -0.7834481
vn -0.4711224 -0.5299996 -0.7050844
vn -0.5996249 -0.5299998 -0.5996249
vn -0.7050846 -0.5299996 -0.4711224
vn -0.7834481 -0.5299993 -0.3245148
vn -0.8317035 -0.53 -0.165436
vn -0.8189402 -0.550274 0.1628973
vn -0.7714244 -0.5502744 0.3195346
vn -0.6942637 -0.5502743 0.4638923
vn -0.5904229 -0.550274 0.5904229
vn -0.4638921 -0.5502745 0.6942637
vn -0.3195345 -0.5502746 0.7714244
vn -0.1628972 -0.550274 0.8189401
vn -0.2355652 -0.9707283 0.04685684
vn -0.2218975 -0.9707283 0.09191295
vn -0.1997025 -0.9707283 0.133437
vn -0.1698331 -0.9707283 0.1698331
vn -0.1334369 -0.9707283 0.1997024
vn -0.09191293 -0.9707283 0.2218974
vn -0.04685681 -0.9707283 0.2355652
vn 0.4047417 -0.9108801 -0.08050814
vn 0.3812582 -0.9108802 -0.1579224
vn 0.3431235 -0.9108801 -0.2292678
vn 0.2918026 -0.9108801 -0.2918026
vn 0.2292676 -0.9108801 -0.3431233
vn 0.1579224 -0.9108802 -0.3812582
vn 0.08050806 -0.9108801 -0.4047415
vn 0.6515981 -0.7474094 -0.1296109
vn 0.6137919 -0.7474095 -0.254241
vn 0.5523983 -0.7474095 -0.3691007
vn 0.4697762 -0.7474093 -0.4697762
vn 0.3691005 -0.7474096 -0.5523981
vn 0.254241 -0.7474095 -0.613792
vn 0.1296108 -0.7474096 -0.6515979
vn 0.7478411 -0.6469975 -0.1487549
vn 0.7044509 -0.6469975 -0.2917932
vn 0.6339891 -0.6469975 -0.423618
vn 0.5391634 -0.6469974 -0.5391634
vn 0.4236178 -0.6469976 -0.633989
vn 0.2917931 -0.6469975 -0.704451
vn 0.1487547 -0.6469977 -0.7478409
vn 0.7935762 -0.5876389 -0.1578521
vn 0.7475324 -0.587639 -0.3096381
vn 0.6727613 -0.587639 -0.4495248
vn 0.5721365 -0.587639 -0.5721365
vn 0.4495246 -0.5876392 -0.6727613
vn 0.3096381 -0.5876389 -0.7475324
vn 0.157852 -0.5876394 -0.7935758
vn 0.8181164 -0.5515463 -0.1627335
vn 0.7706488 -0.5515463 -0.3192132
vn 0.6935655 -0.5515465 -0.4634257
vn 0.5898289 -0.5515466 -0.5898289
vn 0.4634255 -0.5515466 -0.6935654
vn 0.3192132 -0.5515463 -0.7706488
vn 0.1627333 -0.551547 -0.818116
vn 0.8317041 -0.5299991 -0.1654362
vn 0.7834481 -0.5299993 -0.3245149
vn 0.7050844 -0.5299996 -0.4711224
vn 0.5996249 -0.5299998 -0.5996249
vn 0.4711224 -0.5299996 -0.7050846
vn 0.3245148 -0.5299993 -0.7834481
vn 0.165436 -0.53 -0.8317035
vn 0.4335988 -0.9011061 0
vn 0.4252673 -0.901106 0.0845909
vn 0.400593 -0.901106 0.1659311
vn 0.3605242 -0.901106 0.2408946
vn 0.3066006 -0.9011061 0.3066006
vn 0.2408945 -0.9011061 0.3605242
vn 0.1659311 -0.901106 0.400593
vn 0.0845909 -0.901106 0.4252674
vn -1.895321e-8 -0.9011061 0.4335988
vn 0.2922732 -0.9563349 0
vn 0.2866572 -0.9563349 0.05701967
vn 0.2700252 -0.9563348 0.1118481
vn 0.2430163 -0.9563349 0.1623783
vn 0.2066683 -0.9563349 0.2066683
vn 0.1623782 -0.9563348 0.2430163
vn 0.1118481 -0.9563348 0.2700252
vn 0.05701965 -0.9563349 0.2866572
vn -1.277567e-8 -0.9563349 0.2922732
vn 0.2218978 -0.9750699 0
vn 0.2176341 -0.9750699 0.04329013
vn 0.2050069 -0.9750699 0.08491662
vn 0.1845013 -0.9750699 0.1232798
vn 0.1569055 -0.9750699 0.1569055
vn 0.1232798 -0.9750699 0.1845013
vn 0.08491662 -0.9750699 0.2050069
vn 0.0432901 -0.9750699 0.2176341
vn -9.699463e-9 -0.9750699 0.2218978
vn 0.1750335 -0.9845625 0
vn 0.1716702 -0.9845625 0.03414733
vn 0.1617098 -0.9845625 0.06698242
vn 0.145535 -0.9845625 0.0972434
vn 0.1237674 -0.9845625 0.1237674
vn 0.09724336 -0.9845625 0.145535
vn 0.06698241 -0.9845625 0.1617098
vn 0.03414732 -0.9845625 0.1716703
vn -7.650956e-9 -0.9845625 0.1750335
vn 0.1364961 -0.9906406 0
vn 0.1338734 -0.9906406 0.02662907
vn 0.126106 -0.9906406 0.0522348
vn 0.1134924 -0.9906406 0.07583319
vn 0.09651733 -0.9906406 0.09651733
vn 0.07583318 -0.9906406 0.1134924
vn 0.05223481 -0.9906406 0.126106
vn 0.02662906 -0.9906406 0.1338734
vn -5.966435e-9 -0.9906406 0.1364961
vn 0.09882431 -0.9951048 0
vn 0.09692542 -0.9951048 0.01927967
vn 0.09130174 -0.9951048 0.03781842
vn 0.0821694 -0.9951048 0.05490384
vn 0.06987935 -0.9951048 0.06987935
vn 0.05490384 -0.9951048 0.08216941
vn 0.03781842 -0.9951048 0.09130174
vn 0.01927966 -0.9951048 0.09692542
vn -4.319748e-9 -0.9951048 0.09882431
vn 0.05600235 -0.9984306 0
vn 0.05492628 -0.9984306 0.01092552
vn 0.05173942 -0.9984306 0.02143118
vn 0.04656425 -0.9984306 0.03111324
vn 0.03959964 -0.9984306 0.03959964
vn 0.03111324 -0.9984306 0.04656425
vn 0.02143117 -0.9984306 0.05173942
vn 0.01092551 -0.9984306 0.05492628
vn -2.447941e-9 -0.9984306 0.05600235
vn 0 -1 0
vn 0 -1 0
vn 0 -1 0
vn 0 -1 0
vn 0 -1 0
vn 0 -1 0
vn 0 -1 0
vn 0 -1 0
vn 0 -1 0
vn -0.0845909 -0.901106 0.4252673
vn -0.1659311 -0.901106 0.400593
vn -0.2408946 -0.901106 0.3605242
vn -0.3066006 -0.9011061 0.3066006
vn -0.3605242 -0.9011061 0.2408945
vn -0.400593 -0.901106 0.1659311
vn -0.4252674 -0.901106 0.0845909
vn -0.4335988 -0.9011061 -1.895321e-8
vn -0.05701967 -0.9563349 0.2866572
vn -0.1118481 -0.9563348 0.2700252
vn -0.1623783 -0.9563349 0.2430163
vn -0.2066683 -0.9563349 0.2066683
vn -0.2430163 -0.9563348 0.1623782
vn -0.2700252 -0.9563348 0.1118481
vn -0.2866572 -0.9563349 0.05701965
vn -0.2922732 -0.9563349 -1.277567e-8
vn -0.04329013 -0.9750699 0.2176341
vn -0.08491662 -0.9750699 0.2050069
vn -0.1232798 -0.9750699 0.1845013
vn -0.1569055 -0.9750699 0.1569055
vn -0.1845013 -0.9750699 0.1232798
vn -0.2050069 -0.9750699 0.08491662
vn -0.2176341 -0.9750699 0.0432901
vn -0.2218978 -0.9750699 -9.699463e-9
vn -0.03414733 -0.9845625 0.1716702
vn -0.06698242 -0.9845625 0.1617098
vn -0.0972434 -0.9845625 0.145535
vn -0.1237674 -0.9845625 0.1237674
vn -0.145535 -0.9845625 0.09724336
vn -0.1617098 -0.9845625 0.06698241
vn -0.1716703 -0.9845625 0.03414732
vn -0.1750335 -0.9845625 -7.650956e-9
vn -0.02662907 -0.9906406 0.1338734
vn -0.0522348 -0.9906406 0.126106
vn -0.07583319 -0.9906406 0.1134924
vn -0.09651733 -0.9906406 0.09651733
vn -0.1134924 -0.9906406 0.07583318
vn -0.126106 -0.9906406 0.05223481
vn -0.1338734 -0.9906406 0.02662906
vn -0.1364961 -0.9906406 -5.966435e-9
vn -0.01927967 -0.9951048 0.09692542
vn -0.03781842 -0.9951048 0.09130174
vn -0.05490384 -0.9951048 0.0821694
vn -0.06987935 -0.9951048 0.06987935
vn -0.08216941 -0.9951048 0.05490384
vn -0.09130174 -0.9951048 0.03781842
vn -0.09692542 -0.9951048 0.01927966
vn -0.09882431 -0.9951048 -4.319748e-9
vn -0.01092552 -0.9984306 0.05492628
vn -0.02143118 -0.9984306 0.05173942
vn -0.03111324 -0.9984306 0.04656425
vn -0.03959964 -0.9984306 0.03959964
vn -0.04656425 -0.9984306 0.03111324
vn -0.05173942 -0.9984306 0.02143117
vn -0.05492628 -0.9984306 0.01092551
vn -0.05600235 -0.9984306 -2.447941e-9
vn 0 -1 0
vn 0 -1 0
vn 0 -1 0
vn 0 -1 0
vn 0 -1 0
vn 0 -1 0
vn 0 -1 0
vn 0 -1 0
vn 0 -0.9011061 -0.4335988
vn -0.0845909 -0.901106 -0.4252673
vn -0.1659311 -0.901106 -0.400593
vn -0.2408946 -0.901106 -0.3605242
vn -0.3066006 -0.9011061 -0.3066006
vn -0.3605242 -0.9011061 -0.2408945
vn -0.400593 -0.901106 -0.1659311
vn -0.4252674 -0.901106 -0.0845909
vn 0 -0.9563349 -0.2922732
vn -0.05701967 -0.9563349 -0.2866572
vn -0.1118481 -0.9563348 -0.2700252
vn -0.1623783 -0.9563349 -0.2430163
vn -0.2066683 -0.9563349 -0.2066683
vn -0.2430163 -0.9563348 -0.1623782
vn -0.2700252 -0.9563348 -0.1118481
vn -0.2866572 -0.9563349 -0.05701965
vn 0 -0.9750699 -0.2218978
vn -0.04329013 -0.9750699 -0.2176341
vn -0.08491662 -0.9750699 -0.2050069
vn -0.1232798 -0.9750699 -0.1845013
vn -0.1569055 -0.9750699 -0.1569055
vn -0.1845013 -0.9750699 -0.1232798
vn -0.2050069 -0.9750699 -0.08491662
vn -0.2176341 -0.9750699 -0.0432901
vn 0 -0.9845625 -0.1750335
vn -0.03414733 -0.9845625 -0.1716702
vn -0.06698242 -0.9845625 -0.1617098
vn -0.0972434 -0.9845625 -0.145535
vn -0.1237674 -0.9845625 -0.1237674
vn -0.145535 -0.9845625 -0.09724336
vn -0.1617098 -0.9845625 -0.06698241
vn -0.1716703 -0.9845625 -0.03414732
vn 0 -0.9906406 -0.1364961
vn -0.02662907 -0.9906406 -0.1338734
vn -0.0522348 -0.9906406 -0.126106
vn -0.07583319 -0.9906406 -0.1134924
vn -0.09651733 -0.9906406 -0.09651733
vn -0.1134924 -0.9906406 -0.07583318
vn -0.126106 -0.9906406 -0.05223481
vn -0.1338734 -0.9906406 -0.02662906
vn 0 -0.9951048 -0.09882431
vn -0.01927967 -0.9951048 -0.09692542
vn -0.03781842 -0.9951048 -0.09130174
vn -0.05490384 -0.9951048 -0.0821694
vn -0.06987935 -0.9951048 -0.06987935
vn -0.08216941 -0.9951048 -0.05490384
vn -0.09130174 -0.9951048 -0.03781842
vn -0.09692542 -0.9951048 -0.01927966
vn 0 -0.9984306 -0.05600235
vn -0.01092552 -0.9984306 -0.05492628
vn -0.02143118 -0.9984306 -0.05173942
vn -0.03111324 -0.9984306 -0.04656425
vn -0.03959964 -0.9984306 -0.03959964
vn -0.04656425 -0.9984306 -0.03111324
vn -0.05173942 -0.9984306 -0.02143117
vn -0.05492628 -0.9984306 -0.01092551
vn 0 -1 0
vn 0 -1 0
vn 0 -1 0
vn 0 -1 0
vn 0 -1 0
vn 0 -1 0
vn 0 -1 0
vn 0 -1 0
vn 0.4252673 -0.901106 -0.0845909
vn 0.400593 -0.901106 -0.1659311
vn 0.3605242 -0.901106 -0.2408946
vn 0.3066006 -0.9011061 -0.3066006
vn 0.2408945 -0.9011061 -0.3605242
vn 0.1659311 -0.901106 -0.400593
vn 0.0845909 -0.901106 -0.4252674
vn 0.2866572 -0.9563349 -0.05701967
vn 0.2700252 -0.9563348 -0.1118481
vn 0.2430163 -0.9563349 -0.1623783
vn 0.2066683 -0.9563349 -0.2066683
vn 0.1623782 -0.9563348 -0.2430163
vn 0.1118481 -0.9563348 -0.2700252
vn 0.05701965 -0.9563349 -0.2866572
vn 0.2176341 -0.9750699 -0.04329013
vn 0.2050069 -0.9750699 -0.08491662
vn 0.1845013 -0.9750699 -0.1232798
vn 0.1569055 -0.9750699 -0.1569055
vn 0.1232798 -0.9750699 -0.1845013
vn 0.08491662 -0.9750699 -0.2050069
vn 0.0432901 -0.9750699 -0.2176341
vn 0.1716702 -0.9845625 -0.03414733
vn 0.1617098 -0.9845625 -0.06698242
vn 0.145535 -0.9845625 -0.0972434
vn 0.1237674 -0.9845625 -0.1237674
vn 0.09724336 -0.9845625 -0.145535
vn 0.06698241 -0.9845625 -0.1617098
vn 0.03414732 -0.9845625 -0.1716703
vn 0.1338734 -0.9906406 -0.02662907
vn 0.126106 -0.9906406 -0.0522348
vn 0.1134924 -0.9906406 -0.07583319
vn 0.09651733 -0.9906406 -0.09651733
vn 0.07583318 -0.9906406 -0.1134924
vn 0.05223481 -0.9906406 -0.126106
vn 0.02662906 -0.9906406 -0.1338734
vn 0.09692542 -0.9951048 -0.01927967
vn 0.09130174 -0.9951048 -0.03781842
vn 0.0821694 -0.9951048 -0.05490384
vn 0.06987935 -0.9951048 -0.06987935
vn 0.05490384 -0.9951048 -0.08216941
vn 0.03781842 -0.9951048 -0.09130174
vn 0.01927966 -0.9951048 -0.09692542
vn 0.05492628 -0.9984306 -0.01092552
vn 0.05173942 -0.9984306 -0.02143118
vn 0.04656425 -0.9984306 -0.03111324
vn 0.03959964 -0.9984306 -0.03959964
vn 0.03111324 -0.9984306 -0.04656425
vn 0.02143117 -0.9984306 -0.05173942
vn 0.01092551 -0.9984306 -0.05492628
vn 0 -1 0
vn 0 -1 0
vn 0 -1 0
vn 0 -1 0
vn 0 -1 0
vn 0 -1 0
vn 0 -1 0

vt 0.125 0.7290039
vt 0.1396484 0.7289684
vt 0.1542969 0.7288698
vt 0.1689453 0.728716
vt 0.1835938 0.7285156
vt 0.1982422 0.7282834
vt 0.2128906 0.7280486
vt 0.2275391 0.7278602
vt 0.2421875 0.7277832
vt 0.125 0.7103795
vt 0.1396484 0.7103065
vt 0.1542969 0.7101035
vt 0.1689453 0.7097873
vt 0.1835938 0.709375
vt 0.1982422 0.7088974
vt 0.2128906 0.7084142
vt 0.2275391 0.7080268
vt 0.2421875 0.7078683
vt 0.125 0.6937082
vt 0.1396484 0.6936017
vt 0.1542969 0.6933057
vt 0.1689453 0.6928446
vt 0.1835938 0.6922433
vt 0.1982422 0.6915467
vt 0.2128906 0.6908422
vt 0.2275391 0.6902771
vt 0.2421875 0.6900461
vt 0.125 0.6785715
vt 0.1396484 0.6784416
vt 0.1542969 0.6780809
vt 0.1689453 0.6775187
vt 0.1835938 0.6767857
vt 0.1982422 0.6759365
vt 0.2128906 0.6750777
vt 0.2275391 0.6743888
vt 0.2421875 0.6741071
vt 0.125 0.6645508
vt 0.1396484 0.6644139
vt 0.1542969 0.6640334
vt 0.1689453 0.6634405
vt 0.1835938 0.6626674
vt 0.1982422 0.6617718
vt 0.2128906 0.6608659
vt 0.2275391 0.6601394
vt 0.2421875 0.6598424
vt 0.125 0.6512277
vt 0.1396484 0.651106
vt 0.1542969 0.6507677
vt 0.1689453 0.6502408
vt 0.1835938 0.6495535
vt 0.1982422 0.6487575
vt 0.2128906 0.6479523
vt 0.2275391 0.6473065
vt 0.2421875 0.6470424
vt 0.125 0.6381836
vt 0.1396484 0.6381055
vt 0.1542969 0.6378885
vt 0.1689453 0.6375504
vt 0.1835938 0.6371094
vt 0.1982422 0.6365985
vt 0.2128906 0.6360819
vt 0.2275391 0.6356675
vt 0.2421875 0.635498
vt 0.125 0.625
vt 0.1396484 0.625
vt 0.1542969 0.625
vt 0.1689453 0.625
vt 0.1835938 0.625
vt 0.1982422 0.625
vt 0.2128906 0.625
vt 0.2275391 0.625
vt 0.2421875 0.625
vt 0.125 0.7438834
vt 0.1396484 0.7443905
vt 0.1542969 0.7444158
vt 0.1640045 0.7440466
vt 0.1689453 0.743849
vt 0.1835938 0.7427083
vt 0.1982422 0.7410816
vt 0.2119346 0.7393923
vt 0.2128906 0.7392887
vt 0.2275391 0.7376648
vt 0.2421875 0.7363376
vt 0.125 0.7448788
vt 0.125 0.7458742
vt 0.125 0.7468695
vt 0.1396484 0.7453858
vt 0.1396484 0.7463812
vt 0.1396484 0.7473766
vt 0.1542969 0.7454112
vt 0.1542969 0.7464066
vt 0.1542969 0.7474019
vt 0.1640045 0.745042
vt 0.1640045 0.7460374
vt 0.1640045 0.7470327
vt 0.1689453 0.7448444
vt 0.1689453 0.7458397
vt 0.1689453 0.7468351
vt 0.1835938 0.7437036
vt 0.1835938 0.744699
vt 0.1835938 0.7456943
vt 0.1982422 0.7420769
vt 0.1982422 0.7430723
vt 0.1982422 0.7440677
vt 0.2119346 0.7403877
vt 0.2119346 0.7413831
vt 0.2119346 0.7423784
vt 0.2128906 0.740284
vt 0.2128906 0.7412794
vt 0.2128906 0.7422748
vt 0.2275391 0.7386602
vt 0.2275391 0.7396555
vt 0.2275391 0.7406509
vt 0.2421875 0.7373329
vt 0.2421875 0.7383283
vt 0.2421875 0.7393237
vt 0.1103516 0.7289684
vt 0.09570313 0.7288698
vt 0.08105469 0.728716
vt 0.06640625 0.7285156
vt 0.05175781 0.7282834
vt 0.03710938 0.7280486
vt 0.02246094 0.7278602
vt 0.0078125 0.7277832
vt 0.1103516 0.7103065
vt 0.09570313 0.7101035
vt 0.08105469 0.7097873
vt 0.06640625 0.709375
vt 0.05175781 0.7088974
vt 0.03710938 0.7084142
vt 0.02246094 0.7080268
vt 0.0078125 0.7078683
vt 0.1103516 0.6936017
vt 0.09570313 0.6933057
vt 0.08105469 0.6928446
vt 0.06640625 0.6922433
vt 0.05175781 0.6915467
vt 0.03710938 0.6908422
vt 0.02246094 0.6902771
vt 0.0078125 0.6900461
vt 0.1103516 0.6784416
vt 0.09570313 0.6780809
vt 0.08105469 0.6775187
vt 0.06640625 0.6767857
vt 0.05175781 0.6759365
vt 0.03710938 0.6750777
vt 0.02246094 0.6743888
vt 0.0078125 0.6741071
vt 0.1103516 0.6644139
vt 0.09570313 0.6640334
vt 0.08105469 0.6634405
vt 0.06640625 0.6626674
vt 0.05175781 0.6617718
vt 0.03710938 0.6608659
vt 0.02246094 0.6601394
vt 0.0078125 0.6598424
vt 0.1103516 0.651106
vt 0.09570313 0.6507677
vt 0.08105469 0.6502408
vt 0.06640625 0.6495535
vt 0.05175781 0.6487575
vt 0.03710938 0.6479523
vt 0.02246094 0.6473065
vt 0.0078125 0.6470424
vt 0.1103516 0.6381055
vt 0.09570313 0.6378885
vt 0.08105469 0.6375504
vt 0.06640625 0.6371094
vt 0.05175781 0.6365985
vt 0.03710938 0.6360819
vt 0.02246094 0.6356675
vt 0.0078125 0.635498
vt 0.1103516 0.625
vt 0.09570313 0.625
vt 0.08105469 0.625
vt 0.06640625 0.625
vt 0.05175781 0.625
vt 0.03710938 0.625
vt 0.02246094 0.625
vt 0.0078125 0.625
vt 0.1103516 0.7443905
vt 0.09570313 0.7444158
vt 0.08599554 0.7440466
vt 0.08105469 0.743849
vt 0.06640625 0.7427083
vt 0.05175781 0.7410816
vt 0.03806539 0.7393923
vt 0.03710938 0.7392887
vt 0.02246094 0.7376648
vt 0.0078125 0.7363376
vt 0.1103516 0.7453858
vt 0.1103516 0.7463812
vt 0.1103516 0.7473766
vt 0.09570313 0.7454112
vt 0.09570313 0.7464066
vt 0.09570313 0.7474019
vt 0.08599554 0.745042
vt 0.08599554 0.7460374
vt 0.08599554 0.7470327
vt 0.08105469 0.7448444
vt 0.08105469 0.7458397
vt 0.08105469 0.7468351
vt 0.06640625 0.7437036
vt 0.06640625 0.744699
vt 0.06640625 0.7456943
vt 0.05175781 0.7420769
vt 0.05175781 0.7430723
vt 0.05175781 0.7440677
vt 0.0380654 0.7403877
vt 0.0380654 0.7413831
vt 0.03806539 0.7423784
vt 0.03710938 0.740284
vt 0.03710938 0.7412794
vt 0.03710938 0.7422748
vt 0.02246094 0.7386602
vt 0.02246094 0.7396555
vt 0.02246094 0.7406509
vt 0.0078125 0.7373329
vt 0.0078125 0.7383283
vt 0.0078125 0.7393237
vt 0.125 0.6125489
vt 0.1396484 0.6126294
vt 0.1542969 0.612853
vt 0.1689453 0.6132001
vt 0.1835938 0.6136489
vt 0.1982422 0.6141616
vt 0.2128906 0.6146706
vt 0.2275391 0.6150709
vt 0.2421875 0.6152326
vt 0.125 0.5997224
vt 0.1396484 0.5998343
vt 0.1542969 0.600145
vt 0.1689453 0.6006256
vt 0.1835938 0.6012453
vt 0.1982422 0.6019506
vt 0.2128906 0.6026488
vt 0.2275391 0.6031967
vt 0.2421875 0.6034176
vt 0.125 0.5864109
vt 0.1396484 0.5865184
vt 0.1542969 0.5868158
vt 0.1689453 0.587274
vt 0.1835938 0.5878612
vt 0.1982422 0.588526
vt 0.2128906 0.5891806
vt 0.2275391 0.5896924
vt 0.2421875 0.5898983
vt 0.125 0.5725051
vt 0.1396484 0.5725851
vt 0.1542969 0.5728054
vt 0.1689453 0.5731418
vt 0.1835938 0.5735685
vt 0.1982422 0.5740461
vt 0.2128906 0.5745119
vt 0.2275391 0.5748732
vt 0.2421875 0.575018
vt 0.125 0.5578955
vt 0.1396484 0.557938
vt 0.1542969 0.5580537
vt 0.1689453 0.5582263
vt 0.1835938 0.558439
vt 0.1982422 0.5586699
vt 0.2128906 0.5588885
vt 0.2275391 0.5590543
vt 0.2421875 0.5591198
vt 0.125 0.5424727
vt 0.1396484 0.5424808
vt 0.1542969 0.5425006
vt 0.1689453 0.5425245
vt 0.1835938 0.5425449
vt 0.1982422 0.542556
vt 0.2128906 0.5425565
vt 0.2275391 0.5425506
vt 0.2421875 0.5425469
vt 0.125 0.5261273
vt 0.1396484 0.5261169
vt 0.1542969 0.5260861
vt 0.1689453 0.5260334
vt 0.1835938 0.5259579
vt 0.1982422 0.5258632
vt 0.2128906 0.5257617
vt 0.2275391 0.5256775
vt 0.2421875 0.5256426
vt 0.2421875 0.5158899
vt 0.2275391 0.516648
vt 0.2128906 0.5162926
vt 0.2073288 0.5162323
vt 0.1982422 0.5154909
vt 0.1835938 0.5143711
vt 0.1747018 0.5139451
vt 0.1689453 0.5130213
vt 0.1542969 0.5116327
vt 0.1396484 0.5112367
vt 0.1394976 0.5112404
vt 0.125 0.5113672
vt 0.2421875 0.5148572
vt 0.2421875 0.5138245
vt 0.2421875 0.5127919
vt 0.2275391 0.5156153
vt 0.2275391 0.5145826
vt 0.2275391 0.51355
vt 0.2128906 0.5152599
vt 0.2128906 0.5142272
vt 0.2128906 0.5131946
vt 0.2073288 0.5151997
vt 0.2073289 0.514167
vt 0.2073288 0.5131343
vt 0.1982422 0.5144583
vt 0.1982422 0.5134256
vt 0.1982422 0.5123929
vt 0.1835938 0.5133384
vt 0.1835938 0.5123057
vt 0.1835938 0.5112731
vt 0.1747018 0.5129124
vt 0.1747018 0.5118797
vt 0.1747018 0.5108471
vt 0.1689453 0.5119886
vt 0.1689453 0.5109559
vt 0.1689453 0.5099233
vt 0.1542969 0.5106
vt 0.1542969 0.5095673
vt 0.1542969 0.5085347
vt 0.1396484 0.510204
vt 0.1396484 0.5091714
vt 0.1396484 0.5081387
vt 0.1394976 0.5102077
vt 0.1394976 0.509175
vt 0.1394976 0.5081424
vt 0.125 0.5103345
vt 0.125 0.5093019
vt 0.125 0.5082692
vt 0.1103516 0.6126294
vt 0.09570313 0.612853
vt 0.08105469 0.6132001
vt 0.06640625 0.6136489
vt 0.05175781 0.6141616
vt 0.03710938 0.6146706
vt 0.02246094 0.6150709
vt 0.0078125 0.6152326
vt 0.1103516 0.5998343
vt 0.09570313 0.600145
vt 0.08105469 0.6006256
vt 0.06640625 0.6012453
vt 0.05175781 0.6019506
vt 0.03710938 0.6026488
vt 0.02246094 0.6031967
vt 0.0078125 0.6034176
vt 0.1103516 0.5865184
vt 0.09570313 0.5868158
vt 0.08105469 0.587274
vt 0.06640625 0.5878612
vt 0.05175781 0.588526
vt 0.03710938 0.5891806
vt 0.02246094 0.5896924
vt 0.0078125 0.5898983
vt 0.1103516 0.5725851
vt 0.09570313 0.5728054
vt 0.08105469 0.5731418
vt 0.06640625 0.5735685
vt 0.05175781 0.5740461
vt 0.03710938 0.5745119
vt 0.02246094 0.5748732
vt 0.0078125 0.575018
vt 0.1103516 0.557938
vt 0.09570313 0.5580537
vt 0.08105469 0.5582263
vt 0.06640625 0.558439
vt 0.05175781 0.5586699
vt 0.03710938 0.5588885
vt 0.02246094 0.5590543
vt 0.0078125 0.5591198
vt 0.1103516 0.5424808
vt 0.09570313 0.5425006
vt 0.08105469 0.5425245
vt 0.06640625 0.5425449
vt 0.05175781 0.542556
vt 0.03710938 0.5425565
vt 0.02246094 0.5425506
vt 0.0078125 0.5425469
vt 0.1103516 0.5261169
vt 0.09570313 0.5260861
vt 0.08105469 0.5260334
vt 0.06640625 0.5259579
vt 0.05175781 0.5258632
vt 0.03710938 0.5257617
vt 0.02246094 0.5256775
vt 0.0078125 0.5256426
vt 0.0078125 0.5158899
vt 0.02246094 0.516648
vt 0.03710938 0.5162926
vt 0.04267116 0.5162323
vt 0.05175781 0.5154909
vt 0.06640625 0.5143711
vt 0.07529816 0.5139451
vt 0.08105469 0.5130213
vt 0.09570313 0.5116327
vt 0.1103516 0.5112367
vt 0.1105024 0.5112404
vt 0.0078125 0.5148572
vt 0.0078125 0.5138245
vt 0.0078125 0.5127919
vt 0.02246094 0.5156153
vt 0.02246094 0.5145826
vt 0.02246094 0.51355
vt 0.03710938 0.5152599
vt 0.03710938 0.5142272
vt 0.03710938 0.5131946
vt 0.04267116 0.5151997
vt 0.04267114 0.514167
vt 0.04267116 0.5131343
vt 0.05175781 0.5144583
vt 0.05175781 0.5134256
vt 0.05175781 0.5123929
vt 0.06640625 0.5133384
vt 0.06640625 0.5123057
vt 0.06640625 0.5112731
vt 0.07529816 0.5129124
vt 0.07529816 0.5118797
vt 0.07529816 0.5108471
vt 0.08105469 0.5119886
vt 0.08105469 0.5109559
vt 0.08105469 0.5099233
vt 0.09570313 0.5106
vt 0.09570313 0.5095673
vt 0.09570313 0.5085347
vt 0.1103516 0.510204
vt 0.1103516 0.5091714
vt 0.1103516 0.5081387
vt 0.1105024 0.5102077
vt 0.1105024 0.509175
vt 0.1105024 0.5081424
vt 0.75 0.75
vt 0.765625 0.75
vt 0.78125 0.75
vt 0.796875 0.75
vt 0.8125 0.75
vt 0.828125 0.75
vt 0.84375 0.75
vt 0.859375 0.75
vt 0.875 0.75
vt 0.75 0.7449797
vt 0.765625 0.7449067
vt 0.78125 0.744717
vt 0.796875 0.7444843
vt 0.8125 0.7442816
vt 0.828125 0.7441477
vt 0.84375 0.7440756
vt 0.859375 0.7440374
vt 0.875 0.7440207
vt 0.75 0.7402446
vt 0.765625 0.7401476
vt 0.78125 0.7398977
vt 0.796875 0.7395912
vt 0.8125 0.7393218
vt 0.828125 0.7391392
vt 0.84375 0.7390365
vt 0.859375 0.7389809
vt 0.875 0.7389574
vt 0.75 0.7356998
vt 0.765625 0.7356135
vt 0.78125 0.7353952
vt 0.796875 0.7351279
vt 0.8125 0.7348886
vt 0.828125 0.7347189
vt 0.84375 0.7346168
vt 0.859375 0.7345595
vt 0.875 0.7345368
vt 0.75 0.73125
vt 0.765625 0.7311954
vt 0.78125 0.7310629
vt 0.796875 0.7309012
vt 0.8125 0.73075
vt 0.828125 0.7306314
vt 0.84375 0.7305504
vt 0.859375 0.7305024
vt 0.875 0.7304851
vt 0.75 0.7268002
vt 0.765625 0.7267842
vt 0.78125 0.726754
vt 0.796875 0.7267181
vt 0.8125 0.7266738
vt 0.828125 0.7266213
vt 0.84375 0.7265715
vt 0.859375 0.7265388
vt 0.875 0.7265292
vt 0.75 0.7222553
vt 0.765625 0.7222706
vt 0.78125 0.7223217
vt 0.796875 0.7223855
vt 0.8125 0.7224281
vt 0.828125 0.722433
vt 0.84375 0.7224141
vt 0.859375 0.7223977
vt 0.875 0.7223953
vt 0.75 0.7175204
vt 0.765625 0.7175456
vt 0.78125 0.7176193
vt 0.796875 0.7177106
vt 0.8125 0.7177808
vt 0.828125 0.717811
vt 0.84375 0.7178123
vt 0.859375 0.7178084
vt 0.875 0.7178101
vt 0.75 0.7125
vt 0.765625 0.7125
vt 0.78125 0.7125
vt 0.796875 0.7125
vt 0.8125 0.7125
vt 0.828125 0.7125
vt 0.84375 0.7125
vt 0.859375 0.7125
vt 0.875 0.7125
vt 1 0.75
vt 0.984375 0.75
vt 0.96875 0.75
vt 0.953125 0.75
vt 0.9375 0.75
vt 0.921875 0.75
vt 0.90625 0.75
vt 0.890625 0.75
vt 1 0.7449797
vt 0.984375 0.7449067
vt 0.96875 0.744717
vt 0.953125 0.7444843
vt 0.9375 0.7442816
vt 0.921875 0.7441477
vt 0.90625 0.7440756
vt 0.890625 0.7440374
vt 1 0.7402446
vt 0.984375 0.7401476
vt 0.96875 0.7398977
vt 0.953125 0.7395912
vt 0.9375 0.7393218
vt 0.921875 0.7391392
vt 0.90625 0.7390365
vt 0.890625 0.7389809
vt 1 0.7356998
vt 0.984375 0.7356135
vt 0.96875 0.7353952
vt 0.953125 0.7351279
vt 0.9375 0.7348886
vt 0.921875 0.7347189
vt 0.90625 0.7346168
vt 0.890625 0.7345595
vt 1 0.73125
vt 0.984375 0.7311954
vt 0.96875 0.7310629
vt 0.953125 0.7309012
vt 0.9375 0.73075
vt 0.921875 0.7306314
vt 0.90625 0.7305504
vt 0.890625 0.7305024
vt 1 0.7268002
vt 0.984375 0.7267842
vt 0.96875 0.726754
vt 0.953125 0.7267181
vt 0.9375 0.7266738
vt 0.921875 0.7266213
vt 0.90625 0.7265715
vt 0.890625 0.7265388
vt 1 0.7222553
vt 0.984375 0.7222706
vt 0.96875 0.7223217
vt 0.953125 0.7223855
vt 0.9375 0.7224281
vt 0.921875 0.722433
vt 0.90625 0.7224141
vt 0.890625 0.7223977
vt 1 0.7175204
vt 0.984375 0.7175456
vt 0.96875 0.7176193
vt 0.953125 0.7177106
vt 0.9375 0.7177808
vt 0.921875 0.717811
vt 0.90625 0.7178123
vt 0.890625 0.7178084
vt 1 0.7125
vt 0.984375 0.7125
vt 0.96875 0.7125
vt 0.953125 0.7125
vt 0.9375 0.7125
vt 0.921875 0.7125
vt 0.90625 0.7125
vt 0.890625 0.7125
vt 0.75 0.6929538
vt 0.765625 0.6929483
vt 0.78125 0.6928878
vt 0.796875 0.6927506
vt 0.8125 0.6925675
vt 0.828125 0.6923803
vt 0.84375 0.6922204
vt 0.859375 0.6921089
vt 0.875 0.6920658
vt 0.75 0.6707776
vt 0.765625 0.6707072
vt 0.78125 0.6704919
vt 0.796875 0.6701668
vt 0.8125 0.6698024
vt 0.828125 0.6694624
vt 0.84375 0.6691879
vt 0.859375 0.669004
vt 0.875 0.6689352
vt 0.75 0.6464024
vt 0.765625 0.6462383
vt 0.78125 0.64583
vt 0.796875 0.6453111
vt 0.8125 0.6447924
vt 0.828125 0.6443436
vt 0.84375 0.6439999
vt 0.859375 0.6437791
vt 0.875 0.6436993
vt 0.75 0.6202597
vt 0.765625 0.6200036
vt 0.78125 0.6194195
vt 0.796875 0.618746
vt 0.8125 0.6181253
vt 0.828125 0.6176212
vt 0.84375 0.617254
vt 0.859375 0.6170281
vt 0.875 0.6169496
vt 0.75 0.5927809
vt 0.765625 0.5924646
vt 0.78125 0.5917779
vt 0.796875 0.5910339
vt 0.8125 0.5903888
vt 0.828125 0.5898924
vt 0.84375 0.5895476
vt 0.859375 0.5893449
vt 0.875 0.5892775
vt 0.75 0.5643972
vt 0.765625 0.5640832
vt 0.78125 0.5634225
vt 0.796875 0.5627373
vt 0.8125 0.5621707
vt 0.828125 0.5617545
vt 0.84375 0.5614782
vt 0.859375 0.5613233
vt 0.875 0.5612743
vt 0.75 0.53554
vt 0.765625 0.5353214
vt 0.78125 0.5348709
vt 0.796875 0.5344188
vt 0.8125 0.5340587
vt 0.828125 0.5338048
vt 0.84375 0.5336434
vt 0.859375 0.5335572
vt 0.875 0.5335316
vt 0.75 0.5321694
vt 0.765625 0.530242
vt 0.7683228 0.53016
vt 0.7797136 0.5293557
vt 0.78125 0.5289567
vt 0.7933207 0.5276427
vt 0.796875 0.5270264
vt 0.8120086 0.5262533
vt 0.8125 0.5261884
vt 0.828125 0.5256594
vt 0.8301104 0.52578
vt 0.84375 0.5250424
vt 0.8443338 0.5250918
vt 0.8512856 0.524716
vt 0.859375 0.5233771
vt 0.875 0.5235686
vt 0.75 0.5298871
vt 0.75 0.5276049
vt 0.75 0.5253226
vt 0.765625 0.5279598
vt 0.765625 0.5256775
vt 0.765625 0.5233952
vt 0.7683228 0.5278777
vt 0.7683228 0.5255954
vt 0.7683228 0.5233132
vt 0.7797135 0.5270734
vt 0.7797136 0.5247912
vt 0.7797136 0.5225089
vt 0.78125 0.5266744
vt 0.78125 0.5243921
vt 0.78125 0.5221099
vt 0.7933207 0.5253605
vt 0.7933207 0.5230782
vt 0.7933207 0.5207959
vt 0.7968749 0.524744
vt 0.796875 0.5224618
vt 0.796875 0.5201796
vt 0.8120086 0.523971
vt 0.8120086 0.5216888
vt 0.8120086 0.5194065
vt 0.8125 0.5239061
vt 0.8125 0.5216238
vt 0.8125 0.5193416
vt 0.828125 0.5233771
vt 0.828125 0.5210949
vt 0.828125 0.5188126
vt 0.8301104 0.5234977
vt 0.8301104 0.5212154
vt 0.8301104 0.5189332
vt 0.8437499 0.5227602
vt 0.84375 0.5204779
vt 0.84375 0.5181956
vt 0.8443338 0.5228095
vt 0.8443338 0.5205272
vt 0.8443338 0.518245
vt 0.8512855 0.5224338
vt 0.8512856 0.5201515
vt 0.8512856 0.5178692
vt 0.859375 0.5210948
vt 0.859375 0.5188125
vt 0.859375 0.5165303
vt 0.875 0.5212864
vt 0.875 0.5190041
vt 0.875 0.5167218
vt 1 0.6929538
vt 0.984375 0.6929483
vt 0.96875 0.6928878
vt 0.953125 0.6927506
vt 0.9375 0.6925675
vt 0.921875 0.6923803
vt 0.90625 0.6922204
vt 0.890625 0.6921089
vt 1 0.6707776
vt 0.984375 0.6707072
vt 0.96875 0.6704919
vt 0.953125 0.6701668
vt 0.9375 0.6698024
vt 0.921875 0.6694624
vt 0.90625 0.6691879
vt 0.890625 0.669004
vt 1 0.6464024
vt 0.984375 0.6462383
vt 0.96875 0.64583
vt 0.953125 0.6453111
vt 0.9375 0.6447924
vt 0.921875 0.6443436
vt 0.90625 0.6439999
vt 0.890625 0.6437791
vt 1 0.6202597
vt 0.984375 0.6200036
vt 0.96875 0.6194195
vt 0.953125 0.618746
vt 0.9375 0.6181253
vt 0.921875 0.6176212
vt 0.90625 0.617254
vt 0.890625 0.6170281
vt 1 0.5927809
vt 0.984375 0.5924646
vt 0.96875 0.5917779
vt 0.953125 0.5910339
vt 0.9375 0.5903888
vt 0.921875 0.5898924
vt 0.90625 0.5895476
vt 0.890625 0.5893449
vt 1 0.5643972
vt 0.984375 0.5640832
vt 0.96875 0.5634225
vt 0.953125 0.5627373
vt 0.9375 0.5621707
vt 0.921875 0.5617545
vt 0.90625 0.5614782
vt 0.890625 0.5613233
vt 1 0.53554
vt 0.984375 0.5353214
vt 0.96875 0.5348709
vt 0.953125 0.5344188
vt 0.9375 0.5340587
vt 0.921875 0.5338048
vt 0.90625 0.5336434
vt 0.890625 0.5335572
vt 1 0.5321694
vt 0.984375 0.530242
vt 0.9816772 0.53016
vt 0.9702864 0.5293557
vt 0.96875 0.5289567
vt 0.9566793 0.5276427
vt 0.953125 0.5270264
vt 0.9379914 0.5262533
vt 0.9375 0.5261884
vt 0.921875 0.5256594
vt 0.9198896 0.52578
vt 0.90625 0.5250424
vt 0.9056662 0.5250918
vt 0.8987144 0.524716
vt 0.890625 0.5233771
vt 1 0.5298871
vt 1 0.5276049
vt 1 0.5253226
vt 0.984375 0.5279598
vt 0.984375 0.5256775
vt 0.984375 0.5233952
vt 0.9816772 0.5278777
vt 0.9816772 0.5255954
vt 0.9816772 0.5233132
vt 0.9702865 0.5270734
vt 0.9702864 0.5247912
vt 0.9702864 0.5225089
vt 0.96875 0.5266744
vt 0.96875 0.5243921
vt 0.96875 0.5221099
vt 0.9566793 0.5253605
vt 0.9566793 0.5230782
vt 0.9566793 0.5207959
vt 0.9531251 0.524744
vt 0.953125 0.5224618
vt 0.953125 0.5201796
vt 0.9379914 0.523971
vt 0.9379914 0.5216888
vt 0.9379914 0.5194065
vt 0.9375 0.5239061
vt 0.9375 0.5216238
vt 0.9375 0.5193416
vt 0.921875 0.5233771
vt 0.921875 0.5210949
vt 0.921875 0.5188126
vt 0.9198896 0.5234977
vt 0.9198896 0.5212154
vt 0.9198896 0.5189332
vt 0.9062501 0.5227602
vt 0.90625 0.5204779
vt 0.90625 0.5181956
vt 0.9056662 0.5228095
vt 0.9056662 0.5205272
vt 0.9056662 0.518245
vt 0.8987145 0.5224338
vt 0.8987144 0.5201515
vt 0.8987144 0.5178692
vt 0.890625 0.5210948
vt 0.890625 0.5188125
vt 0.890625 0.5165303
vt 0.375 0.625
vt 0.375 0.625
vt 0.375 0.625
vt 0.375 0.625
vt 0.375 0.625
vt 0.375 0.625
vt 0.375 0.625
vt 0.375 0.625
vt 0.375 0.625
vt 0.375 0.6070392
vt 0.378504 0.6073843
vt 0.3818733 0.6084064
vt 0.3849785 0.6100662
vt 0.3877002 0.6122998
vt 0.3899339 0.6150215
vt 0.3915936 0.6181267
vt 0.3926157 0.621496
vt 0.3929608 0.625
vt 0.375 0.5890441
vt 0.3820147 0.589735
vt 0.3887597 0.591781
vt 0.394976 0.5951037
vt 0.4004247 0.5995753
vt 0.4048963 0.605024
vt 0.408219 0.6112403
vt 0.410265 0.6179854
vt 0.4109559 0.625
vt 0.375 0.571505
vt 0.3854364 0.5725329
vt 0.3954717 0.575577
vt 0.4047202 0.5805205
vt 0.4128267 0.5871733
vt 0.4194795 0.5952798
vt 0.4244229 0.6045284
vt 0.4274671 0.6145636
vt 0.428495 0.625
vt 0.375 0.5549123
vt 0.3886734 0.556259
vt 0.4018214 0.5602474
vt 0.4139386 0.5667242
vt 0.4245595 0.5754405
vt 0.4332758 0.5860614
vt 0.4397526 0.5981786
vt 0.443741 0.6113266
vt 0.4450877 0.625
vt 0.375 0.5397564
vt 0.3916302 0.5413943
vt 0.4076213 0.5462452
vt 0.4223588 0.5541225
vt 0.4352764 0.5647236
vt 0.4458775 0.5776412
vt 0.4537549 0.5923787
vt 0.4586057 0.6083698
vt 0.4602436 0.625
vt 0.375 0.5265275
vt 0.394211 0.5284196
vt 0.4126838 0.5340233
vt 0.4297084 0.5431231
vt 0.4446306 0.5553694
vt 0.4568769 0.5702916
vt 0.4659767 0.5873162
vt 0.4715804 0.6057889
vt 0.4734725 0.625
vt 0.375 0.5157161
vt 0.3963202 0.5178159
vt 0.4168212 0.5240349
vt 0.4357149 0.5341338
vt 0.4522754 0.5477246
vt 0.4658662 0.5642852
vt 0.4759652 0.5831789
vt 0.4821841 0.6036798
vt 0.4842839 0.625
vt 0.375 0.5078125
vt 0.3978621 0.5100642
vt 0.4198457 0.5167329
vt 0.4401059 0.5275621
vt 0.4578641 0.542136
vt 0.4724379 0.5598941
vt 0.4832671 0.5801543
vt 0.4899358 0.6021379
vt 0.4921875 0.625
vt 0.375 0.625
vt 0.375 0.625
vt 0.375 0.625
vt 0.375 0.625
vt 0.375 0.625
vt 0.375 0.625
vt 0.375 0.625
vt 0.375 0.625
vt 0.3926157 0.628504
vt 0.3915936 0.6318733
vt 0.3899339 0.6349785
vt 0.3877002 0.6377002
vt 0.3849785 0.6399338
vt 0.3818733 0.6415936
vt 0.378504 0.6426157
vt 0.375 0.6429608
vt 0.410265 0.6320146
vt 0.408219 0.6387597
vt 0.4048963 0.644976
vt 0.4004247 0.6504247
vt 0.394976 0.6548963
vt 0.3887597 0.658219
vt 0.3820147 0.660265
vt 0.375 0.6609559
vt 0.4274671 0.6354364
vt 0.4244229 0.6454717
vt 0.4194795 0.6547202
vt 0.4128267 0.6628267
vt 0.4047202 0.6694795
vt 0.3954716 0.674423
vt 0.3854364 0.6774671
vt 0.375 0.678495
vt 0.443741 0.6386734
vt 0.4397526 0.6518214
vt 0.4332758 0.6639386
vt 0.4245595 0.6745595
vt 0.4139386 0.6832758
vt 0.4018214 0.6897526
vt 0.3886734 0.693741
vt 0.375 0.6950877
vt 0.4586057 0.6416302
vt 0.4537548 0.6576213
vt 0.4458775 0.6723589
vt 0.4352764 0.6852764
vt 0.4223588 0.6958776
vt 0.4076213 0.7037549
vt 0.3916302 0.7086057
vt 0.375 0.7102436
vt 0.4715804 0.6442111
vt 0.4659767 0.6626838
vt 0.4568769 0.6797084
vt 0.4446306 0.6946306
vt 0.4297084 0.7068769
vt 0.4126838 0.7159767
vt 0.3942111 0.7215804
vt 0.375 0.7234725
vt 0.482184 0.6463202
vt 0.4759651 0.6668211
vt 0.4658662 0.6857149
vt 0.4522754 0.7022754
vt 0.4357148 0.7158663
vt 0.4168211 0.7259651
vt 0.3963202 0.7321841
vt 0.375 0.7342839
vt 0.4899358 0.6478622
vt 0.4832671 0.6698457
vt 0.4724378 0.6901059
vt 0.457864 0.7078641
vt 0.4401059 0.7224379
vt 0.4198457 0.7332672
vt 0.3978622 0.7399358
vt 0.375 0.7421875
vt 0.375 0.625
vt 0.375 0.625
vt 0.375 0.625
vt 0.375 0.625
vt 0.375 0.625
vt 0.375 0.625
vt 0.375 0.625
vt 0.375 0.625
vt 0.3570392 0.625
vt 0.3573843 0.628504
vt 0.3584064 0.6318733
vt 0.3600661 0.6349785
vt 0.3622998 0.6377002
vt 0.3650215 0.6399338
vt 0.3681267 0.6415936
vt 0.371496 0.6426157
vt 0.3390441 0.625
vt 0.339735 0.6320146
vt 0.341781 0.6387597
vt 0.3451037 0.644976
vt 0.3495753 0.6504247
vt 0.355024 0.6548963
vt 0.3612403 0.658219
vt 0.3679853 0.660265
vt 0.321505 0.625
vt 0.3225329 0.6354364
vt 0.3255771 0.6454717
vt 0.3305205 0.6547202
vt 0.3371733 0.6628267
vt 0.3452798 0.6694795
vt 0.3545284 0.674423
vt 0.3645636 0.6774671
vt 0.3049123 0.625
vt 0.306259 0.6386734
vt 0.3102474 0.6518214
vt 0.3167242 0.6639386
vt 0.3254405 0.6745595
vt 0.3360614 0.6832758
vt 0.3481786 0.6897526
vt 0.3613266 0.693741
vt 0.2897564 0.625
vt 0.2913943 0.6416302
vt 0.2962452 0.6576213
vt 0.3041225 0.6723589
vt 0.3147236 0.6852764
vt 0.3276412 0.6958776
vt 0.3423787 0.7037549
vt 0.3583698 0.7086057
vt 0.2765275 0.625
vt 0.2784196 0.6442111
vt 0.2840233 0.6626838
vt 0.2931231 0.6797084
vt 0.3053694 0.6946306
vt 0.3202916 0.7068769
vt 0.3373162 0.7159767
vt 0.3557889 0.7215804
vt 0.2657161 0.625
vt 0.267816 0.6463202
vt 0.2740349 0.6668211
vt 0.2841338 0.6857149
vt 0.2977246 0.7022754
vt 0.3142852 0.7158663
vt 0.3331789 0.7259651
vt 0.3536798 0.7321841
vt 0.2578125 0.625
vt 0.2600642 0.6478622
vt 0.2667329 0.6698457
vt 0.2775622 0.6901059
vt 0.292136 0.7078641
vt 0.3098941 0.7224379
vt 0.3301543 0.7332672
vt 0.3521378 0.7399358
vt 0.375 0.625
vt 0.375 0.625
vt 0.375 0.625
vt 0.375 0.625
vt 0.375 0.625
vt 0.375 0.625
vt 0.375 0.625
vt 0.371496 0.6073843
vt 0.3681267 0.6084064
vt 0.3650215 0.6100662
vt 0.3622998 0.6122998
vt 0.3600661 0.6150215
vt 0.3584064 0.6181267
vt 0.3573843 0.621496
vt 0.3679853 0.589735
vt 0.3612403 0.591781
vt 0.355024 0.5951037
vt 0.3495753 0.5995753
vt 0.3451037 0.605024
vt 0.341781 0.6112403
vt 0.339735 0.6179854
vt 0.3645636 0.5725329
vt 0.3545283 0.575577
vt 0.3452798 0.5805205
vt 0.3371733 0.5871733
vt 0.3305205 0.5952798
vt 0.3255771 0.6045284
vt 0.3225329 0.6145636
vt 0.3613266 0.556259
vt 0.3481786 0.5602474
vt 0.3360614 0.5667242
vt 0.3254405 0.5754405
vt 0.3167242 0.5860614
vt 0.3102474 0.5981786
vt 0.306259 0.6113266
vt 0.3583698 0.5413943
vt 0.3423787 0.5462452
vt 0.3276412 0.5541225
vt 0.3147236 0.5647236
vt 0.3041225 0.5776412
vt 0.2962451 0.5923787
vt 0.2913943 0.6083698
vt 0.355789 0.5284196
vt 0.3373162 0.5340233
vt 0.3202916 0.5431231
vt 0.3053694 0.5553694
vt 0.2931231 0.5702916
vt 0.2840233 0.5873162
vt 0.2784196 0.6057889
vt 0.3536798 0.5178159
vt 0.3331788 0.5240349
vt 0.3142851 0.5341338
vt 0.2977246 0.5477246
vt 0.2841338 0.5642852
vt 0.2740348 0.5831789
vt 0.2678159 0.6036798
vt 0.3521379 0.5100642
vt 0.3301543 0.5167329
vt 0.3098941 0.5275621
vt 0.2921359 0.542136
vt 0.2775621 0.5598941
vt 0.2667329 0.5801543
vt 0.2600642 0.6021379
vt 0.625 0.6069711
vt 0.6285173 0.6073176
vt 0.6318994 0.6083435
vt 0.6350163 0.6100096
vt 0.6377483 0.6122516
vt 0.6399904 0.6149837
vt 0.6416565 0.6181006
vt 0.6426824 0.6214827
vt 0.6430289 0.625
vt 0.625 0.5974756
vt 0.6303697 0.5980045
vt 0.6355332 0.5995708
vt 0.6402918 0.6021143
vt 0.6444627 0.6055373
vt 0.6478857 0.6097083
vt 0.6504292 0.6144669
vt 0.6519955 0.6196302
vt 0.6525244 0.625
vt 0.625 0.584938
vt 0.6328157 0.5857078
vt 0.640331 0.5879875
vt 0.6472572 0.5916897
vt 0.6533281 0.5966719
vt 0.6583103 0.6027428
vt 0.6620124 0.609669
vt 0.6642922 0.6171843
vt 0.665062 0.625
vt 0.625 0.5704653
vt 0.6356392 0.5715132
vt 0.6458696 0.5746166
vt 0.6552979 0.5796561
vt 0.6635618 0.5864382
vt 0.6703439 0.5947021
vt 0.6753835 0.6041305
vt 0.6784868 0.6143608
vt 0.6795347 0.625
vt 0.625 0.5551642
vt 0.6386243 0.556506
vt 0.651725 0.5604801
vt 0.6637987 0.5669336
vt 0.6743814 0.5756186
vt 0.6830664 0.5862013
vt 0.6895199 0.598275
vt 0.693494 0.6113757
vt 0.6948358 0.625
vt 0.625 0.5401416
vt 0.6415551 0.5417721
vt 0.6574739 0.5466011
vt 0.6721448 0.5544428
vt 0.685004 0.564996
vt 0.6955572 0.5778552
vt 0.703399 0.5925261
vt 0.7082279 0.6084449
vt 0.7098584 0.625
vt 0.625 0.5265042
vt 0.6442156 0.5283967
vt 0.6626927 0.5340017
vt 0.6797214 0.5431037
vt 0.6946471 0.5553529
vt 0.7068963 0.5702786
vt 0.7159983 0.5873073
vt 0.7216033 0.6057844
vt 0.7234958 0.625
vt 0.625 0.5153589
vt 0.6463899 0.5174656
vt 0.6669579 0.5237048
vt 0.6859134 0.5338367
vt 0.702528 0.547472
vt 0.7161633 0.5640867
vt 0.7262952 0.5830421
vt 0.7325344 0.60361
vt 0.7346411 0.625
vt 0.625 0.5078125
vt 0.6478621 0.5100642
vt 0.6698457 0.5167329
vt 0.6901059 0.5275621
vt 0.707864 0.542136
vt 0.7224379 0.5598941
vt 0.7332671 0.5801543
vt 0.7399358 0.6021379
vt 0.7421875 0.625
vt 0.6426824 0.6285173
vt 0.6416565 0.6318994
vt 0.6399904 0.6350163
vt 0.6377483 0.6377484
vt 0.6350163 0.6399904
vt 0.6318994 0.6416565
vt 0.6285173 0.6426824
vt 0.625 0.6430289
vt 0.6519955 0.6303698
vt 0.6504292 0.6355331
vt 0.6478857 0.6402918
vt 0.6444627 0.6444627
vt 0.6402918 0.6478857
vt 0.6355331 0.6504292
vt 0.6303697 0.6519955
vt 0.625 0.6525244
vt 0.6642922 0.6328157
vt 0.6620124 0.640331
vt 0.6583103 0.6472572
vt 0.6533281 0.6533281
vt 0.6472572 0.6583103
vt 0.640331 0.6620125
vt 0.6328157 0.6642922
vt 0.625 0.665062
vt 0.6784868 0.6356392
vt 0.6753835 0.6458695
vt 0.6703439 0.6552979
vt 0.6635618 0.6635618
vt 0.6552978 0.6703439
vt 0.6458695 0.6753835
vt 0.6356392 0.6784868
vt 0.625 0.6795347
vt 0.6934939 0.6386243
vt 0.6895199 0.651725
vt 0.6830664 0.6637987
vt 0.6743814 0.6743814
vt 0.6637987 0.6830664
vt 0.651725 0.6895199
vt 0.6386243 0.693494
vt 0.625 0.6948358
vt 0.7082279 0.6415551
vt 0.703399 0.6574739
vt 0.6955572 0.6721448
vt 0.685004 0.685004
vt 0.6721448 0.6955572
vt 0.6574739 0.703399
vt 0.6415551 0.7082279
vt 0.625 0.7098584
vt 0.7216033 0.6442156
vt 0.7159983 0.6626927
vt 0.7068963 0.6797214
vt 0.6946471 0.6946471
vt 0.6797214 0.7068963
vt 0.6626927 0.7159983
vt 0.6442156 0.7216033
vt 0.625 0.7234958
vt 0.7325344 0.64639
vt 0.7262952 0.6669579
vt 0.7161633 0.6859133
vt 0.702528 0.702528
vt 0.6859133 0.7161633
vt 0.6669578 0.7262952
vt 0.6463899 0.7325344
vt 0.625 0.7346411
vt 0.7399358 0.6478622
vt 0.7332671 0.6698457
vt 0.7224379 0.6901059
vt 0.707864 0.7078641
vt 0.6901059 0.7224379
vt 0.6698457 0.7332672
vt 0.6478621 0.7399358
vt 0.625 0.7421875
vt 0.6069711 0.625
vt 0.6073176 0.6285173
vt 0.6083435 0.6318994
vt 0.6100096 0.6350163
vt 0.6122517 0.6377484
vt 0.6149837 0.6399904
vt 0.6181006 0.6416565
vt 0.6214827 0.6426824
vt 0.5974756 0.625
vt 0.5980045 0.6303698
vt 0.5995708 0.6355331
vt 0.6021143 0.6402918
vt 0.6055373 0.6444627
vt 0.6097082 0.6478857
vt 0.6144669 0.6504292
vt 0.6196303 0.6519955
vt 0.584938 0.625
vt 0.5857078 0.6328157
vt 0.5879876 0.640331
vt 0.5916897 0.6472572
vt 0.5966719 0.6533281
vt 0.6027428 0.6583103
vt 0.609669 0.6620125
vt 0.6171843 0.6642922
vt 0.5704653 0.625
vt 0.5715132 0.6356392
vt 0.5746165 0.6458695
vt 0.5796561 0.6552979
vt 0.5864382 0.6635618
vt 0.5947022 0.6703439
vt 0.6041305 0.6753835
vt 0.6143608 0.6784868
vt 0.5551642 0.625
vt 0.5565061 0.6386243
vt 0.5604801 0.651725
vt 0.5669336 0.6637987
vt 0.5756186 0.6743814
vt 0.5862013 0.6830664
vt 0.598275 0.6895199
vt 0.6113757 0.693494
vt 0.5401416 0.625
vt 0.5417721 0.6415551
vt 0.546601 0.6574739
vt 0.5544428 0.6721448
vt 0.564996 0.685004
vt 0.5778552 0.6955572
vt 0.5925261 0.703399
vt 0.6084449 0.7082279
vt 0.5265042 0.625
vt 0.5283967 0.6442156
vt 0.5340017 0.6626927
vt 0.5431037 0.6797214
vt 0.5553529 0.6946471
vt 0.5702786 0.7068963
vt 0.5873073 0.7159983
vt 0.6057844 0.7216033
vt 0.5153589 0.625
vt 0.5174656 0.64639
vt 0.5237048 0.6669579
vt 0.5338367 0.6859133
vt 0.547472 0.702528
vt 0.5640867 0.7161633
vt 0.5830422 0.7262952
vt 0.6036101 0.7325344
vt 0.5078125 0.625
vt 0.5100642 0.6478622
vt 0.5167329 0.6698457
vt 0.5275621 0.6901059
vt 0.542136 0.7078641
vt 0.5598941 0.7224379
vt 0.5801543 0.7332672
vt 0.6021379 0.7399358
vt 0.6214827 0.6073176
vt 0.6181006 0.6083435
vt 0.6149837 0.6100096
vt 0.6122517 0.6122516
vt 0.6100096 0.6149837
vt 0.6083435 0.6181006
vt 0.6073176 0.6214827
vt 0.6196303 0.5980045
vt 0.6144668 0.5995708
vt 0.6097082 0.6021143
vt 0.6055373 0.6055373
vt 0.6021143 0.6097083
vt 0.5995708 0.6144669
vt 0.5980045 0.6196302
vt 0.6171843 0.5857078
vt 0.609669 0.5879875
vt 0.6027428 0.5916897
vt 0.5966719 0.5966719
vt 0.5916897 0.6027428
vt 0.5879876 0.609669
vt 0.5857078 0.6171843
vt 0.6143608 0.5715132
vt 0.6041304 0.5746166
vt 0.5947021 0.5796561
vt 0.5864382 0.5864382
vt 0.5796561 0.5947021
vt 0.5746165 0.6041305
vt 0.5715132 0.6143608
vt 0.6113757 0.556506
vt 0.598275 0.5604801
vt 0.5862013 0.5669336
vt 0.5756186 0.5756186
vt 0.5669336 0.5862013
vt 0.5604801 0.598275
vt 0.556506 0.6113757
vt 0.6084449 0.5417721
vt 0.5925261 0.5466011
vt 0.5778552 0.5544428
vt 0.564996 0.564996
vt 0.5544428 0.5778552
vt 0.546601 0.5925261
vt 0.5417721 0.6084449
vt 0.6057844 0.5283967
vt 0.5873073 0.5340017
vt 0.5702786 0.5431037
vt 0.5553529 0.5553529
vt 0.5431037 0.5702786
vt 0.5340017 0.5873073
vt 0.5283967 0.6057844
vt 0.6036101 0.5174656
vt 0.5830421 0.5237048
vt 0.5640866 0.5338367
vt 0.547472 0.547472
vt 0.5338367 0.5640867
vt 0.5237048 0.5830421
vt 0.5174656 0.60361
vt 0.6021379 0.5100642
vt 0.5801543 0.5167329
vt 0.5598941 0.5275621
vt 0.542136 0.542136
vt 0.5275621 0.5598941
vt 0.5167329 0.5801543
vt 0.5100642 0.6021379
vt 0 0.25
vt 0.03125 0.25
vt 0.0625 0.25
vt 0.09375 0.25
vt 0.125 0.25
vt 0.15625 0.25
vt 0.1875 0.25
vt 0.21875 0.25
vt 0.25 0.25
vt 0 0.2458022
vt 0.03125 0.2458022
vt 0.0625 0.2458022
vt 0.09375 0.2458022
vt 0.125 0.2458022
vt 0.15625 0.2458022
vt 0.1875 0.2458022
vt 0.21875 0.2458022
vt 0.25 0.2458022
vt 0 0.2419882
vt 0.03125 0.2419882
vt 0.0625 0.2419882
vt 0.09375 0.2419882
vt 0.125 0.2419882
vt 0.15625 0.2419882
vt 0.1875 0.2419882
vt 0.21875 0.2419882
vt 0.25 0.2419882
vt 0 0.2384301
vt 0.03125 0.2384301
vt 0.0625 0.2384301
vt 0.09375 0.2384301
vt 0.125 0.2384301
vt 0.15625 0.2384301
vt 0.1875 0.2384301
vt 0.21875 0.2384301
vt 0.25 0.2384301
vt 0 0.235
vt 0.03125 0.235
vt 0.0625 0.235
vt 0.09375 0.235
vt 0.125 0.235
vt 0.15625 0.235
vt 0.1875 0.235
vt 0.21875 0.235
vt 0.25 0.235
vt 0 0.2315699
vt 0.03125 0.2315699
vt 0.0625 0.2315699
vt 0.09375 0.2315699
vt 0.125 0.2315699
vt 0.15625 0.2315699
vt 0.1875 0.2315699
vt 0.21875 0.2315699
vt 0.25 0.2315699
vt 0 0.2280118
vt 0.03125 0.2280118
vt 0.0625 0.2280118
vt 0.09375 0.2280118
vt 0.125 0.2280118
vt 0.15625 0.2280118
vt 0.1875 0.2280118
vt 0.21875 0.2280118
vt 0.25 0.2280118
vt 0 0.2241979
vt 0.03125 0.2241979
vt 0.0625 0.2241979
vt 0.09375 0.2241979
vt 0.125 0.2241979
vt 0.15625 0.2241979
vt 0.1875 0.2241979
vt 0.21875 0.2241979
vt 0.25 0.2241979
vt 0 0.22
vt 0.03125 0.22
vt 0.0625 0.22
vt 0.09375 0.22
vt 0.125 0.22
vt 0.15625 0.22
vt 0.1875 0.22
vt 0.21875 0.22
vt 0.25 0.22
vt 0.28125 0.25
vt 0.3125 0.25
vt 0.34375 0.25
vt 0.375 0.25
vt 0.40625 0.25
vt 0.4375 0.25
vt 0.46875 0.25
vt 0.5 0.25
vt 0.28125 0.2458022
vt 0.3125 0.2458022
vt 0.34375 0.2458022
vt 0.375 0.2458022
vt 0.40625 0.2458022
vt 0.4375 0.2458022
vt 0.46875 0.2458022
vt 0.5 0.2458022
vt 0.28125 0.2419882
vt 0.3125 0.2419882
vt 0.34375 0.2419882
vt 0.375 0.2419882
vt 0.40625 0.2419882
vt 0.4375 0.2419882
vt 0.46875 0.2419882
vt 0.5 0.2419882
vt 0.28125 0.2384301
vt 0.3125 0.2384301
vt 0.34375 0.2384301
vt 0.375 0.2384301
vt 0.40625 0.2384301
vt 0.4375 0.2384301
vt 0.46875 0.2384301
vt 0.5 0.2384301
vt 0.28125 0.235
vt 0.3125 0.235
vt 0.34375 0.235
vt 0.375 0.235
vt 0.40625 0.235
vt 0.4375 0.235
vt 0.46875 0.235
vt 0.5 0.235
vt 0.28125 0.2315699
vt 0.3125 0.2315699
vt 0.34375 0.2315699
vt 0.375 0.2315699
vt 0.40625 0.2315699
vt 0.4375 0.2315699
vt 0.46875 0.2315699
vt 0.5 0.2315699
vt 0.28125 0.2280118
vt 0.3125 0.2280118
vt 0.34375 0.2280118
vt 0.375 0.2280118
vt 0.40625 0.2280118
vt 0.4375 0.2280118
vt 0.46875 0.2280118
vt 0.5 0.2280118
vt 0.28125 0.2241979
vt 0.3125 0.2241979
vt 0.34375 0.2241979
vt 0.375 0.2241979
vt 0.40625 0.2241979
vt 0.4375 0.2241979
vt 0.46875 0.2241979
vt 0.5 0.2241979
vt 0.28125 0.22
vt 0.3125 0.22
vt 0.34375 0.22
vt 0.375 0.22
vt 0.40625 0.22
vt 0.4375 0.22
vt 0.46875 0.22
vt 0.5 0.22
vt 0.75 0.25
vt 0.71875 0.25
vt 0.6875 0.25
vt 0.65625 0.25
vt 0.625 0.25
vt 0.59375 0.25
vt 0.5625 0.25
vt 0.53125 0.25
vt 0.75 0.2458022
vt 0.71875 0.2458022
vt 0.6875 0.2458022
vt 0.65625 0.2458022
vt 0.625 0.2458022
vt 0.59375 0.2458022
vt 0.5625 0.2458022
vt 0.53125 0.2458022
vt 0.75 0.2419882
vt 0.71875 0.2419882
vt 0.6875 0.2419882
vt 0.65625 0.2419882
vt 0.625 0.2419882
vt 0.59375 0.2419882
vt 0.5625 0.2419882
vt 0.53125 0.2419882
vt 0.75 0.2384301
vt 0.71875 0.2384301
vt 0.6875 0.2384301
vt 0.65625 0.2384301
vt 0.625 0.2384301
vt 0.59375 0.2384301
vt 0.5625 0.2384301
vt 0.53125 0.2384301
vt 0.75 0.235
vt 0.71875 0.235
vt 0.6875 0.235
vt 0.65625 0.235
vt 0.625 0.235
vt 0.59375 0.235
vt 0.5625 0.235
vt 0.53125 0.235
vt 0.75 0.2315699
vt 0.71875 0.2315699
vt 0.6875 0.2315699
vt 0.65625 0.2315699
vt 0.625 0.2315699
vt 0.59375 0.2315699
vt 0.5625 0.2315699
vt 0.53125 0.2315699
vt 0.75 0.2280118
vt 0.71875 0.2280118
vt 0.6875 0.2280118
vt 0.65625 0.2280118
vt 0.625 0.2280118
vt 0.59375 0.2280118
vt 0.5625 0.2280118
vt 0.53125 0.2280118
vt 0.75 0.2241979
vt 0.71875 0.2241979
vt 0.6875 0.2241979
vt 0.65625 0.2241979
vt 0.625 0.2241979
vt 0.59375 0.2241979
vt 0.5625 0.2241979
vt 0.53125 0.2241979
vt 0.75 0.22
vt 0.71875 0.22
vt 0.6875 0.22
vt 0.65625 0.22
vt 0.625 0.22
vt 0.59375 0.22
vt 0.5625 0.22
vt 0.53125 0.22
vt 1 0.25
vt 0.96875 0.25
vt 0.9375 0.25
vt 0.90625 0.25
vt 0.875 0.25
vt 0.84375 0.25
vt 0.8125 0.25
vt 0.78125 0.25
vt 1 0.2458022
vt 0.96875 0.2458022
vt 0.9375 0.2458022
vt 0.90625 0.2458022
vt 0.875 0.2458022
vt 0.84375 0.2458022
vt 0.8125 0.2458022
vt 0.78125 0.2458022
vt 1 0.2419882
vt 0.96875 0.2419882
vt 0.9375 0.2419882
vt 0.90625 0.2419882
vt 0.875 0.2419882
vt 0.84375 0.2419882
vt 0.8125 0.2419882
vt 0.78125 0.2419882
vt 1 0.2384301
vt 0.96875 0.2384301
vt 0.9375 0.2384301
vt 0.90625 0.2384301
vt 0.875 0.2384301
vt 0.84375 0.2384301
vt 0.8125 0.2384301
vt 0.78125 0.2384301
vt 1 0.235
vt 0.96875 0.235
vt 0.9375 0.235
vt 0.90625 0.235
vt 0.875 0.235
vt 0.84375 0.235
vt 0.8125 0.235
vt 0.78125 0.235
vt 1 0.2315699
vt 0.96875 0.2315699
vt 0.9375 0.2315699
vt 0.90625 0.2315699
vt 0.875 0.2315699
vt 0.84375 0.2315699
vt 0.8125 0.2315699
vt 0.78125 0.2315699
vt 1 0.2280118
vt 0.96875 0.2280118
vt 0.9375 0.2280118
vt 0.90625 0.2280118
vt 0.875 0.2280118
vt 0.84375 0.2280118
vt 0.8125 0.2280118
vt 0.78125 0.2280118
vt 1 0.2241979
vt 0.96875 0.2241979
vt 0.9375 0.2241979
vt 0.90625 0.2241979
vt 0.875 0.2241979
vt 0.84375 0.2241979
vt 0.8125 0.2241979
vt 0.78125 0.2241979
vt 1 0.22
vt 0.96875 0.22
vt 0.9375 0.22
vt 0.90625 0.22
vt 0.875 0.22
vt 0.84375 0.22
vt 0.8125 0.22
vt 0.78125 0.22
vt 0.03125 0.2019842
vt 0.0625 0.2019842
vt 0.09375 0.2019842
vt 0.125 0.2019842
vt 0.15625 0.2019842
vt 0.1875 0.2019842
vt 0.21875 0.2019842
vt 0.25 0.2019842
vt 0.03125 0.184077
vt 0.0625 0.184077
vt 0.09375 0.184077
vt 0.125 0.184077
vt 0.15625 0.184077
vt 0.1875 0.184077
vt 0.21875 0.184077
vt 0.25 0.184077
vt 0 0.1663871
vt 0.03125 0.1663871
vt 0.0625 0.1663871
vt 0.09375 0.1663871
vt 0.125 0.1663871
vt 0.15625 0.1663871
vt 0.1875 0.1663871
vt 0.21875 0.1663871
vt 0.25 0.1663871
vt 0 0.1490232
vt 0.03125 0.1490232
vt 0.0625 0.1490232
vt 0.09375 0.1490232
vt 0.125 0.1490232
vt 0.15625 0.1490232
vt 0.1875 0.1490232
vt 0.21875 0.1490232
vt 0.25 0.1490232
vt 0 0.1320938
vt 0.03125 0.1320938
vt 0.0625 0.1320938
vt 0.09375 0.1320938
vt 0.125 0.1320938
vt 0.15625 0.1320938
vt 0.1875 0.1320938
vt 0.21875 0.1320938
vt 0.25 0.1320938
vt 0 0.1157078
vt 0.03125 0.1157078
vt 0.0625 0.1157078
vt 0.09375 0.1157078
vt 0.125 0.1157078
vt 0.15625 0.1157078
vt 0.1875 0.1157078
vt 0.21875 0.1157078
vt 0.25 0.1157078
vt 0 0.09997362
vt 0.03125 0.09997362
vt 0.0625 0.09997362
vt 0.09375 0.09997362
vt 0.125 0.09997362
vt 0.15625 0.09997362
vt 0.1875 0.09997362
vt 0.21875 0.09997362
vt 0.25 0.09997362
vt 0.03125 0.08499998
vt 0.0625 0.08499998
vt 0.09375 0.08499998
vt 0.125 0.08499998
vt 0.15625 0.08499998
vt 0.1875 0.08499998
vt 0.21875 0.08499998
vt 0.25 0.08499998
vt 0 0.2092897
vt 0.01113021 0.2082246
vt 0.01948475 0.2051648
vt 0.02305648 0.2019842
vt 0.02475011 0.2003764
vt 0.02618058 0.1944645
vt 0.02391859 0.1885514
vt 0.01873163 0.184077
vt 0.0183947 0.1837692
vt 0.0104076 0.1807338
vt 0 0.1796797
vt 0 0.09182182
vt 0.008714976 0.09029134
vt 0.01541858 0.08691371
vt 0.01710413 0.08499998
vt 0.28125 0.2019842
vt 0.3125 0.2019842
vt 0.34375 0.2019842
vt 0.375 0.2019842
vt 0.40625 0.2019842
vt 0.4375 0.2019842
vt 0.46875 0.2019842
vt 0.5 0.2019842
vt 0.28125 0.184077
vt 0.3125 0.184077
vt 0.34375 0.184077
vt 0.375 0.184077
vt 0.40625 0.184077
vt 0.4375 0.184077
vt 0.46875 0.184077
vt 0.5 0.184077
vt 0.28125 0.1663871
vt 0.3125 0.1663871
vt 0.34375 0.1663871
vt 0.375 0.1663871
vt 0.40625 0.1663871
vt 0.4375 0.1663871
vt 0.46875 0.1663871
vt 0.5 0.1663871
vt 0.28125 0.1490232
vt 0.3125 0.1490232
vt 0.34375 0.1490232
vt 0.375 0.1490232
vt 0.40625 0.1490232
vt 0.4375 0.1490232
vt 0.46875 0.1490232
vt 0.5 0.1490232
vt 0.28125 0.1320938
vt 0.3125 0.1320938
vt 0.34375 0.1320938
vt 0.375 0.1320938
vt 0.40625 0.1320938
vt 0.4375 0.1320938
vt 0.46875 0.1320938
vt 0.28125 0.1157078
vt 0.3125 0.1157078
vt 0.34375 0.1157078
vt 0.375 0.1157078
vt 0.40625 0.1157078
vt 0.4375 0.1157078
vt 0.28125 0.09997362
vt 0.3125 0.09997362
vt 0.34375 0.09997362
vt 0.375 0.09997362
vt 0.40625 0.09997362
vt 0.4375 0.09997362
vt 0.28125 0.08499998
vt 0.3125 0.08499998
vt 0.34375 0.08499998
vt 0.375 0.08499998
vt 0.40625 0.08499998
vt 0.4375 0.08499998
vt 0.5 0.1368888
vt 0.480975 0.1335643
vt 0.4785782 0.1320938
vt 0.46875 0.1259036
vt 0.4674068 0.1250394
vt 0.4613047 0.1157078
vt 0.4595088 0.1129753
vt 0.4573321 0.09997362
vt 0.4572504 0.09955256
vt 0.4601977 0.08641268
vt 0.4612742 0.08499998
vt 0.75 0.2019842
vt 0.71875 0.2019842
vt 0.6875 0.2019842
vt 0.65625 0.2019842
vt 0.625 0.2019842
vt 0.59375 0.2019842
vt 0.5625 0.2019842
vt 0.53125 0.2019842
vt 0.75 0.184077
vt 0.71875 0.184077
vt 0.6875 0.184077
vt 0.65625 0.184077
vt 0.625 0.184077
vt 0.59375 0.184077
vt 0.5625 0.184077
vt 0.53125 0.184077
vt 0.75 0.1663871
vt 0.71875 0.1663871
vt 0.6875 0.1663871
vt 0.65625 0.1663871
vt 0.625 0.1663871
vt 0.59375 0.1663871
vt 0.5625 0.1663871
vt 0.53125 0.1663871
vt 0.75 0.1490232
vt 0.71875 0.1490232
vt 0.6875 0.1490232
vt 0.65625 0.1490232
vt 0.625 0.1490232
vt 0.59375 0.1490232
vt 0.5625 0.1490232
vt 0.53125 0.1490232
vt 0.75 0.1320938
vt 0.71875 0.1320938
vt 0.6875 0.1320938
vt 0.65625 0.1320938
vt 0.625 0.1320938
vt 0.59375 0.1320938
vt 0.5625 0.1320938
vt 0.53125 0.1320938
vt 0.75 0.1157078
vt 0.71875 0.1157078
vt 0.6875 0.1157078
vt 0.65625 0.1157078
vt 0.625 0.1157078
vt 0.59375 0.1157078
vt 0.5625 0.1157078
vt 0.75 0.09997362
vt 0.71875 0.09997362
vt 0.6875 0.09997362
vt 0.65625 0.09997362
vt 0.625 0.09997362
vt 0.59375 0.09997362
vt 0.5625 0.09997362
vt 0.75 0.08499998
vt 0.71875 0.08499998
vt 0.6875 0.08499998
vt 0.65625 0.08499998
vt 0.625 0.08499998
vt 0.59375 0.08499998
vt 0.5625 0.08499998
vt 0.519025 0.1335643
vt 0.5214218 0.1320938
vt 0.53125 0.1259036
vt 0.5325933 0.1250394
vt 0.5386953 0.1157078
vt 0.5404912 0.1129753
vt 0.5426679 0.09997362
vt 0.5427496 0.09955256
vt 0.5398023 0.08641268
vt 0.5387257 0.08499998
vt 0.96875 0.2019842
vt 0.9375 0.2019842
vt 0.90625 0.2019842
vt 0.875 0.2019842
vt 0.84375 0.2019842
vt 0.8125 0.2019842
vt 0.78125 0.2019842
vt 0.96875 0.184077
vt 0.9375 0.184077
vt 0.90625 0.184077
vt 0.875 0.184077
vt 0.84375 0.184077
vt 0.8125 0.184077
vt 0.78125 0.184077
vt 1 0.1663871
vt 0.96875 0.1663871
vt 0.9375 0.1663871
vt 0.90625 0.1663871
vt 0.875 0.1663871
vt 0.84375 0.1663871
vt 0.8125 0.1663871
vt 0.78125 0.1663871
vt 1 0.1490232
vt 0.96875 0.1490232
vt 0.9375 0.1490232
vt 0.90625 0.1490232
vt 0.875 0.1490232
vt 0.84375 0.1490232
vt 0.8125 0.1490232
vt 0.78125 0.1490232
vt 1 0.1320938
vt 0.96875 0.1320938
vt 0.9375 0.1320938
vt 0.90625 0.1320938
vt 0.875 0.1320938
vt 0.84375 0.1320938
vt 0.8125 0.1320938
vt 0.78125 0.1320938
vt 1 0.1157078
vt 0.96875 0.1157078
vt 0.9375 0.1157078
vt 0.90625 0.1157078
vt 0.875 0.1157078
vt 0.84375 0.1157078
vt 0.8125 0.1157078
vt 0.78125 0.1157078
vt 1 0.09997362
vt 0.96875 0.09997362
vt 0.9375 0.09997362
vt 0.90625 0.09997362
vt 0.875 0.09997362
vt 0.84375 0.09997362
vt 0.8125 0.09997362
vt 0.78125 0.09997362
vt 0.96875 0.08499998
vt 0.9375 0.08499998
vt 0.90625 0.08499998
vt 0.875 0.08499998
vt 0.84375 0.08499998
vt 0.8125 0.08499998
vt 0.78125 0.08499998
vt 1 0.2092897
vt 0.9888698 0.2082246
vt 0.9805152 0.2051648
vt 0.9769435 0.2019842
vt 0.9752499 0.2003764
vt 0.9738194 0.1944645
vt 0.9760814 0.1885514
vt 0.9812683 0.184077
vt 0.9816053 0.1837692
vt 0.9895924 0.1807338
vt 1 0.1796797
vt 1 0.09182182
vt 0.991285 0.09029134
vt 0.9845814 0.08691371
vt 0.9828959 0.08499998
vt 0.03125 0.07020742
vt 0.0625 0.07020742
vt 0.09375 0.07020742
vt 0.125 0.07020742
vt 0.15625 0.07020742
vt 0.1875 0.07020742
vt 0.21875 0.07020742
vt 0.25 0.07020742
vt 0.03125 0.0558818
vt 0.0625 0.0558818
vt 0.09375 0.0558818
vt 0.125 0.0558818
vt 0.15625 0.0558818
vt 0.1875 0.0558818
vt 0.21875 0.0558818
vt 0.25 0.0558818
vt 0 0.04238498
vt 0.03125 0.04238498
vt 0.0625 0.04238498
vt 0.09375 0.04238498
vt 0.125 0.04238498
vt 0.15625 0.04238498
vt 0.1875 0.04238498
vt 0.21875 0.04238498
vt 0.25 0.04238498
vt 0 0.03007883
vt 0.03125 0.03007883
vt 0.0625 0.03007883
vt 0.09375 0.03007883
vt 0.125 0.03007883
vt 0.15625 0.03007883
vt 0.1875 0.03007883
vt 0.21875 0.03007883
vt 0.25 0.03007883
vt 0 0.01932538
vt 0.03125 0.01932538
vt 0.0625 0.01932538
vt 0.09375 0.01932538
vt 0.125 0.01932538
vt 0.15625 0.01932538
vt 0.1875 0.01932538
vt 0.21875 0.01932538
vt 0.25 0.01932538
vt 0 0.01048648
vt 0.03125 0.01048648
vt 0.0625 0.01048648
vt 0.09375 0.01048648
vt 0.125 0.01048648
vt 0.15625 0.01048648
vt 0.1875 0.01048648
vt 0.21875 0.01048648
vt 0.25 0.01048648
vt 0 0.003924072
vt 0.03125 0.003924072
vt 0.0625 0.003924072
vt 0.09375 0.003924072
vt 0.125 0.003924072
vt 0.15625 0.003924072
vt 0.1875 0.003924072
vt 0.21875 0.003924072
vt 0.25 0.003924072
vt 0 0
vt 0.03125 0
vt 0.0625 0
vt 0.09375 0
vt 0.125 0
vt 0.15625 0
vt 0.1875 0
vt 0.21875 0
vt 0.25 0
vt 0.01995476 0.08138943
vt 0.02167165 0.07434525
vt 0.02075903 0.07020742
vt 0.02027117 0.06677747
vt 0.0159942 0.05997094
vt 0.009201899 0.05590914
vt 0.009109612 0.0558818
vt 0 0.05465048
vt 0.28125 0.07020742
vt 0.3125 0.07020742
vt 0.34375 0.07020742
vt 0.375 0.07020742
vt 0.40625 0.07020742
vt 0.4375 0.07020742
vt 0.46875 0.07020742
vt 0.28125 0.0558818
vt 0.3125 0.0558818
vt 0.34375 0.0558818
vt 0.375 0.0558818
vt 0.40625 0.0558818
vt 0.4375 0.0558818
vt 0.46875 0.0558818
vt 0.5 0.0558818
vt 0.28125 0.04238498
vt 0.3125 0.04238498
vt 0.34375 0.04238498
vt 0.375 0.04238498
vt 0.40625 0.04238498
vt 0.4375 0.04238498
vt 0.46875 0.04238498
vt 0.5 0.04238498
vt 0.28125 0.03007883
vt 0.3125 0.03007883
vt 0.34375 0.03007883
vt 0.375 0.03007883
vt 0.40625 0.03007883
vt 0.4375 0.03007883
vt 0.46875 0.03007883
vt 0.5 0.03007883
vt 0.28125 0.01932538
vt 0.3125 0.01932538
vt 0.34375 0.01932538
vt 0.375 0.01932538
vt 0.40625 0.01932538
vt 0.4375 0.01932538
vt 0.46875 0.01932538
vt 0.5 0.01932538
vt 0.28125 0.01048648
vt 0.3125 0.01048648
vt 0.34375 0.01048648
vt 0.375 0.01048648
vt 0.40625 0.01048648
vt 0.4375 0.01048648
vt 0.46875 0.01048648
vt 0.5 0.01048648
vt 0.28125 0.003924072
vt 0.3125 0.003924072
vt 0.34375 0.003924072
vt 0.375 0.003924072
vt 0.40625 0.003924072
vt 0.4375 0.003924072
vt 0.46875 0.003924072
vt 0.5 0.003924072
vt 0.28125 0
vt 0.3125 0
vt 0.34375 0
vt 0.375 0
vt 0.40625 0
vt 0.4375 0
vt 0.46875 0
vt 0.5 0
vt 0.4682429 0.07439991
vt 0.46875 0.07409682
vt 0.4746252 0.07020742
vt 0.4814719 0.06476556
vt 0.5 0.06133941
vt 0.75 0.07020742
vt 0.71875 0.07020742
vt 0.6875 0.07020742
vt 0.65625 0.07020742
vt 0.625 0.07020742
vt 0.59375 0.07020742
vt 0.5625 0.07020742
vt 0.53125 0.07020742
vt 0.75 0.0558818
vt 0.71875 0.0558818
vt 0.6875 0.0558818
vt 0.65625 0.0558818
vt 0.625 0.0558818
vt 0.59375 0.0558818
vt 0.5625 0.0558818
vt 0.53125 0.0558818
vt 0.75 0.04238498
vt 0.71875 0.04238498
vt 0.6875 0.04238498
vt 0.65625 0.04238498
vt 0.625 0.04238498
vt 0.59375 0.04238498
vt 0.5625 0.04238498
vt 0.53125 0.04238498
vt 0.75 0.03007883
vt 0.71875 0.03007883
vt 0.6875 0.03007883
vt 0.65625 0.03007883
vt 0.625 0.03007883
vt 0.59375 0.03007883
vt 0.5625 0.03007883
vt 0.53125 0.03007883
vt 0.75 0.01932538
vt 0.71875 0.01932538
vt 0.6875 0.01932538
vt 0.65625 0.01932538
vt 0.625 0.01932538
vt 0.59375 0.01932538
vt 0.5625 0.01932538
vt 0.53125 0.01932538
vt 0.75 0.01048648
vt 0.71875 0.01048648
vt 0.6875 0.01048648
vt 0.65625 0.01048648
vt 0.625 0.01048648
vt 0.59375 0.01048648
vt 0.5625 0.01048648
vt 0.53125 0.01048648
vt 0.75 0.003924072
vt 0.71875 0.003924072
vt 0.6875 0.003924072
vt 0.65625 0.003924072
vt 0.625 0.003924072
vt 0.59375 0.003924072
vt 0.5625 0.003924072
vt 0.53125 0.003924072
vt 0.75 0
vt 0.71875 0
vt 0.6875 0
vt 0.65625 0
vt 0.625 0
vt 0.59375 0
vt 0.5625 0
vt 0.53125 0
vt 0.5317571 0.07439991
vt 0.53125 0.07409682
vt 0.5253748 0.07020742
vt 0.5185281 0.06476556
vt 0.96875 0.07020742
vt 0.9375 0.07020742
vt 0.90625 0.07020742
vt 0.875 0.07020742
vt 0.84375 0.07020742
vt 0.8125 0.07020742
vt 0.78125 0.07020742
vt 0.96875 0.0558818
vt 0.9375 0.0558818
vt 0.90625 0.0558818
vt 0.875 0.0558818
vt 0.84375 0.0558818
vt 0.8125 0.0558818
vt 0.78125 0.0558818
vt 1 0.04238498
vt 0.96875 0.04238498
vt 0.9375 0.04238498
vt 0.90625 0.04238498
vt 0.875 0.04238498
vt 0.84375 0.04238498
vt 0.8125 0.04238498
vt 0.78125 0.04238498
vt 1 0.03007883
vt 0.96875 0.03007883
vt 0.9375 0.03007883
vt 0.90625 0.03007883
vt 0.875 0.03007883
vt 0.84375 0.03007883
vt 0.8125 0.03007883
vt 0.78125 0.03007883
vt 1 0.01932538
vt 0.96875 0.01932538
vt 0.9375 0.01932538
vt 0.90625 0.01932538
vt 0.875 0.01932538
vt 0.84375 0.01932538
vt 0.8125 0.01932538
vt 0.78125 0.01932538
vt 1 0.01048648
vt 0.96875 0.01048648
vt 0.9375 0.01048648
vt 0.90625 0.01048648
vt 0.875 0.01048648
vt 0.84375 0.01048648
vt 0.8125 0.01048648
vt 0.78125 0.01048648
vt 1 0.003924072
vt 0.96875 0.003924072
vt 0.9375 0.003924072
vt 0.90625 0.003924072
vt 0.875 0.003924072
vt 0.84375 0.003924072
vt 0.8125 0.003924072
vt 0.78125 0.003924072
vt 1 0
vt 0.96875 0
vt 0.9375 0
vt 0.90625 0
vt 0.875 0
vt 0.84375 0
vt 0.8125 0
vt 0.78125 0
vt 0.9800453 0.08138943
vt 0.9783283 0.07434525
vt 0.979241 0.07020742
vt 0.9797288 0.06677747
vt 0.9840058 0.05997094
vt 0.9907981 0.05590914
vt 0.9908904 0.0558818
vt 1 0.05465048
vt 0.125 0.9921875
vt 0.1478622 0.9899358
vt 0.1698457 0.9832671
vt 0.1901059 0.9724379
vt 0.2078641 0.957864
vt 0.2224379 0.9401059
vt 0.2332671 0.9198457
vt 0.2399358 0.8978621
vt 0.2421875 0.875
vt 0.125 0.9892641
vt 0.1472918 0.9870685
vt 0.168727 0.9805662
vt 0.1884817 0.9700071
vt 0.2057969 0.9557969
vt 0.2200071 0.9384817
vt 0.2305662 0.9187269
vt 0.2370685 0.8972918
vt 0.2392641 0.875
vt 0.125 0.985113
vt 0.146482 0.9829972
vt 0.1671384 0.9767311
vt 0.1861755 0.9665556
vt 0.2028616 0.9528616
vt 0.2165556 0.9361755
vt 0.2267311 0.9171384
vt 0.2329972 0.896482
vt 0.235113 0.875
vt 0.125 0.978673
vt 0.1452256 0.976681
vt 0.164674 0.9707814
vt 0.1825977 0.961201
vt 0.1983079 0.9483079
vt 0.211201 0.9325976
vt 0.2207814 0.9146739
vt 0.226681 0.8952256
vt 0.2286731 0.875
vt 0.125 0.9688832
vt 0.1433157 0.9670792
vt 0.1609275 0.9617367
vt 0.1771587 0.953061
vt 0.1913854 0.9413854
vt 0.203061 0.9271587
vt 0.2117367 0.9109275
vt 0.2170792 0.8933157
vt 0.2188832 0.875
vt 0.125 0.9546821
vt 0.1405452 0.953151
vt 0.155493 0.9486166
vt 0.169269 0.9412532
vt 0.1813437 0.9313437
vt 0.1912532 0.919269
vt 0.1986167 0.905493
vt 0.203151 0.8905452
vt 0.2046821 0.875
vt 0.125 0.9350086
vt 0.1367071 0.9338556
vt 0.1479643 0.9304408
vt 0.158339 0.9248953
vt 0.1674325 0.9174325
vt 0.1748954 0.908339
vt 0.1804408 0.8979643
vt 0.1838556 0.8867071
vt 0.1850087 0.875
vt 0.125 0.9088017
vt 0.1315944 0.9081522
vt 0.1379353 0.9062287
vt 0.1437792 0.9031051
vt 0.1489014 0.8989014
vt 0.1531051 0.8937792
vt 0.1562287 0.8879353
vt 0.1581522 0.8815944
vt 0.1588017 0.875
vt 0.125 0.875
vt 0.125 0.875
vt 0.125 0.875
vt 0.125 0.875
vt 0.125 0.875
vt 0.125 0.875
vt 0.125 0.875
vt 0.125 0.875
vt 0.125 0.875
vt 0.2399358 0.8521378
vt 0.2332671 0.8301543
vt 0.2224378 0.8098941
vt 0.2078641 0.7921359
vt 0.1901059 0.7775621
vt 0.1698457 0.7667328
vt 0.1478622 0.7600642
vt 0.125 0.7578125
vt 0.2370685 0.8527082
vt 0.2305662 0.831273
vt 0.2200071 0.8115183
vt 0.2057969 0.7942031
vt 0.1884817 0.7799929
vt 0.1687269 0.7694337
vt 0.1472918 0.7629315
vt 0.125 0.7607359
vt 0.2329972 0.853518
vt 0.2267311 0.8328616
vt 0.2165556 0.8138245
vt 0.2028616 0.7971383
vt 0.1861755 0.7834444
vt 0.1671384 0.7732689
vt 0.146482 0.7670028
vt 0.125 0.764887
vt 0.226681 0.8547744
vt 0.2207814 0.835326
vt 0.211201 0.8174024
vt 0.1983079 0.8016921
vt 0.1825977 0.788799
vt 0.1646739 0.7792186
vt 0.1452256 0.773319
vt 0.125 0.7713269
vt 0.2170792 0.8566843
vt 0.2117367 0.8390725
vt 0.203061 0.8228413
vt 0.1913854 0.8086146
vt 0.1771587 0.796939
vt 0.1609275 0.7882633
vt 0.1433157 0.7829208
vt 0.125 0.7811168
vt 0.203151 0.8594548
vt 0.1986167 0.844507
vt 0.1912532 0.830731
vt 0.1813437 0.8186563
vt 0.169269 0.8087468
vt 0.155493 0.8013834
vt 0.1405452 0.796849
vt 0.125 0.7953179
vt 0.1838556 0.8632929
vt 0.1804408 0.8520357
vt 0.1748954 0.841661
vt 0.1674325 0.8325675
vt 0.158339 0.8251046
vt 0.1479643 0.8195592
vt 0.1367071 0.8161444
vt 0.125 0.8149914
vt 0.1581522 0.8684056
vt 0.1562287 0.8620647
vt 0.1531051 0.8562208
vt 0.1489014 0.8510986
vt 0.1437792 0.8468949
vt 0.1379353 0.8437713
vt 0.1315944 0.8418478
vt 0.125 0.8411983
vt 0.125 0.875
vt 0.125 0.875
vt 0.125 0.875
vt 0.125 0.875
vt 0.125 0.875
vt 0.125 0.875
vt 0.125 0.875
vt 0.125 0.875
vt 0.0078125 0.875
vt 0.01006423 0.8521378
vt 0.01673287 0.8301543
vt 0.02756217 0.8098941
vt 0.04213594 0.7921359
vt 0.05989414 0.7775621
vt 0.08015433 0.7667328
vt 0.1021378 0.7600642
vt 0.01073594 0.875
vt 0.0129315 0.8527082
vt 0.01943378 0.831273
vt 0.02999292 0.8115183
vt 0.04420313 0.7942031
vt 0.06151831 0.7799929
vt 0.08127308 0.7694337
vt 0.1027082 0.7629315
vt 0.01488703 0.875
vt 0.01700282 0.853518
vt 0.02326888 0.8328616
vt 0.03344442 0.8138245
vt 0.04713839 0.7971383
vt 0.06382453 0.7834444
vt 0.08286163 0.7732689
vt 0.103518 0.7670028
vt 0.02132693 0.875
vt 0.02331899 0.8547744
vt 0.02921858 0.835326
vt 0.038799 0.8174024
vt 0.05169208 0.8016921
vt 0.06740235 0.788799
vt 0.08532608 0.7792186
vt 0.1047744 0.773319
vt 0.03111683 0.875
vt 0.03292078 0.8566843
vt 0.03826326 0.8390725
vt 0.04693902 0.8228413
vt 0.05861458 0.8086146
vt 0.07284132 0.796939
vt 0.0890725 0.7882633
vt 0.1066843 0.7829208
vt 0.04531792 0.875
vt 0.04684898 0.8594548
vt 0.05138335 0.844507
vt 0.05874677 0.830731
vt 0.06865627 0.8186563
vt 0.08073102 0.8087468
vt 0.09450701 0.8013834
vt 0.1094548 0.796849
vt 0.06499134 0.875
vt 0.06614439 0.8632929
vt 0.06955923 0.8520357
vt 0.07510462 0.841661
vt 0.08256748 0.8325675
vt 0.09166099 0.8251046
vt 0.1020357 0.8195592
vt 0.1132929 0.8161444
vt 0.09119831 0.875
vt 0.09184781 0.8684056
vt 0.09377131 0.8620647
vt 0.09689492 0.8562208
vt 0.1010986 0.8510986
vt 0.1062208 0.8468949
vt 0.1120647 0.8437713
vt 0.1184056 0.8418478
vt 0.125 0.875
vt 0.125 0.875
vt 0.125 0.875
vt 0.125 0.875
vt 0.125 0.875
vt 0.125 0.875
vt 0.125 0.875
vt 0.125 0.875
vt 0.1021378 0.9899358
vt 0.08015427 0.9832671
vt 0.0598941 0.9724379
vt 0.04213592 0.957864
vt 0.02756214 0.9401059
vt 0.01673286 0.9198457
vt 0.01006421 0.8978621
vt 0.1027082 0.9870685
vt 0.08127303 0.9805662
vt 0.06151828 0.9700071
vt 0.0442031 0.9557969
vt 0.02999291 0.9384817
vt 0.01943377 0.9187269
vt 0.0129315 0.8972918
vt 0.103518 0.9829972
vt 0.08286159 0.9767311
vt 0.0638245 0.9665556
vt 0.04713836 0.9528616
vt 0.0334444 0.9361755
vt 0.02326888 0.9171384
vt 0.01700282 0.896482
vt 0.1047744 0.976681
vt 0.08532603 0.9707814
vt 0.06740232 0.961201
vt 0.05169207 0.9483079
vt 0.03879899 0.9325976
vt 0.02921857 0.9146739
vt 0.02331898 0.8952256
vt 0.1066843 0.9670792
vt 0.08907247 0.9617367
vt 0.07284129 0.953061
vt 0.05861458 0.9413854
vt 0.04693899 0.9271587
vt 0.03826326 0.9109275
vt 0.03292078 0.8933157
vt 0.1094548 0.953151
vt 0.09450698 0.9486166
vt 0.08073099 0.9412532
vt 0.06865625 0.9313437
vt 0.05874676 0.919269
vt 0.05138335 0.905493
vt 0.04684898 0.8905452
vt 0.1132929 0.9338556
vt 0.1020357 0.9304408
vt 0.09166098 0.9248953
vt 0.08256747 0.9174325
vt 0.07510462 0.908339
vt 0.06955922 0.8979643
vt 0.06614439 0.8867071
vt 0.1184056 0.9081522
vt 0.1120647 0.9062287
vt 0.1062208 0.9031051
vt 0.1010986 0.8989014
vt 0.09689492 0.8937792
vt 0.09377131 0.8879353
vt 0.09184781 0.8815944
vt 0.125 0.875
vt 0.125 0.875
vt 0.125 0.875
vt 0.125 0.875
vt 0.125 0.875
vt 0.125 0.875
vt 0.125 0.875
vt 0.75 0.9655596
vt 0.765625 0.9656748
vt 0.78125 0.9659386
vt 0.796875 0.9662471
vt 0.8125 0.9665363
vt 0.828125 0.9667753
vt 0.84375 0.9669511
vt 0.859375 0.9670588
vt 0.875 0.9670954
vt 0.75 0.931227
vt 0.765625 0.9313727
vt 0.78125 0.9317102
vt 0.796875 0.9321127
vt 0.8125 0.9324994
vt 0.828125 0.9328269
vt 0.84375 0.9330733
vt 0.859375 0.9332273
vt 0.875 0.9332804
vt 0.75 0.8974041
vt 0.765625 0.8975215
vt 0.78125 0.8978
vt 0.796875 0.8981452
vt 0.8125 0.8984921
vt 0.828125 0.8987987
vt 0.84375 0.8990382
vt 0.859375 0.8991923
vt 0.875 0.8992467
vt 0.75 0.8644927
vt 0.765625 0.864549
vt 0.78125 0.864693
vt 0.796875 0.8648928
vt 0.8125 0.8651172
vt 0.828125 0.8653347
vt 0.84375 0.865517
vt 0.859375 0.8656405
vt 0.875 0.8656858
vt 0.75 0.8328947
vt 0.765625 0.8328828
vt 0.78125 0.8328744
vt 0.796875 0.8329037
vt 0.8125 0.8329777
vt 0.828125 0.8330789
vt 0.84375 0.8331812
vt 0.859375 0.8332587
vt 0.875 0.8332891
vt 0.75 0.803012
vt 0.765625 0.8029508
vt 0.78125 0.8028293
vt 0.796875 0.8027264
vt 0.8125 0.8026763
vt 0.828125 0.8026752
vt 0.84375 0.8027022
vt 0.859375 0.8027335
vt 0.875 0.8027483
vt 0.75 0.7752464
vt 0.765625 0.7751806
vt 0.78125 0.7750428
vt 0.796875 0.7749091
vt 0.8125 0.7748162
vt 0.828125 0.7747676
vt 0.84375 0.7747513
vt 0.859375 0.7747517
vt 0.875 0.7747548
vt 0.875 0.75
vt 0.75 0.9806163
vt 0.765625 0.9820192
vt 0.78125 0.982689
vt 0.796875 0.9827587
vt 0.810413 0.9824811
vt 0.8125 0.9827766
vt 0.828125 0.9845695
vt 0.84375 0.9857115
vt 0.8498791 0.985846
vt 0.859375 0.9871651
vt 0.875 0.9871033
vt 0.75 0.9823192
vt 0.75 0.9840221
vt 0.75 0.985725
vt 0.765625 0.9837221
vt 0.765625 0.9854251
vt 0.765625 0.987128
vt 0.78125 0.9843918
vt 0.78125 0.9860948
vt 0.78125 0.9877977
vt 0.7968749 0.9844615
vt 0.796875 0.9861646
vt 0.796875 0.9878675
vt 0.8104129 0.984184
vt 0.810413 0.9858869
vt 0.810413 0.9875898
vt 0.8125 0.9844794
vt 0.8125 0.9861825
vt 0.8125 0.9878854
vt 0.828125 0.9862725
vt 0.828125 0.9879754
vt 0.828125 0.9896783
vt 0.8437499 0.9874144
vt 0.84375 0.9891173
vt 0.84375 0.9908202
vt 0.849879 0.9875489
vt 0.8498791 0.9892519
vt 0.8498791 0.9909548
vt 0.859375 0.988868
vt 0.859375 0.990571
vt 0.859375 0.9922739
vt 0.875 0.9888062
vt 0.875 0.9905092
vt 0.875 0.9922121
vt 1 0.9655596
vt 0.984375 0.9656748
vt 0.96875 0.9659386
vt 0.953125 0.9662471
vt 0.9375 0.9665363
vt 0.921875 0.9667753
vt 0.90625 0.9669511
vt 0.890625 0.9670588
vt 1 0.931227
vt 0.984375 0.9313727
vt 0.96875 0.9317102
vt 0.953125 0.9321127
vt 0.9375 0.9324994
vt 0.921875 0.9328269
vt 0.90625 0.9330733
vt 0.890625 0.9332273
vt 1 0.8974041
vt 0.984375 0.8975215
vt 0.96875 0.8978
vt 0.953125 0.8981452
vt 0.9375 0.8984921
vt 0.921875 0.8987987
vt 0.90625 0.8990382
vt 0.890625 0.8991923
vt 1 0.8644927
vt 0.984375 0.864549
vt 0.96875 0.864693
vt 0.953125 0.8648928
vt 0.9375 0.8651172
vt 0.921875 0.8653347
vt 0.90625 0.865517
vt 0.890625 0.8656405
vt 1 0.8328947
vt 0.984375 0.8328828
vt 0.96875 0.8328744
vt 0.953125 0.8329037
vt 0.9375 0.8329777
vt 0.921875 0.8330789
vt 0.90625 0.8331812
vt 0.890625 0.8332587
vt 1 0.803012
vt 0.984375 0.8029508
vt 0.96875 0.8028293
vt 0.953125 0.8027264
vt 0.9375 0.8026763
vt 0.921875 0.8026752
vt 0.90625 0.8027022
vt 0.890625 0.8027335
vt 1 0.7752464
vt 0.984375 0.7751806
vt 0.96875 0.7750428
vt 0.953125 0.7749091
vt 0.9375 0.7748162
vt 0.921875 0.7747676
vt 0.90625 0.7747513
vt 0.890625 0.7747517
vt 1 0.75
vt 0.984375 0.75
vt 0.96875 0.75
vt 0.953125 0.75
vt 0.9375 0.75
vt 0.921875 0.75
vt 0.90625 0.75
vt 0.890625 0.75
vt 1 0.9806163
vt 0.984375 0.9820192
vt 0.96875 0.982689
vt 0.953125 0.9827587
vt 0.939587 0.9824811
vt 0.9375 0.9827766
vt 0.921875 0.9845695
vt 0.90625 0.9857115
vt 0.9001209 0.985846
vt 0.890625 0.9871651
vt 1 0.9823192
vt 1 0.9840221
vt 1 0.985725
vt 0.984375 0.9837221
vt 0.984375 0.9854251
vt 0.984375 0.987128
vt 0.96875 0.9843918
vt 0.96875 0.9860948
vt 0.96875 0.9877977
vt 0.9531251 0.9844615
vt 0.953125 0.9861646
vt 0.953125 0.9878675
vt 0.9395871 0.984184
vt 0.939587 0.9858869
vt 0.939587 0.9875898
vt 0.9375 0.9844794
vt 0.9375 0.9861825
vt 0.9375 0.9878854
vt 0.921875 0.9862725
vt 0.921875 0.9879754
vt 0.921875 0.9896783
vt 0.9062501 0.9874144
vt 0.90625 0.9891173
vt 0.90625 0.9908202
vt 0.900121 0.9875489
vt 0.9001209 0.9892519
vt 0.9001209 0.9909548
vt 0.890625 0.988868
vt 0.890625 0.990571
vt 0.890625 0.9922739
vt 0.375 0.875
vt 0.375 0.875
vt 0.375 0.875
vt 0.375 0.875
vt 0.375 0.875
vt 0.375 0.875
vt 0.375 0.875
vt 0.375 0.875
vt 0.375 0.875
vt 0.375 0.8647857
vt 0.3769927 0.8649819
vt 0.3789089 0.8655632
vt 0.3806748 0.8665071
vt 0.3822227 0.8677773
vt 0.3834929 0.8693252
vt 0.3844368 0.8710911
vt 0.3850181 0.8730073
vt 0.3852144 0.875
vt 0.375 0.850345
vt 0.3798099 0.8508188
vt 0.3844351 0.8522217
vt 0.3886976 0.8545001
vt 0.3924337 0.8575662
vt 0.3954999 0.8613024
vt 0.3977783 0.8655649
vt 0.3991813 0.87019
vt 0.399655 0.875
vt 0.375 0.8331578
vt 0.383163 0.8339617
vt 0.3910123 0.8363428
vt 0.3982463 0.8402095
vt 0.4045869 0.8454131
vt 0.4097905 0.8517537
vt 0.4136572 0.8589877
vt 0.4160383 0.866837
vt 0.4168423 0.875
vt 0.375 0.8147036
vt 0.3867632 0.8158622
vt 0.3980744 0.8192934
vt 0.4084989 0.8248654
vt 0.4176359 0.832364
vt 0.4251346 0.8415011
vt 0.4307066 0.8519256
vt 0.4341378 0.8632368
vt 0.4352964 0.875
vt 0.375 0.7964624
vt 0.3903219 0.7979714
vt 0.405055 0.8024407
vt 0.4186332 0.8096983
vt 0.4305345 0.8194655
vt 0.4403017 0.8313668
vt 0.4475593 0.844945
vt 0.4520286 0.8596781
vt 0.4535376 0.875
vt 0.375 0.7799136
vt 0.3935504 0.7817407
vt 0.411388 0.7871516
vt 0.4278272 0.7959386
vt 0.4422362 0.8077638
vt 0.4540614 0.8221728
vt 0.4628484 0.838612
vt 0.4682593 0.8564496
vt 0.4700864 0.875
vt 0.375 0.7665371
vt 0.3961601 0.7686212
vt 0.416507 0.7747933
vt 0.4352588 0.7848164
vt 0.4516948 0.7983052
vt 0.4651836 0.8147413
vt 0.4752067 0.8334931
vt 0.4813789 0.8538399
vt 0.4834629 0.875
vt 0.375 0.7578125
vt 0.3978621 0.7600642
vt 0.4198457 0.7667329
vt 0.4401059 0.7775621
vt 0.4578641 0.792136
vt 0.4724379 0.8098941
vt 0.4832671 0.8301543
vt 0.4899358 0.8521379
vt 0.4921875 0.875
vt 0.375 0.875
vt 0.375 0.875
vt 0.375 0.875
vt 0.375 0.875
vt 0.375 0.875
vt 0.375 0.875
vt 0.375 0.875
vt 0.375 0.875
vt 0.3850181 0.8769927
vt 0.3844368 0.8789089
vt 0.3834929 0.8806748
vt 0.3822227 0.8822227
vt 0.3806748 0.8834929
vt 0.3789089 0.8844368
vt 0.3769927 0.8850181
vt 0.375 0.8852144
vt 0.3991813 0.87981
vt 0.3977783 0.8844351
vt 0.3954999 0.8886976
vt 0.3924337 0.8924338
vt 0.3886976 0.8954999
vt 0.3844351 0.8977783
vt 0.3798099 0.8991812
vt 0.375 0.899655
vt 0.4160382 0.883163
vt 0.4136572 0.8910123
vt 0.4097905 0.8982463
vt 0.4045869 0.9045869
vt 0.3982463 0.9097906
vt 0.3910123 0.9136572
vt 0.383163 0.9160383
vt 0.375 0.9168422
vt 0.4341378 0.8867632
vt 0.4307066 0.8980744
vt 0.4251346 0.9084989
vt 0.4176359 0.917636
vt 0.4084989 0.9251346
vt 0.3980744 0.9307066
vt 0.3867632 0.9341378
vt 0.375 0.9352964
vt 0.4520286 0.890322
vt 0.4475593 0.905055
vt 0.4403017 0.9186332
vt 0.4305345 0.9305345
vt 0.4186332 0.9403017
vt 0.405055 0.9475594
vt 0.3903219 0.9520286
vt 0.375 0.9535376
vt 0.4682593 0.8935505
vt 0.4628484 0.911388
vt 0.4540614 0.9278272
vt 0.4422362 0.9422362
vt 0.4278271 0.9540614
vt 0.411388 0.9628484
vt 0.3935505 0.9682593
vt 0.375 0.9700864
vt 0.4813788 0.8961601
vt 0.4752067 0.9165069
vt 0.4651836 0.9352587
vt 0.4516948 0.9516948
vt 0.4352587 0.9651836
vt 0.4165069 0.9752067
vt 0.3961601 0.9813789
vt 0.375 0.9834629
vt 0.4899358 0.8978622
vt 0.4832671 0.9198457
vt 0.4724378 0.9401059
vt 0.457864 0.9578641
vt 0.4401059 0.9724379
vt 0.4198457 0.9832671
vt 0.3978622 0.9899358
vt 0.375 0.9921875
vt 0.375 0.875
vt 0.375 0.875
vt 0.375 0.875
vt 0.375 0.875
vt 0.375 0.875
vt 0.375 0.875
vt 0.375 0.875
vt 0.375 0.875
vt 0.3647856 0.875
vt 0.3649819 0.8769927
vt 0.3655632 0.8789089
vt 0.3665071 0.8806748
vt 0.3677773 0.8822227
vt 0.3693252 0.8834929
vt 0.3710911 0.8844368
vt 0.3730073 0.8850181
vt 0.350345 0.875
vt 0.3508187 0.87981
vt 0.3522217 0.8844351
vt 0.3545001 0.8886976
vt 0.3575663 0.8924338
vt 0.3613024 0.8954999
vt 0.3655649 0.8977783
vt 0.3701901 0.8991812
vt 0.3331577 0.875
vt 0.3339618 0.883163
vt 0.3363428 0.8910123
vt 0.3402095 0.8982463
vt 0.3454131 0.9045869
vt 0.3517537 0.9097906
vt 0.3589877 0.9136572
vt 0.366837 0.9160383
vt 0.3147036 0.875
vt 0.3158622 0.8867632
vt 0.3192934 0.8980744
vt 0.3248654 0.9084989
vt 0.3323641 0.917636
vt 0.3415011 0.9251346
vt 0.3519256 0.9307066
vt 0.3632368 0.9341378
vt 0.2964624 0.875
vt 0.2979714 0.890322
vt 0.3024407 0.905055
vt 0.3096983 0.9186332
vt 0.3194655 0.9305345
vt 0.3313668 0.9403017
vt 0.344945 0.9475594
vt 0.3596781 0.9520286
vt 0.2799136 0.875
vt 0.2817407 0.8935505
vt 0.2871516 0.911388
vt 0.2959386 0.9278272
vt 0.3077638 0.9422362
vt 0.3221729 0.9540614
vt 0.338612 0.9628484
vt 0.3564495 0.9682593
vt 0.2665371 0.875
vt 0.2686212 0.8961601
vt 0.2747933 0.9165069
vt 0.2848164 0.9352587
vt 0.2983052 0.9516948
vt 0.3147413 0.9651836
vt 0.3334931 0.9752067
vt 0.3538399 0.9813789
vt 0.2578125 0.875
vt 0.2600642 0.8978622
vt 0.2667329 0.9198457
vt 0.2775622 0.9401059
vt 0.292136 0.9578641
vt 0.3098941 0.9724379
vt 0.3301543 0.9832671
vt 0.3521378 0.9899358
vt 0.375 0.875
vt 0.375 0.875
vt 0.375 0.875
vt 0.375 0.875
vt 0.375 0.875
vt 0.375 0.875
vt 0.375 0.875
vt 0.3730073 0.8649819
vt 0.3710911 0.8655632
vt 0.3693252 0.8665071
vt 0.3677773 0.8677773
vt 0.3665071 0.8693252
vt 0.3655632 0.8710911
vt 0.3649819 0.8730073
vt 0.3701901 0.8508188
vt 0.3655649 0.8522217
vt 0.3613024 0.8545001
vt 0.3575663 0.8575662
vt 0.3545001 0.8613024
vt 0.3522217 0.8655649
vt 0.3508187 0.87019
vt 0.366837 0.8339617
vt 0.3589877 0.8363428
vt 0.3517537 0.8402095
vt 0.3454131 0.8454131
vt 0.3402095 0.8517537
vt 0.3363428 0.8589877
vt 0.3339617 0.866837
vt 0.3632368 0.8158622
vt 0.3519256 0.8192934
vt 0.3415011 0.8248654
vt 0.3323641 0.832364
vt 0.3248654 0.8415011
vt 0.3192934 0.8519256
vt 0.3158622 0.8632368
vt 0.3596781 0.7979714
vt 0.344945 0.8024407
vt 0.3313668 0.8096983
vt 0.3194655 0.8194655
vt 0.3096983 0.8313668
vt 0.3024407 0.844945
vt 0.2979714 0.8596781
vt 0.3564496 0.7817407
vt 0.338612 0.7871516
vt 0.3221728 0.7959386
vt 0.3077638 0.8077638
vt 0.2959386 0.8221728
vt 0.2871516 0.838612
vt 0.2817407 0.8564496
vt 0.3538399 0.7686212
vt 0.333493 0.7747933
vt 0.3147412 0.7848164
vt 0.2983052 0.7983052
vt 0.2848164 0.8147413
vt 0.2747933 0.8334931
vt 0.2686211 0.8538399
vt 0.3521379 0.7600642
vt 0.3301543 0.7667329
vt 0.3098941 0.7775621
vt 0.2921359 0.792136
vt 0.2775621 0.8098941
vt 0.2667329 0.8301543
vt 0.2600642 0.8521379
vt 0 0.5
vt 0.03125 0.5
vt 0.0625 0.5
vt 0.09375 0.5
vt 0.125 0.5
vt 0.15625 0.5
vt 0.1875 0.5
vt 0.21875 0.5
vt 0.25 0.5
vt 0 0.4948529
vt 0.03125 0.4948529
vt 0.0625 0.4948529
vt 0.09375 0.4948529
vt 0.125 0.4948529
vt 0.15625 0.4948529
vt 0.1875 0.4948529
vt 0.21875 0.4948529
vt 0.25 0.4948529
vt 0 0.4864038
vt 0.03125 0.4864038
vt 0.0625 0.4864038
vt 0.09375 0.4864038
vt 0.125 0.4864038
vt 0.15625 0.4864038
vt 0.1875 0.4864038
vt 0.21875 0.4864038
vt 0.25 0.4864038
vt 0 0.4747956
vt 0.03125 0.4747956
vt 0.0625 0.4747956
vt 0.09375 0.4747956
vt 0.125 0.4747956
vt 0.15625 0.4747956
vt 0.1875 0.4747956
vt 0.21875 0.4747956
vt 0.25 0.4747956
vt 0 0.4601715
vt 0.03125 0.4601715
vt 0.0625 0.4601715
vt 0.09375 0.4601715
vt 0.125 0.4601715
vt 0.15625 0.4601715
vt 0.1875 0.4601715
vt 0.21875 0.4601715
vt 0.25 0.4601715
vt 0 0.4426743
vt 0.03125 0.4426743
vt 0.0625 0.4426743
vt 0.09375 0.4426743
vt 0.125 0.4426743
vt 0.15625 0.4426743
vt 0.1875 0.4426743
vt 0.21875 0.4426743
vt 0.25 0.4426743
vt 0 0.4224471
vt 0.03125 0.4224471
vt 0.0625 0.4224471
vt 0.09375 0.4224471
vt 0.125 0.4224471
vt 0.15625 0.4224471
vt 0.1875 0.4224471
vt 0.21875 0.4224471
vt 0.25 0.4224471
vt 0 0.399633
vt 0.03125 0.399633
vt 0.0625 0.399633
vt 0.09375 0.399633
vt 0.125 0.399633
vt 0.15625 0.399633
vt 0.1875 0.399633
vt 0.21875 0.399633
vt 0.25 0.399633
vt 0 0.374375
vt 0.03125 0.374375
vt 0.0625 0.374375
vt 0.09375 0.374375
vt 0.125 0.374375
vt 0.15625 0.374375
vt 0.1875 0.374375
vt 0.21875 0.374375
vt 0.25 0.374375
vt 0.28125 0.5
vt 0.3125 0.5
vt 0.34375 0.5
vt 0.375 0.5
vt 0.40625 0.5
vt 0.4375 0.5
vt 0.46875 0.5
vt 0.5 0.5
vt 0.28125 0.4948529
vt 0.3125 0.4948529
vt 0.34375 0.4948529
vt 0.375 0.4948529
vt 0.40625 0.4948529
vt 0.4375 0.4948529
vt 0.46875 0.4948529
vt 0.5 0.4948529
vt 0.28125 0.4864038
vt 0.3125 0.4864038
vt 0.34375 0.4864038
vt 0.375 0.4864038
vt 0.40625 0.4864038
vt 0.4375 0.4864038
vt 0.46875 0.4864038
vt 0.5 0.4864038
vt 0.28125 0.4747956
vt 0.3125 0.4747956
vt 0.34375 0.4747956
vt 0.375 0.4747956
vt 0.40625 0.4747956
vt 0.4375 0.4747956
vt 0.46875 0.4747956
vt 0.5 0.4747956
vt 0.28125 0.4601715
vt 0.3125 0.4601715
vt 0.34375 0.4601715
vt 0.375 0.4601715
vt 0.40625 0.4601715
vt 0.4375 0.4601715
vt 0.46875 0.4601715
vt 0.5 0.4601715
vt 0.28125 0.4426743
vt 0.3125 0.4426743
vt 0.34375 0.4426743
vt 0.375 0.4426743
vt 0.40625 0.4426743
vt 0.4375 0.4426743
vt 0.46875 0.4426743
vt 0.5 0.4426743
vt 0.28125 0.4224471
vt 0.3125 0.4224471
vt 0.34375 0.4224471
vt 0.375 0.4224471
vt 0.40625 0.4224471
vt 0.4375 0.4224471
vt 0.46875 0.4224471
vt 0.28125 0.399633
vt 0.3125 0.399633
vt 0.34375 0.399633
vt 0.375 0.399633
vt 0.40625 0.399633
vt 0.4375 0.399633
vt 0.46875 0.399633
vt 0.28125 0.374375
vt 0.3125 0.374375
vt 0.34375 0.374375
vt 0.375 0.374375
vt 0.40625 0.374375
vt 0.4375 0.374375
vt 0.46875 0.374375
vt 0.5 0.374375
vt 0.5 0.3761289
vt 0.4870571 0.3785264
vt 0.4780136 0.3844545
vt 0.473031 0.3922553
vt 0.4717749 0.399633
vt 0.4715279 0.4009641
vt 0.4730642 0.4109081
vt 0.4781768 0.4198643
vt 0.4817246 0.4224471
vt 0.487251 0.4272971
vt 0.5 0.4300782
vt 0.75 0.5
vt 0.71875 0.5
vt 0.6875 0.5
vt 0.65625 0.5
vt 0.625 0.5
vt 0.59375 0.5
vt 0.5625 0.5
vt 0.53125 0.5
vt 0.75 0.4948529
vt 0.71875 0.4948529
vt 0.6875 0.4948529
vt 0.65625 0.4948529
vt 0.625 0.4948529
vt 0.59375 0.4948529
vt 0.5625 0.4948529
vt 0.53125 0.4948529
vt 0.75 0.4864038
vt 0.71875 0.4864038
vt 0.6875 0.4864038
vt 0.65625 0.4864038
vt 0.625 0.4864038
vt 0.59375 0.4864038
vt 0.5625 0.4864038
vt 0.53125 0.4864038
vt 0.75 0.4747956
vt 0.71875 0.4747956
vt 0.6875 0.4747956
vt 0.65625 0.4747956
vt 0.625 0.4747956
vt 0.59375 0.4747956
vt 0.5625 0.4747956
vt 0.53125 0.4747956
vt 0.75 0.4601715
vt 0.71875 0.4601715
vt 0.6875 0.4601715
vt 0.65625 0.4601715
vt 0.625 0.4601715
vt 0.59375 0.4601715
vt 0.5625 0.4601715
vt 0.53125 0.4601715
vt 0.75 0.4426743
vt 0.71875 0.4426743
vt 0.6875 0.4426743
vt 0.65625 0.4426743
vt 0.625 0.4426743
vt 0.59375 0.4426743
vt 0.5625 0.4426743
vt 0.53125 0.4426743
vt 0.75 0.4224471
vt 0.71875 0.4224471
vt 0.6875 0.4224471
vt 0.65625 0.4224471
vt 0.625 0.4224471
vt 0.59375 0.4224471
vt 0.5625 0.4224471
vt 0.53125 0.4224471
vt 0.75 0.399633
vt 0.71875 0.399633
vt 0.6875 0.399633
vt 0.65625 0.399633
vt 0.625 0.399633
vt 0.59375 0.399633
vt 0.5625 0.399633
vt 0.53125 0.399633
vt 0.75 0.374375
vt 0.71875 0.374375
vt 0.6875 0.374375
vt 0.65625 0.374375
vt 0.625 0.374375
vt 0.59375 0.374375
vt 0.5625 0.374375
vt 0.53125 0.374375
vt 0.5129429 0.3785264
vt 0.5219864 0.3844545
vt 0.5269691 0.3922553
vt 0.5282251 0.399633
vt 0.5284721 0.4009641
vt 0.5269358 0.4109081
vt 0.5218232 0.4198643
vt 0.5182754 0.4224471
vt 0.512749 0.4272971
vt 1 0.5
vt 0.96875 0.5
vt 0.9375 0.5
vt 0.90625 0.5
vt 0.875 0.5
vt 0.84375 0.5
vt 0.8125 0.5
vt 0.78125 0.5
vt 1 0.4948529
vt 0.96875 0.4948529
vt 0.9375 0.4948529
vt 0.90625 0.4948529
vt 0.875 0.4948529
vt 0.84375 0.4948529
vt 0.8125 0.4948529
vt 0.78125 0.4948529
vt 1 0.4864038
vt 0.96875 0.4864038
vt 0.9375 0.4864038
vt 0.90625 0.4864038
vt 0.875 0.4864038
vt 0.84375 0.4864038
vt 0.8125 0.4864038
vt 0.78125 0.4864038
vt 1 0.4747956
vt 0.96875 0.4747956
vt 0.9375 0.4747956
vt 0.90625 0.4747956
vt 0.875 0.4747956
vt 0.84375 0.4747956
vt 0.8125 0.4747956
vt 0.78125 0.4747956
vt 1 0.4601715
vt 0.96875 0.4601715
vt 0.9375 0.4601715
vt 0.90625 0.4601715
vt 0.875 0.4601715
vt 0.84375 0.4601715
vt 0.8125 0.4601715
vt 0.78125 0.4601715
vt 1 0.4426743
vt 0.96875 0.4426743
vt 0.9375 0.4426743
vt 0.90625 0.4426743
vt 0.875 0.4426743
vt 0.84375 0.4426743
vt 0.8125 0.4426743
vt 0.78125 0.4426743
vt 1 0.4224471
vt 0.96875 0.4224471
vt 0.9375 0.4224471
vt 0.90625 0.4224471
vt 0.875 0.4224471
vt 0.84375 0.4224471
vt 0.8125 0.4224471
vt 0.78125 0.4224471
vt 1 0.399633
vt 0.96875 0.399633
vt 0.9375 0.399633
vt 0.90625 0.399633
vt 0.875 0.399633
vt 0.84375 0.399633
vt 0.8125 0.399633
vt 0.78125 0.399633
vt 1 0.374375
vt 0.96875 0.374375
vt 0.9375 0.374375
vt 0.90625 0.374375
vt 0.875 0.374375
vt 0.84375 0.374375
vt 0.8125 0.374375
vt 0.78125 0.374375
vt 0 0.3471199
vt 0.03125 0.3471199
vt 0.0625 0.3471199
vt 0.09375 0.3471199
vt 0.125 0.3471199
vt 0.15625 0.3471199
vt 0.1875 0.3471199
vt 0.21875 0.3471199
vt 0.25 0.3471199
vt 0 0.3248222
vt 0.03125 0.3248222
vt 0.0625 0.3248222
vt 0.09375 0.3248222
vt 0.125 0.3248222
vt 0.15625 0.3248222
vt 0.1875 0.3248222
vt 0.21875 0.3248222
vt 0.25 0.3248222
vt 0 0.3069687
vt 0.03125 0.3069687
vt 0.0625 0.3069687
vt 0.09375 0.3069687
vt 0.125 0.3069687
vt 0.15625 0.3069687
vt 0.1875 0.3069687
vt 0.21875 0.3069687
vt 0.25 0.3069687
vt 0 0.2930461
vt 0.03125 0.2930461
vt 0.0625 0.2930461
vt 0.09375 0.2930461
vt 0.125 0.2930461
vt 0.15625 0.2930461
vt 0.1875 0.2930461
vt 0.21875 0.2930461
vt 0.25 0.2930461
vt 0 0.2825412
vt 0.03125 0.2825412
vt 0.0625 0.2825412
vt 0.09375 0.2825412
vt 0.125 0.2825412
vt 0.15625 0.2825412
vt 0.1875 0.2825412
vt 0.21875 0.2825412
vt 0.25 0.2825412
vt 0 0.2749407
vt 0.03125 0.2749407
vt 0.0625 0.2749407
vt 0.09375 0.2749407
vt 0.125 0.2749407
vt 0.15625 0.2749407
vt 0.1875 0.2749407
vt 0.21875 0.2749407
vt 0.25 0.2749407
vt 0 0.2697314
vt 0.03125 0.2697314
vt 0.0625 0.2697314
vt 0.09375 0.2697314
vt 0.125 0.2697314
vt 0.15625 0.2697314
vt 0.1875 0.2697314
vt 0.21875 0.2697314
vt 0.25 0.2697314
vt 0 0.2664
vt 0.03125 0.2664
vt 0.0625 0.2664
vt 0.09375 0.2664
vt 0.125 0.2664
vt 0.15625 0.2664
vt 0.1875 0.2664
vt 0.21875 0.2664
vt 0.25 0.2664
vt 0.28125 0.3471199
vt 0.3125 0.3471199
vt 0.34375 0.3471199
vt 0.375 0.3471199
vt 0.40625 0.3471199
vt 0.4375 0.3471199
vt 0.46875 0.3471199
vt 0.5 0.3471199
vt 0.28125 0.3248222
vt 0.3125 0.3248222
vt 0.34375 0.3248222
vt 0.375 0.3248222
vt 0.40625 0.3248222
vt 0.4375 0.3248222
vt 0.46875 0.3248222
vt 0.5 0.3248222
vt 0.28125 0.3069687
vt 0.3125 0.3069687
vt 0.34375 0.3069687
vt 0.375 0.3069687
vt 0.40625 0.3069687
vt 0.4375 0.3069687
vt 0.46875 0.3069687
vt 0.5 0.3069687
vt 0.28125 0.2930461
vt 0.3125 0.2930461
vt 0.34375 0.2930461
vt 0.375 0.2930461
vt 0.40625 0.2930461
vt 0.4375 0.2930461
vt 0.46875 0.2930461
vt 0.5 0.2930461
vt 0.28125 0.2825412
vt 0.3125 0.2825412
vt 0.34375 0.2825412
vt 0.375 0.2825412
vt 0.40625 0.2825412
vt 0.4375 0.2825412
vt 0.46875 0.2825412
vt 0.5 0.2825412
vt 0.28125 0.2749407
vt 0.3125 0.2749407
vt 0.34375 0.2749407
vt 0.375 0.2749407
vt 0.40625 0.2749407
vt 0.4375 0.2749407
vt 0.46875 0.2749407
vt 0.5 0.2749407
vt 0.28125 0.2697314
vt 0.3125 0.2697314
vt 0.34375 0.2697314
vt 0.375 0.2697314
vt 0.40625 0.2697314
vt 0.4375 0.2697314
vt 0.46875 0.2697314
vt 0.5 0.2697314
vt 0.28125 0.2664
vt 0.3125 0.2664
vt 0.34375 0.2664
vt 0.375 0.2664
vt 0.40625 0.2664
vt 0.4375 0.2664
vt 0.46875 0.2664
vt 0.5 0.2664
vt 0.75 0.3471199
vt 0.71875 0.3471199
vt 0.6875 0.3471199
vt 0.65625 0.3471199
vt 0.625 0.3471199
vt 0.59375 0.3471199
vt 0.5625 0.3471199
vt 0.53125 0.3471199
vt 0.75 0.3248222
vt 0.71875 0.3248222
vt 0.6875 0.3248222
vt 0.65625 0.3248222
vt 0.625 0.3248222
vt 0.59375 0.3248222
vt 0.5625 0.3248222
vt 0.53125 0.3248222
vt 0.75 0.3069687
vt 0.71875 0.3069687
vt 0.6875 0.3069687
vt 0.65625 0.3069687
vt 0.625 0.3069687
vt 0.59375 0.3069687
vt 0.5625 0.3069687
vt 0.53125 0.3069687
vt 0.75 0.2930461
vt 0.71875 0.2930461
vt 0.6875 0.2930461
vt 0.65625 0.2930461
vt 0.625 0.2930461
vt 0.59375 0.2930461
vt 0.5625 0.2930461
vt 0.53125 0.2930461
vt 0.75 0.2825412
vt 0.71875 0.2825412
vt 0.6875 0.2825412
vt 0.65625 0.2825412
vt 0.625 0.2825412
vt 0.59375 0.2825412
vt 0.5625 0.2825412
vt 0.53125 0.2825412
vt 0.75 0.2749407
vt 0.71875 0.2749407
vt 0.6875 0.2749407
vt 0.65625 0.2749407
vt 0.625 0.2749407
vt 0.59375 0.2749407
vt 0.5625 0.2749407
vt 0.53125 0.2749407
vt 0.75 0.2697314
vt 0.71875 0.2697314
vt 0.6875 0.2697314
vt 0.65625 0.2697314
vt 0.625 0.2697314
vt 0.59375 0.2697314
vt 0.5625 0.2697314
vt 0.53125 0.2697314
vt 0.75 0.2664
vt 0.71875 0.2664
vt 0.6875 0.2664
vt 0.65625 0.2664
vt 0.625 0.2664
vt 0.59375 0.2664
vt 0.5625 0.2664
vt 0.53125 0.2664
vt 1 0.3471199
vt 0.96875 0.3471199
vt 0.9375 0.3471199
vt 0.90625 0.3471199
vt 0.875 0.3471199
vt 0.84375 0.3471199
vt 0.8125 0.3471199
vt 0.78125 0.3471199
vt 1 0.3248222
vt 0.96875 0.3248222
vt 0.9375 0.3248222
vt 0.90625 0.3248222
vt 0.875 0.3248222
vt 0.84375 0.3248222
vt 0.8125 0.3248222
vt 0.78125 0.3248222
vt 1 0.3069687
vt 0.96875 0.3069687
vt 0.9375 0.3069687
vt 0.90625 0.3069687
vt 0.875 0.3069687
vt 0.84375 0.3069687
vt 0.8125 0.3069687
vt 0.78125 0.3069687
vt 1 0.2930461
vt 0.96875 0.2930461
vt 0.9375 0.2930461
vt 0.90625 0.2930461
vt 0.875 0.2930461
vt 0.84375 0.2930461
vt 0.8125 0.2930461
vt 0.78125 0.2930461
vt 1 0.2825412
vt 0.96875 0.2825412
vt 0.9375 0.2825412
vt 0.90625 0.2825412
vt 0.875 0.2825412
vt 0.84375 0.2825412
vt 0.8125 0.2825412
vt 0.78125 0.2825412
vt 1 0.2749407
vt 0.96875 0.2749407
vt 0.9375 0.2749407
vt 0.90625 0.2749407
vt 0.875 0.2749407
vt 0.84375 0.2749407
vt 0.8125 0.2749407
vt 0.78125 0.2749407
vt 1 0.2697314
vt 0.96875 0.2697314
vt 0.9375 0.2697314
vt 0.90625 0.2697314
vt 0.875 0.2697314
vt 0.84375 0.2697314
vt 0.8125 0.2697314
vt 0.78125 0.2697314
vt 1 0.2664
vt 0.96875 0.2664
vt 0.9375 0.2664
vt 0.90625 0.2664
vt 0.875 0.2664
vt 0.84375 0.2664
vt 0.8125 0.2664
vt 0.78125 0.2664
vt 0 0.2647598
vt 0.03125 0.2647598
vt 0.0625 0.2647598
vt 0.09375 0.2647598
vt 0.125 0.2647598
vt 0.15625 0.2647598
vt 0.1875 0.2647598
vt 0.21875 0.2647598
vt 0.25 0.2647598
vt 0 0.2629557
vt 0.03125 0.2629557
vt 0.0625 0.2629557
vt 0.09375 0.2629557
vt 0.125 0.2629557
vt 0.15625 0.2629557
vt 0.1875 0.2629557
vt 0.21875 0.2629557
vt 0.25 0.2629557
vt 0 0.2610111
vt 0.03125 0.2610111
vt 0.0625 0.2610111
vt 0.09375 0.2610111
vt 0.125 0.2610111
vt 0.15625 0.2610111
vt 0.1875 0.2610111
vt 0.21875 0.2610111
vt 0.25 0.2610111
vt 0 0.2589495
vt 0.03125 0.2589495
vt 0.0625 0.2589495
vt 0.09375 0.2589495
vt 0.125 0.2589495
vt 0.15625 0.2589495
vt 0.1875 0.2589495
vt 0.21875 0.2589495
vt 0.25 0.2589495
vt 0 0.256794
vt 0.03125 0.256794
vt 0.0625 0.256794
vt 0.09375 0.256794
vt 0.125 0.256794
vt 0.15625 0.256794
vt 0.1875 0.256794
vt 0.21875 0.256794
vt 0.25 0.256794
vt 0 0.2545684
vt 0.03125 0.2545684
vt 0.0625 0.2545684
vt 0.09375 0.2545684
vt 0.125 0.2545684
vt 0.15625 0.2545684
vt 0.1875 0.2545684
vt 0.21875 0.2545684
vt 0.25 0.2545684
vt 0 0.2522959
vt 0.03125 0.2522959
vt 0.0625 0.2522959
vt 0.09375 0.2522959
vt 0.125 0.2522959
vt 0.15625 0.2522959
vt 0.1875 0.2522959
vt 0.21875 0.2522959
vt 0.25 0.2522959
vt 0.28125 0.2647598
vt 0.3125 0.2647598
vt 0.34375 0.2647598
vt 0.375 0.2647598
vt 0.40625 0.2647598
vt 0.4375 0.2647598
vt 0.46875 0.2647598
vt 0.5 0.2647598
vt 0.28125 0.2629557
vt 0.3125 0.2629557
vt 0.34375 0.2629557
vt 0.375 0.2629557
vt 0.40625 0.2629557
vt 0.4375 0.2629557
vt 0.46875 0.2629557
vt 0.5 0.2629557
vt 0.28125 0.2610111
vt 0.3125 0.2610111
vt 0.34375 0.2610111
vt 0.375 0.2610111
vt 0.40625 0.2610111
vt 0.4375 0.2610111
vt 0.46875 0.2610111
vt 0.5 0.2610111
vt 0.28125 0.2589495
vt 0.3125 0.2589495
vt 0.34375 0.2589495
vt 0.375 0.2589495
vt 0.40625 0.2589495
vt 0.4375 0.2589495
vt 0.46875 0.2589495
vt 0.5 0.2589495
vt 0.28125 0.256794
vt 0.3125 0.256794
vt 0.34375 0.256794
vt 0.375 0.256794
vt 0.40625 0.256794
vt 0.4375 0.256794
vt 0.46875 0.256794
vt 0.5 0.256794
vt 0.28125 0.2545684
vt 0.3125 0.2545684
vt 0.34375 0.2545684
vt 0.375 0.2545684
vt 0.40625 0.2545684
vt 0.4375 0.2545684
vt 0.46875 0.2545684
vt 0.5 0.2545684
vt 0.28125 0.2522959
vt 0.3125 0.2522959
vt 0.34375 0.2522959
vt 0.375 0.2522959
vt 0.40625 0.2522959
vt 0.4375 0.2522959
vt 0.46875 0.2522959
vt 0.5 0.2522959
vt 0.75 0.2647598
vt 0.71875 0.2647598
vt 0.6875 0.2647598
vt 0.65625 0.2647598
vt 0.625 0.2647598
vt 0.59375 0.2647598
vt 0.5625 0.2647598
vt 0.53125 0.2647598
vt 0.75 0.2629557
vt 0.71875 0.2629557
vt 0.6875 0.2629557
vt 0.65625 0.2629557
vt 0.625 0.2629557
vt 0.59375 0.2629557
vt 0.5625 0.2629557
vt 0.53125 0.2629557
vt 0.75 0.2610111
vt 0.71875 0.2610111
vt 0.6875 0.2610111
vt 0.65625 0.2610111
vt 0.625 0.2610111
vt 0.59375 0.2610111
vt 0.5625 0.2610111
vt 0.53125 0.2610111
vt 0.75 0.2589495
vt 0.71875 0.2589495
vt 0.6875 0.2589495
vt 0.65625 0.2589495
vt 0.625 0.2589495
vt 0.59375 0.2589495
vt 0.5625 0.2589495
vt 0.53125 0.2589495
vt 0.75 0.256794
vt 0.71875 0.256794
vt 0.6875 0.256794
vt 0.65625 0.256794
vt 0.625 0.256794
vt 0.59375 0.256794
vt 0.5625 0.256794
vt 0.53125 0.256794
vt 0.75 0.2545684
vt 0.71875 0.2545684
vt 0.6875 0.2545684
vt 0.65625 0.2545684
vt 0.625 0.2545684
vt 0.59375 0.2545684
vt 0.5625 0.2545684
vt 0.53125 0.2545684
vt 0.75 0.2522959
vt 0.71875 0.2522959
vt 0.6875 0.2522959
vt 0.65625 0.2522959
vt 0.625 0.2522959
vt 0.59375 0.2522959
vt 0.5625 0.2522959
vt 0.53125 0.2522959
vt 1 0.2647598
vt 0.96875 0.2647598
vt 0.9375 0.2647598
vt 0.90625 0.2647598
vt 0.875 0.2647598
vt 0.84375 0.2647598
vt 0.8125 0.2647598
vt 0.78125 0.2647598
vt 1 0.2629557
vt 0.96875 0.2629557
vt 0.9375 0.2629557
vt 0.90625 0.2629557
vt 0.875 0.2629557
vt 0.84375 0.2629557
vt 0.8125 0.2629557
vt 0.78125 0.2629557
vt 1 0.2610111
vt 0.96875 0.2610111
vt 0.9375 0.2610111
vt 0.90625 0.2610111
vt 0.875 0.2610111
vt 0.84375 0.2610111
vt 0.8125 0.2610111
vt 0.78125 0.2610111
vt 1 0.2589495
vt 0.96875 0.2589495
vt 0.9375 0.2589495
vt 0.90625 0.2589495
vt 0.875 0.2589495
vt 0.84375 0.2589495
vt 0.8125 0.2589495
vt 0.78125 0.2589495
vt 1 0.256794
vt 0.96875 0.256794
vt 0.9375 0.256794
vt 0.90625 0.256794
vt 0.875 0.256794
vt 0.84375 0.256794
vt 0.8125 0.256794
vt 0.78125 0.256794
vt 1 0.2545684
vt 0.96875 0.2545684
vt 0.9375 0.2545684
vt 0.90625 0.2545684
vt 0.875 0.2545684
vt 0.84375 0.2545684
vt 0.8125 0.2545684
vt 0.78125 0.2545684
vt 1 0.2522959
vt 0.96875 0.2522959
vt 0.9375 0.2522959
vt 0.90625 0.2522959
vt 0.875 0.2522959
vt 0.84375 0.2522959
vt 0.8125 0.2522959
vt 0.78125 0.2522959
vt 0.625 0.9921875
vt 0.6478621 0.9899358
vt 0.6698457 0.9832671
vt 0.6901059 0.9724379
vt 0.707864 0.957864
vt 0.7224379 0.9401059
vt 0.7332671 0.9198457
vt 0.7399358 0.8978621
vt 0.7421875 0.875
vt 0.625 0.9896868
vt 0.6473743 0.9874831
vt 0.6688887 0.9809568
vt 0.6887166 0.9703586
vt 0.7060958 0.9560958
vt 0.7203586 0.9387166
vt 0.7309568 0.9188887
vt 0.7374831 0.8973743
vt 0.7396868 0.875
vt 0.625 0.9876271
vt 0.6469725 0.985463
vt 0.6681005 0.9790539
vt 0.6875723 0.968646
vt 0.7046394 0.9546394
vt 0.718646 0.9375723
vt 0.7290539 0.9181005
vt 0.735463 0.8969725
vt 0.7376271 0.875
vt 0.625 0.9858978
vt 0.6466351 0.983767
vt 0.6674387 0.9774563
vt 0.6866115 0.9672081
vt 0.7034166 0.9534166
vt 0.7172082 0.9366115
vt 0.7274563 0.9174387
vt 0.733767 0.8966351
vt 0.7358978 0.875
vt 0.625 0.9843884
vt 0.6463406 0.9822865
vt 0.6668611 0.9760616
vt 0.6857729 0.9659531
vt 0.7023492 0.9523492
vt 0.7159531 0.9357729
vt 0.7260616 0.9168611
vt 0.7322865 0.8963406
vt 0.7343884 0.875
vt 0.625 0.982988
vt 0.6460674 0.980913
vt 0.6663252 0.9747679
vt 0.6849949 0.9647887
vt 0.701359 0.951359
vt 0.7147887 0.9349949
vt 0.7247679 0.9163252
vt 0.730913 0.8960674
vt 0.732988 0.875
vt 0.625 0.9815862
vt 0.6457939 0.9795382
vt 0.6657888 0.9734728
vt 0.6842161 0.9636232
vt 0.7003679 0.9503679
vt 0.7136232 0.9342161
vt 0.7234728 0.9157888
vt 0.7295382 0.8957939
vt 0.7315862 0.875
vt 0.625 0.9800724
vt 0.6454986 0.9780535
vt 0.6652095 0.9720743
vt 0.6833751 0.9623645
vt 0.6992974 0.9492974
vt 0.7123645 0.9333751
vt 0.7220743 0.9152095
vt 0.7280535 0.8954986
vt 0.7300724 0.875
vt 0.625 0.9783359
vt 0.6451598 0.9763504
vt 0.6645449 0.97047
vt 0.6824104 0.9609207
vt 0.6980696 0.9480696
vt 0.7109207 0.9324104
vt 0.72047 0.9145449
vt 0.7263504 0.8951598
vt 0.7283359 0.875
vt 0.7399358 0.8521378
vt 0.7332671 0.8301543
vt 0.7224379 0.8098941
vt 0.707864 0.7921359
vt 0.6901059 0.7775621
vt 0.6698457 0.7667328
vt 0.6478621 0.7600642
vt 0.625 0.7578125
vt 0.7374831 0.8526257
vt 0.7309568 0.8311113
vt 0.7203586 0.8112834
vt 0.7060958 0.7939042
vt 0.6887165 0.7796414
vt 0.6688887 0.7690432
vt 0.6473743 0.7625169
vt 0.625 0.7603132
vt 0.735463 0.8530275
vt 0.7290539 0.8318995
vt 0.718646 0.8124277
vt 0.7046394 0.7953606
vt 0.6875722 0.781354
vt 0.6681005 0.7709461
vt 0.6469725 0.764537
vt 0.625 0.7623729
vt 0.733767 0.8533649
vt 0.7274563 0.8325613
vt 0.7172081 0.8133885
vt 0.7034166 0.7965834
vt 0.6866115 0.7827918
vt 0.6674387 0.7725437
vt 0.6466351 0.766233
vt 0.625 0.7641022
vt 0.7322865 0.8536594
vt 0.7260616 0.8331389
vt 0.7159531 0.8142271
vt 0.7023492 0.7976508
vt 0.6857729 0.7840469
vt 0.6668611 0.7739384
vt 0.6463406 0.7677135
vt 0.625 0.7656116
vt 0.730913 0.8539326
vt 0.7247679 0.8336748
vt 0.7147887 0.8150051
vt 0.701359 0.798641
vt 0.6849949 0.7852112
vt 0.6663252 0.7752321
vt 0.6460674 0.769087
vt 0.625 0.767012
vt 0.7295382 0.854206
vt 0.7234728 0.8342112
vt 0.7136232 0.8157839
vt 0.7003678 0.7996321
vt 0.6842161 0.7863768
vt 0.6657888 0.7765272
vt 0.645794 0.7704618
vt 0.625 0.7684138
vt 0.7280535 0.8545014
vt 0.7220743 0.8347905
vt 0.7123645 0.8166249
vt 0.6992974 0.8007026
vt 0.6833751 0.7876354
vt 0.6652094 0.7779257
vt 0.6454986 0.7719465
vt 0.625 0.7699276
vt 0.7263504 0.8548402
vt 0.72047 0.8354551
vt 0.7109207 0.8175896
vt 0.6980695 0.8019304
vt 0.6824104 0.7890793
vt 0.6645449 0.77953
vt 0.6451598 0.7736496
vt 0.625 0.771664
vt 0.5078125 0.875
vt 0.5100642 0.8521378
vt 0.5167329 0.8301543
vt 0.5275621 0.8098941
vt 0.542136 0.7921359
vt 0.5598941 0.7775621
vt 0.5801543 0.7667328
vt 0.6021379 0.7600642
vt 0.5103132 0.875
vt 0.5125169 0.8526257
vt 0.5190432 0.8311113
vt 0.5296414 0.8112834
vt 0.5439042 0.7939042
vt 0.5612835 0.7796414
vt 0.5811113 0.7690432
vt 0.6026257 0.7625169
vt 0.5123729 0.875
vt 0.514537 0.8530275
vt 0.5209461 0.8318995
vt 0.531354 0.8124277
vt 0.5453606 0.7953606
vt 0.5624278 0.781354
vt 0.5818995 0.7709461
vt 0.6030275 0.764537
vt 0.5141022 0.875
vt 0.516233 0.8533649
vt 0.5225437 0.8325613
vt 0.5327919 0.8133885
vt 0.5465834 0.7965834
vt 0.5633885 0.7827918
vt 0.5825613 0.7725437
vt 0.6033649 0.766233
vt 0.5156116 0.875
vt 0.5177135 0.8536594
vt 0.5239384 0.8331389
vt 0.5340469 0.8142271
vt 0.5476508 0.7976508
vt 0.5642271 0.7840469
vt 0.5831389 0.7739384
vt 0.6036594 0.7677135
vt 0.517012 0.875
vt 0.519087 0.8539326
vt 0.5252321 0.8336748
vt 0.5352113 0.8150051
vt 0.548641 0.798641
vt 0.5650051 0.7852112
vt 0.5836748 0.7752321
vt 0.6039326 0.769087
vt 0.5184138 0.875
vt 0.5204618 0.854206
vt 0.5265272 0.8342112
vt 0.5363768 0.8157839
vt 0.5496322 0.7996321
vt 0.5657839 0.7863768
vt 0.5842112 0.7765272
vt 0.604206 0.7704618
vt 0.5199276 0.875
vt 0.5219465 0.8545014
vt 0.5279257 0.8347905
vt 0.5376355 0.8166249
vt 0.5507026 0.8007026
vt 0.5666249 0.7876354
vt 0.5847906 0.7779257
vt 0.6045014 0.7719465
vt 0.5216641 0.875
vt 0.5236496 0.8548402
vt 0.52953 0.8354551
vt 0.5390793 0.8175896
vt 0.5519305 0.8019304
vt 0.5675896 0.7890793
vt 0.5854551 0.77953
vt 0.6048402 0.7736496
vt 0.6021379 0.9899358
vt 0.5801543 0.9832671
vt 0.5598941 0.9724379
vt 0.542136 0.957864
vt 0.5275621 0.9401059
vt 0.5167329 0.9198457
vt 0.5100642 0.8978621
vt 0.6026257 0.9874831
vt 0.5811113 0.9809568
vt 0.5612834 0.9703586
vt 0.5439042 0.9560958
vt 0.5296414 0.9387166
vt 0.5190432 0.9188887
vt 0.5125169 0.8973743
vt 0.6030275 0.985463
vt 0.5818995 0.9790539
vt 0.5624277 0.968646
vt 0.5453606 0.9546394
vt 0.531354 0.9375723
vt 0.5209461 0.9181005
vt 0.514537 0.8969725
vt 0.6033649 0.983767
vt 0.5825613 0.9774563
vt 0.5633885 0.9672081
vt 0.5465834 0.9534166
vt 0.5327918 0.9366115
vt 0.5225437 0.9174387
vt 0.516233 0.8966351
vt 0.6036594 0.9822865
vt 0.5831389 0.9760616
vt 0.5642271 0.9659531
vt 0.5476508 0.9523492
vt 0.5340469 0.9357729
vt 0.5239384 0.9168611
vt 0.5177135 0.8963406
vt 0.6039326 0.980913
vt 0.5836748 0.9747679
vt 0.5650051 0.9647887
vt 0.548641 0.951359
vt 0.5352113 0.9349949
vt 0.5252321 0.9163252
vt 0.519087 0.8960674
vt 0.6042061 0.9795382
vt 0.5842112 0.9734728
vt 0.5657839 0.9636232
vt 0.5496321 0.9503679
vt 0.5363768 0.9342161
vt 0.5265272 0.9157888
vt 0.5204618 0.8957939
vt 0.6045014 0.9780535
vt 0.5847905 0.9720743
vt 0.5666249 0.9623645
vt 0.5507026 0.9492974
vt 0.5376355 0.9333751
vt 0.5279257 0.9152095
vt 0.5219465 0.8954986
vt 0.6048402 0.9763504
vt 0.5854551 0.97047
vt 0.5675896 0.9609207
vt 0.5519304 0.9480696
vt 0.5390793 0.9324104
vt 0.52953 0.9145449
vt 0.5236496 0.8951598
vt 0.625 0.9766057
vt 0.6448223 0.9746534
vt 0.6638829 0.9688714
vt 0.6814491 0.9594821
vt 0.6968461 0.9468461
vt 0.7094821 0.9314491
vt 0.7188714 0.9138828
vt 0.7246534 0.8948223
vt 0.7266057 0.875
vt 0.625 0.9747861
vt 0.6444673 0.9728687
vt 0.6631865 0.9671903
vt 0.6804382 0.9579691
vt 0.6955594 0.9455594
vt 0.7079691 0.9304382
vt 0.7171903 0.9131865
vt 0.7228687 0.8944673
vt 0.7247861 0.875
vt 0.625 0.9728802
vt 0.6440955 0.9709995
vt 0.6624572 0.9654295
vt 0.6793793 0.9563844
vt 0.6942118 0.9442118
vt 0.7063844 0.9293793
vt 0.7154295 0.9124571
vt 0.7209995 0.8940955
vt 0.7228802 0.875
vt 0.625 0.9708911
vt 0.6437075 0.9690486
vt 0.661696 0.9635918
vt 0.6782743 0.9547305
vt 0.6928052 0.9428052
vt 0.7047306 0.9282742
vt 0.7135918 0.911696
vt 0.7190486 0.8937074
vt 0.7208911 0.875
vt 0.625 0.9688219
vt 0.6433038 0.9670191
vt 0.660904 0.9616801
vt 0.6771246 0.95301
vt 0.6913421 0.9413421
vt 0.70301 0.9271246
vt 0.7116801 0.910904
vt 0.7170191 0.8933038
vt 0.7188219 0.875
vt 0.625 0.9666756
vt 0.642885 0.964914
vt 0.6600827 0.9596972
vt 0.6759322 0.9512254
vt 0.6898244 0.9398244
vt 0.7012255 0.9259322
vt 0.7096972 0.9100827
vt 0.714914 0.892885
vt 0.7166756 0.875
vt 0.625 0.9644552
vt 0.6424519 0.9627364
vt 0.659233 0.9576459
vt 0.6746987 0.9493793
vt 0.6882544 0.9382544
vt 0.6993793 0.9246987
vt 0.7076459 0.909233
vt 0.7127364 0.8924519
vt 0.7144552 0.875
vt 0.625 0.962164
vt 0.6420048 0.9604892
vt 0.6583562 0.9555291
vt 0.6734258 0.9474742
vt 0.6866343 0.9366343
vt 0.6974743 0.9234257
vt 0.7055291 0.9083562
vt 0.7104892 0.8920048
vt 0.712164 0.875
vt 0.7246534 0.8551777
vt 0.7188714 0.8361171
vt 0.7094821 0.8185509
vt 0.6968461 0.8031539
vt 0.6814491 0.7905179
vt 0.6638828 0.7811285
vt 0.6448223 0.7753466
vt 0.625 0.7733943
vt 0.7228687 0.8555326
vt 0.7171903 0.8368135
vt 0.7079691 0.8195618
vt 0.6955594 0.8044406
vt 0.6804382 0.7920309
vt 0.6631864 0.7828096
vt 0.6444673 0.7771313
vt 0.625 0.7752139
vt 0.7209995 0.8559045
vt 0.7154295 0.8375429
vt 0.7063844 0.8206207
vt 0.6942117 0.8057882
vt 0.6793793 0.7936156
vt 0.6624571 0.7845705
vt 0.6440955 0.7790005
vt 0.625 0.7771198
vt 0.7190486 0.8562925
vt 0.7135918 0.838304
vt 0.7047305 0.8217257
vt 0.6928052 0.8071947
vt 0.6782742 0.7952694
vt 0.6616959 0.7864082
vt 0.6437075 0.7809514
vt 0.625 0.7791089
vt 0.7170191 0.8566962
vt 0.7116801 0.839096
vt 0.70301 0.8228754
vt 0.6913421 0.8086579
vt 0.6771246 0.79699
vt 0.660904 0.7883199
vt 0.6433038 0.7829809
vt 0.625 0.7811781
vt 0.714914 0.857115
vt 0.7096972 0.8399173
vt 0.7012254 0.8240678
vt 0.6898244 0.8101756
vt 0.6759322 0.7987745
vt 0.6600827 0.7903028
vt 0.642885 0.785086
vt 0.625 0.7833245
vt 0.7127364 0.8575481
vt 0.7076459 0.840767
vt 0.6993793 0.8253013
vt 0.6882544 0.8117455
vt 0.6746987 0.8006207
vt 0.659233 0.7923541
vt 0.6424519 0.7872636
vt 0.625 0.7855448
vt 0.7104892 0.8579952
vt 0.7055291 0.8416438
vt 0.6974742 0.8265742
vt 0.6866343 0.8133657
vt 0.6734257 0.8025258
vt 0.6583562 0.7944709
vt 0.6420048 0.7895108
vt 0.625 0.787836
vt 0.5233943 0.875
vt 0.5253466 0.8551777
vt 0.5311286 0.8361171
vt 0.5405179 0.8185509
vt 0.5531539 0.8031539
vt 0.5685509 0.7905179
vt 0.5861172 0.7811285
vt 0.6051777 0.7753466
vt 0.5252139 0.875
vt 0.5271313 0.8555326
vt 0.5328097 0.8368135
vt 0.5420309 0.8195618
vt 0.5544406 0.8044406
vt 0.5695618 0.7920309
vt 0.5868136 0.7828096
vt 0.6055327 0.7771313
vt 0.5271198 0.875
vt 0.5290005 0.8559045
vt 0.5345705 0.8375429
vt 0.5436156 0.8206207
vt 0.5557883 0.8057882
vt 0.5706207 0.7936156
vt 0.5875429 0.7845705
vt 0.6059045 0.7790005
vt 0.5291089 0.875
vt 0.5309514 0.8562925
vt 0.5364082 0.838304
vt 0.5452695 0.8217257
vt 0.5571948 0.8071947
vt 0.5717258 0.7952694
vt 0.5883041 0.7864082
vt 0.6062925 0.7809514
vt 0.5311781 0.875
vt 0.5329809 0.8566962
vt 0.5383199 0.839096
vt 0.54699 0.8228754
vt 0.5586579 0.8086579
vt 0.5728754 0.79699
vt 0.589096 0.7883199
vt 0.6066962 0.7829809
vt 0.5333244 0.875
vt 0.535086 0.857115
vt 0.5403028 0.8399173
vt 0.5487746 0.8240678
vt 0.5601756 0.8101756
vt 0.5740678 0.7987745
vt 0.5899173 0.7903028
vt 0.607115 0.785086
vt 0.5355448 0.875
vt 0.5372636 0.8575481
vt 0.5423541 0.840767
vt 0.5506207 0.8253013
vt 0.5617456 0.8117455
vt 0.5753013 0.8006207
vt 0.590767 0.7923541
vt 0.6075481 0.7872636
vt 0.537836 0.875
vt 0.5395108 0.8579952
vt 0.5444709 0.8416438
vt 0.5525258 0.8265742
vt 0.5633657 0.8133657
vt 0.5765743 0.8025258
vt 0.5916438 0.7944709
vt 0.6079952 0.7895108
vt 0.6051777 0.9746534
vt 0.5861171 0.9688714
vt 0.5685509 0.9594821
vt 0.5531539 0.9468461
vt 0.5405179 0.9314491
vt 0.5311286 0.9138828
vt 0.5253466 0.8948223
vt 0.6055327 0.9728687
vt 0.5868135 0.9671903
vt 0.5695618 0.9579691
vt 0.5544406 0.9455594
vt 0.5420309 0.9304382
vt 0.5328097 0.9131865
vt 0.5271313 0.8944673
vt 0.6059045 0.9709995
vt 0.5875428 0.9654295
vt 0.5706207 0.9563844
vt 0.5557882 0.9442118
vt 0.5436156 0.9293793
vt 0.5345705 0.9124571
vt 0.5290005 0.8940955
vt 0.6062925 0.9690486
vt 0.588304 0.9635918
vt 0.5717257 0.9547305
vt 0.5571948 0.9428052
vt 0.5452694 0.9282742
vt 0.5364082 0.911696
vt 0.5309514 0.8937074
vt 0.6066962 0.9670191
vt 0.589096 0.9616801
vt 0.5728754 0.95301
vt 0.5586579 0.9413421
vt 0.54699 0.9271246
vt 0.5383199 0.910904
vt 0.5329809 0.8933038
vt 0.607115 0.964914
vt 0.5899173 0.9596972
vt 0.5740678 0.9512254
vt 0.5601756 0.9398244
vt 0.5487745 0.9259322
vt 0.5403028 0.9100827
vt 0.535086 0.892885
vt 0.6075481 0.9627364
vt 0.590767 0.9576459
vt 0.5753013 0.9493793
vt 0.5617456 0.9382544
vt 0.5506207 0.9246987
vt 0.5423541 0.909233
vt 0.5372636 0.8924519
vt 0.6079952 0.9604892
vt 0.5916438 0.9555291
vt 0.5765742 0.9474742
vt 0.5633657 0.9366343
vt 0.5525257 0.9234257
vt 0.5444709 0.9083562
vt 0.5395108 0.8920048
vt 0.625 0.9575753
vt 0.6411096 0.9559887
vt 0.6566002 0.9512897
vt 0.6708764 0.9436589
vt 0.6833896 0.9333896
vt 0.6936589 0.9208764
vt 0.7012897 0.9066002
vt 0.7059887 0.8911096
vt 0.7075753 0.875
vt 0.625 0.9498438
vt 0.6396013 0.9484057
vt 0.6536415 0.9441466
vt 0.666581 0.9372303
vt 0.6779225 0.9279225
vt 0.6872303 0.916581
vt 0.6941466 0.9036415
vt 0.6984057 0.8896013
vt 0.6998438 0.875
vt 0.625 0.9396398
vt 0.6376106 0.9383978
vt 0.6497366 0.9347194
vt 0.660912 0.928746
vt 0.6707072 0.9207072
vt 0.678746 0.9109119
vt 0.6847194 0.8997366
vt 0.6883978 0.8876106
vt 0.6896398 0.875
vt 0.625 0.9276339
vt 0.6352684 0.9266225
vt 0.6451421 0.9236274
vt 0.6542418 0.9187635
vt 0.6622178 0.9122178
vt 0.6687635 0.9042418
vt 0.6736274 0.8951421
vt 0.6766226 0.8852683
vt 0.6776339 0.875
vt 0.625 0.9144965
vt 0.6327054 0.9137376
vt 0.6401147 0.91149
vt 0.6469431 0.9078401
vt 0.6529282 0.9029282
vt 0.6578401 0.8969431
vt 0.66149 0.8901147
vt 0.6637376 0.8827054
vt 0.6644965 0.875
vt 0.625 0.9008981
vt 0.6300524 0.9004005
vt 0.6349108 0.8989267
vt 0.6393882 0.8965335
vt 0.6433127 0.8933127
vt 0.6465335 0.8893882
vt 0.6489267 0.8849108
vt 0.6504005 0.8800524
vt 0.6508981 0.875
vt 0.625 0.8875091
vt 0.6274404 0.8872687
vt 0.629787 0.8865569
vt 0.6319497 0.885401
vt 0.6338453 0.8838453
vt 0.635401 0.8819497
vt 0.6365569 0.879787
vt 0.6372687 0.8774404
vt 0.6375091 0.875
vt 0.625 0.875
vt 0.625 0.875
vt 0.625 0.875
vt 0.625 0.875
vt 0.625 0.875
vt 0.625 0.875
vt 0.625 0.875
vt 0.625 0.875
vt 0.625 0.875
vt 0.7059887 0.8588904
vt 0.7012897 0.8433998
vt 0.6936589 0.8291236
vt 0.6833896 0.8166104
vt 0.6708764 0.8063411
vt 0.6566002 0.7987103
vt 0.6411096 0.7940114
vt 0.625 0.7924247
vt 0.6984057 0.8603987
vt 0.6941466 0.8463585
vt 0.6872303 0.833419
vt 0.6779225 0.8220775
vt 0.666581 0.8127697
vt 0.6536415 0.8058534
vt 0.6396013 0.8015943
vt 0.625 0.8001562
vt 0.6883978 0.8623894
vt 0.6847194 0.8502634
vt 0.678746 0.839088
vt 0.6707072 0.8292928
vt 0.6609119 0.821254
vt 0.6497366 0.8152806
vt 0.6376106 0.8116022
vt 0.625 0.8103602
vt 0.6766226 0.8647316
vt 0.6736274 0.8548579
vt 0.6687635 0.8457582
vt 0.6622178 0.8377822
vt 0.6542418 0.8312365
vt 0.6451421 0.8263726
vt 0.6352684 0.8233775
vt 0.625 0.8223661
vt 0.6637376 0.8672946
vt 0.66149 0.8598853
vt 0.6578401 0.8530569
vt 0.6529282 0.8470718
vt 0.6469431 0.8421599
vt 0.6401147 0.83851
vt 0.6327054 0.8362624
vt 0.625 0.8355035
vt 0.6504005 0.8699476
vt 0.6489267 0.8650892
vt 0.6465335 0.8606118
vt 0.6433127 0.8566873
vt 0.6393882 0.8534665
vt 0.6349108 0.8510733
vt 0.6300524 0.8495995
vt 0.625 0.8491019
vt 0.6372687 0.8725596
vt 0.6365569 0.870213
vt 0.635401 0.8680503
vt 0.6338453 0.8661547
vt 0.6319497 0.864599
vt 0.629787 0.8634431
vt 0.6274404 0.8627313
vt 0.625 0.8624909
vt 0.625 0.875
vt 0.625 0.875
vt 0.625 0.875
vt 0.625 0.875
vt 0.625 0.875
vt 0.625 0.875
vt 0.625 0.875
vt 0.625 0.875
vt 0.5424247 0.875
vt 0.5440113 0.8588904
vt 0.5487103 0.8433998
vt 0.5563411 0.8291236
vt 0.5666104 0.8166104
vt 0.5791236 0.8063411
vt 0.5933998 0.7987103
vt 0.6088904 0.7940114
vt 0.5501562 0.875
vt 0.5515943 0.8603987
vt 0.5558534 0.8463585
vt 0.5627697 0.833419
vt 0.5720775 0.8220775
vt 0.583419 0.8127697
vt 0.5963585 0.8058534
vt 0.6103987 0.8015943
vt 0.5603602 0.875
vt 0.5616022 0.8623894
vt 0.5652806 0.8502634
vt 0.571254 0.839088
vt 0.5792928 0.8292928
vt 0.5890881 0.821254
vt 0.6002634 0.8152806
vt 0.6123894 0.8116022
vt 0.5723661 0.875
vt 0.5733774 0.8647316
vt 0.5763726 0.8548579
vt 0.5812365 0.8457582
vt 0.5877822 0.8377822
vt 0.5957582 0.8312365
vt 0.6048579 0.8263726
vt 0.6147316 0.8233775
vt 0.5855035 0.875
vt 0.5862624 0.8672946
vt 0.58851 0.8598853
vt 0.5921599 0.8530569
vt 0.5970718 0.8470718
vt 0.6030569 0.8421599
vt 0.6098853 0.83851
vt 0.6172946 0.8362624
vt 0.5991019 0.875
vt 0.5995995 0.8699476
vt 0.6010733 0.8650892
vt 0.6034665 0.8606118
vt 0.6066873 0.8566873
vt 0.6106118 0.8534665
vt 0.6150892 0.8510733
vt 0.6199476 0.8495995
vt 0.6124909 0.875
vt 0.6127313 0.8725596
vt 0.6134431 0.870213
vt 0.614599 0.8680503
vt 0.6161547 0.8661547
vt 0.6180503 0.864599
vt 0.620213 0.8634431
vt 0.6225596 0.8627313
vt 0.625 0.875
vt 0.625 0.875
vt 0.625 0.875
vt 0.625 0.875
vt 0.625 0.875
vt 0.625 0.875
vt 0.625 0.875
vt 0.625 0.875
vt 0.6088904 0.9559887
vt 0.5933998 0.9512897
vt 0.5791236 0.9436589
vt 0.5666104 0.9333896
vt 0.5563411 0.9208764
vt 0.5487103 0.9066002
vt 0.5440113 0.8911096
vt 0.6103987 0.9484057
vt 0.5963585 0.9441466
vt 0.583419 0.9372303
vt 0.5720775 0.9279225
vt 0.5627697 0.916581
vt 0.5558534 0.9036415
vt 0.5515943 0.8896013
vt 0.6123894 0.9383978
vt 0.6002634 0.9347194
vt 0.589088 0.928746
vt 0.5792928 0.9207072
vt 0.571254 0.9109119
vt 0.5652806 0.8997366
vt 0.5616022 0.8876106
vt 0.6147316 0.9266225
vt 0.6048579 0.9236274
vt 0.5957582 0.9187635
vt 0.5877822 0.9122178
vt 0.5812365 0.9042418
vt 0.5763726 0.8951421
vt 0.5733774 0.8852683
vt 0.6172946 0.9137376
vt 0.6098853 0.91149
vt 0.6030569 0.9078401
vt 0.5970718 0.9029282
vt 0.5921599 0.8969431
vt 0.58851 0.8901147
vt 0.5862624 0.8827054
vt 0.6199476 0.9004005
vt 0.6150892 0.8989267
vt 0.6106118 0.8965335
vt 0.6066873 0.8933127
vt 0.6034665 0.8893882
vt 0.6010733 0.8849108
vt 0.5995995 0.8800524
vt 0.6225596 0.8872687
vt 0.620213 0.8865569
vt 0.6180503 0.885401
vt 0.6161547 0.8838453
vt 0.614599 0.8819497
vt 0.6134431 0.879787
vt 0.6127313 0.8774404
vt 0.625 0.875
vt 0.625 0.875
vt 0.625 0.875
vt 0.625 0.875
vt 0.625 0.875
vt 0.625 0.875
vt 0.625 0.875

f 2/2/2 11/11/11 10/10/10 1/1/1
f 3/3/3 12/12/12 11/11/11 2/2/2
f 4/4/4 13/13/13 12/12/12 3/3/3
f 5/5/5 14/14/14 13/13/13 4/4/4
f 6/6/6 15/15/15 14/14/14 5/5/5
f 7/7/7 16/16/16 15/15/15 6/6/6
f 8/8/8 17/17/17 16/16/16 7/7/7
f 9/9/9 18/18/18 17/17/17 8/8/8
f 11/11/11 20/20/20 19/19/19 10/10/10
f 12/12/12 21/21/21 20/20/20 11/11/11
f 13/13/13 22/22/22 21/21/21 12/12/12
f 14/14/14 23/23/23 22/22/22 13/13/13
f 15/15/15 24/24/24 23/23/23 14/14/14
f 16/16/16 25/25/25 24/24/24 15/15/15
f 17/17/17 26/26/26 25/25/25 16/16/16
f 18/18/18 27/27/27 26/26/26 17/17/17
f 20/20/20 29/29/29 28/28/28 19/19/19
f 21/21/21 30/30/30 29/29/29 20/20/20
f 22/22/22 31/31/31 30/30/30 21/21/21
f 23/23/23 32/32/32 31/31/31 22/22/22
f 24/24/24 33/33/33 32/32/32 23/23/23
f 25/25/25 34/34/34 33/33/33 24/24/24
f 26/26/26 35/35/35 34/34/34 25/25/25
f 27/27/27 36/36/36 35/35/35 26/26/26
f 29/29/29 38/38/38 37/37/37 28/28/28
f 30/30/30 39/39/39 38/38/38 29/29/29
f 31/31/31 40/40/40 39/39/39 30/30/30
f 32/32/32 41/41/41 40/40/40 31/31/31
f 33/33/33 42/42/42 41/41/41 32/32/32
f 34/34/34 43/43/43 42/42/42 33/33/33
f 35/35/35 44/44/44 43/43/43 34/34/34
f 36/36/36 45/45/45 44/44/44 35/35/35
f 38/38/38 47/47/47 46/46/46 37/37/37
f 39/39/39 48/48/48 47/47/47 38/38/38
f 40/40/40 49/49/49 48/48/48 39/39/39
f 41/41/41 50/50/50 49/49/49 40/40/40
f 42/42/42 51/51/51 50/50/50 41/41/41
f 43/43/43 52/52/52 51/51/51 42/42/42
f 44/44/44 53/53/53 52/52/52 43/43/43
f 45/45/45 54/54/54 53/53/53 44/44/44
f 47/47/47 56/56/56 55/55/55 46/46/46
f 48/48/48 57/57/57 56/56/56 47/47/47
f 49/49/49 58/58/58 57/57/57 48/48/48
f 50/50/50 59/59/59 58/58/58 49/49/49
f 51/51/51 60/60/60 59/59/59 50/50/50
f 52/52/52 61/61/61 60/60/60 51/51/51
f 53/53/53 62/62/62 61/61/61 52/52/52
f 54/54/54 63/63/63 62/62/62 53/53/53
f 56/56/56 65/65/65 64/64/64 55/55/55
f 57/57/57 66/66/66 65/65/65 56/56/56
f 58/58/58 67/67/67 66/66/66 57/57/57
f 59/59/59 68/68/68 67/67/67 58/58/58
f 60/60/60 69/69/69 68/68/68 59/59/59
f 61/61/61 70/70/70 69/69/69 60/60/60
f 62/62/62 71/71/71 70/70/70 61/61/61
f 63/63/63 72/72/72 71/71/71 62/62/62
f 73/73/73 74/74/74 2/2/2
f 73/73/73 2/2/2 1/1/1
f 75/75/75 2/2/2 74/74/74
f 75/75/75 3/3/3 2/2/2
f 76/76/76 3/3/3 75/75/75
f 76/76/76 4/4/4 3/3/3
f 77/77/77 4/4/4 76/76/76
f 78/78/78 4/4/4 77/77/77
f 78/78/78 5/5/5 4/4/4
f 79/79/79 5/5/5 78/78/78
f 79/79/79 6/6/6 5/5/5
f 80/80/80 6/6/6 79/79/79
f 80/80/80 7/7/7 6/6/6
f 81/81/81 7/7/7 80/80/80
f 82/82/82 7/7/7 81/81/81
f 82/82/82 8/8/8 7/7/7
f 83/83/83 8/8/8 82/82/82
f 83/83/83 9/9/9 8/8/8
f 73/73/73 84/84/84 87/87/87 74/74/74
f 84/84/84 85/85/85 88/88/88 87/87/87
f 85/85/85 86/86/86 89/89/89 88/88/88
f 74/74/74 87/87/87 90/90/90 75/75/75
f 87/87/87 88/88/88 91/91/91 90/90/90
f 88/88/88 89/89/89 92/92/92 91/91/91
f 75/75/75 90/90/90 93/93/93 76/76/76
f 90/90/90 91/91/91 94/94/94 93/93/93
f 91/91/91 92/92/92 95/95/95 94/94/94
f 76/76/76 93/93/93 96/96/96 77/77/77
f 93/93/93 94/94/94 97/97/97 96/96/96
f 94/94/94 95/95/95 98/98/98 97/97/97
f 77/77/77 96/96/96 99/99/99 78/78/78
f 96/96/96 97/97/97 100/100/100 99/99/99
f 97/97/97 98/98/98 101/101/101 100/100/100
f 78/78/78 99/99/99 102/102/102 79/79/79
f 99/99/99 100/100/100 103/103/103 102/102/102
f 100/100/100 101/101/101 104/104/104 103/103/103
f 79/79/79 102/102/102 105/105/105 80/80/80
f 102/102/102 103/103/103 106/106/106 105/105/105
f 103/103/103 104/104/104 107/107/107 106/106/106
f 80/80/80 105/105/105 108/108/108 81/81/81
f 105/105/105 106/106/106 109/109/109 108/108/108
f 106/106/106 107/107/107 110/110/110 109/109/109
f 81/81/81 108/108/108 111/111/111 82/82/82
f 108/108/108 109/109/109 112/112/112 111/111/111
f 109/109/109 110/110/110 113/113/113 112/112/112
f 82/82/82 111/111/111 114/114/114 83/83/83
f 111/111/111 112/112/112 115/115/115 114/114/114
f 112/112/112 113/113/113 116/116/116 115/115/115
f 10/10/10 124/125/124 117/117/117 1/1/1
f 124/125/124 125/126/125 118/118/118 117/117/117
f 125/126/125 126/127/126 119/119/119 118/118/118
f 126/127/126 127/128/127 120/120/120 119/119/119
f 127/128/127 128/129/128 121/121/121 120/120/120
f 128/129/128 129/130/129 122/122/122 121/121/121
f 129/130/129 130/131/130 123/123/123 122/122/122
f 130/131/130 18/132/18 9/124/9 123/123/123
f 19/19/19 131/133/131 124/125/124 10/10/10
f 131/133/131 132/134/132 125/126/125 124/125/124
f 132/134/132 133/135/133 126/127/126 125/126/125
f 133/135/133 134/136/134 127/128/127 126/127/126
f 134/136/134 135/137/135 128/129/128 127/128/127
f 135/137/135 136/138/136 129/130/129 128/129/128
f 136/138/136 137/139/137 130/131/130 129/130/129
f 137/139/137 27/140/27 18/132/18 130/131/130
f 28/28/28 138/141/138 131/133/131 19/19/19
f 138/141/138 139/142/139 132/134/132 131/133/131
f 139/142/139 140/143/140 133/135/133 132/134/132
f 140/143/140 141/144/141 134/136/134 133/135/133
f 141/144/141 142/145/142 135/137/135 134/136/134
f 142/145/142 143/146/143 136/138/136 135/137/135
f 143/146/143 144/147/144 137/139/137 136/138/136
f 144/147/144 36/148/36 27/140/27 137/139/137
f 37/37/37 145/149/145 138/141/138 28/28/28
f 145/149/145 146/150/146 139/142/139 138/141/138
f 146/150/146 147/151/147 140/143/140 139/142/139
f 147/151/147 148/152/148 141/144/141 140/143/140
f 148/152/148 149/153/149 142/145/142 141/144/141
f 149/153/149 150/154/150 143/146/143 142/145/142
f 150/154/150 151/155/151 144/147/144 143/146/143
f 151/155/151 45/156/45 36/148/36 144/147/144
f 46/46/46 152/157/152 145/149/145 37/37/37
f 152/157/152 153/158/153 146/150/146 145/149/145
f 153/158/153 154/159/154 147/151/147 146/150/146
f 154/159/154 155/160/155 148/152/148 147/151/147
f 155/160/155 156/161/156 149/153/149 148/152/148
f 156/161/156 157/162/157 150/154/150 149/153/149
f 157/162/157 158/163/158 151/155/151 150/154/150
f 158/163/158 54/164/54 45/156/45 151/155/151
f 55/55/55 159/165/159 152/157/152 46/46/46
f 159/165/159 160/166/160 153/158/153 152/157/152
f 160/166/160 161/167/161 154/159/154 153/158/153
f 161/167/161 162/168/162 155/160/155 154/159/154
f 162/168/162 163/169/163 156/161/156 155/160/155
f 163/169/163 164/170/164 157/162/157 156/161/156
f 164/170/164 165/171/165 158/163/158 157/162/157
f 165/171/165 63/172/63 54/164/54 158/163/158
f 64/64/64 166/173/166 159/165/159 55/55/55
f 166/173/166 167/174/167 160/166/160 159/165/159
f 167/174/167 168/175/168 161/167/161 160/166/160
f 168/175/168 169/176/169 162/168/162 161/167/161
f 169/176/169 170/177/170 163/169/163 162/168/162
f 170/177/170 171/178/171 164/170/164 163/169/163
f 171/178/171 172/179/172 165/171/165 164/170/164
f 172/179/172 72/180/72 63/172/63 165/171/165
f 117/117/117 173/181/173 73/73/73
f 1/1/1 117/117/117 73/73/73
f 173/181/173 117/117/117 174/182/174
f 117/117/117 118/118/118 174/182/174
f 174/182/174 118/118/118 175/183/175
f 118/118/118 119/119/119 175/183/175
f 175/183/175 119/119/119 176/184/176
f 176/184/176 119/119/119 177/185/177
f 119/119/119 120/120/120 177/185/177
f 177/185/177 120/120/120 178/186/178
f 120/120/120 121/121/121 178/186/178
f 178/186/178 121/121/121 179/187/179
f 121/121/121 122/122/122 179/187/179
f 179/187/179 122/122/122 180/188/180
f 180/188/180 122/122/122 181/189/181
f 122/122/122 123/123/123 181/189/181
f 181/189/181 123/123/123 83/190/83
f 123/123/123 9/124/9 83/190/83
f 182/191/182 84/84/84 73/73/73 173/181/173
f 183/192/183 85/85/85 84/84/84 182/191/182
f 184/193/184 86/86/86 85/85/85 183/192/183
f 185/194/185 182/191/182 173/181/173 174/182/174
f 186/195/186 183/192/183 182/191/182 185/194/185
f 187/196/187 184/193/184 183/192/183 186/195/186
f 188/197/188 185/194/185 174/182/174 175/183/175
f 189/198/189 186/195/186 185/194/185 188/197/188
f 190/199/190 187/196/187 186/195/186 189/198/189
f 191/200/191 188/197/188 175/183/175 176/184/176
f 192/201/192 189/198/189 188/197/188 191/200/191
f 193/202/193 190/199/190 189/198/189 192/201/192
f 194/203/194 191/200/191 176/184/176 177/185/177
f 195/204/195 192/201/192 191/200/191 194/203/194
f 196/205/196 193/202/193 192/201/192 195/204/195
f 197/206/197 194/203/194 177/185/177 178/186/178
f 198/207/198 195/204/195 194/203/194 197/206/197
f 199/208/199 196/205/196 195/204/195 198/207/198
f 200/209/200 197/206/197 178/186/178 179/187/179
f 201/210/201 198/207/198 197/206/197 200/209/200
f 202/211/202 199/208/199 198/207/198 201/210/201
f 203/212/203 200/209/200 179/187/179 180/188/180
f 204/213/204 201/210/201 200/209/200 203/212/203
f 205/214/205 202/211/202 201/210/201 204/213/204
f 206/215/206 203/212/203 180/188/180 181/189/181
f 207/216/207 204/213/204 203/212/203 206/215/206
f 208/217/208 205/214/205 204/213/204 207/216/207
f 114/218/114 206/215/206 181/189/181 83/190/83
f 115/219/115 207/216/207 206/215/206 114/218/114
f 116/220/116 208/217/208 207/216/207 115/219/115
f 65/65/65 210/222/210 209/221/209 64/64/64
f 66/66/66 211/223/211 210/222/210 65/65/65
f 67/67/67 212/224/212 211/223/211 66/66/66
f 68/68/68 213/225/213 212/224/212 67/67/67
f 69/69/69 214/226/214 213/225/213 68/68/68
f 70/70/70 215/227/215 214/226/214 69/69/69
f 71/71/71 216/228/216 215/227/215 70/70/70
f 72/72/72 217/229/217 216/228/216 71/71/71
f 210/222/210 219/231/219 218/230/218 209/221/209
f 211/223/211 220/232/220 219/231/219 210/222/210
f 212/224/212 221/233/221 220/232/220 211/223/211
f 213/225/213 222/234/222 221/233/221 212/224/212
f 214/226/214 223/235/223 222/234/222 213/225/213
f 215/227/215 224/236/224 223/235/223 214/226/214
f 216/228/216 225/237/225 224/236/224 215/227/215
f 217/229/217 226/238/226 225/237/225 216/228/216
f 219/231/219 228/240/228 227/239/227 218/230/218
f 220/232/220 229/241/229 228/240/228 219/231/219
f 221/233/221 230/242/230 229/241/229 220/232/220
f 222/234/222 231/243/231 230/242/230 221/233/221
f 223/235/223 232/244/232 231/243/231 222/234/222
f 224/236/224 233/245/233 232/244/232 223/235/223
f 225/237/225 234/246/234 233/245/233 224/236/224
f 226/238/226 235/247/235 234/246/234 225/237/225
f 228/240/228 237/249/237 236/248/236 227/239/227
f 229/241/229 238/250/238 237/249/237 228/240/228
f 230/242/230 239/251/239 238/250/238 229/241/229
f 231/243/231 240/252/240 239/251/239 230/242/230
f 232/244/232 241/253/241 240/252/240 231/243/231
f 233/245/233 242/254/242 241/253/241 232/244/232
f 234/246/234 243/255/243 242/254/242 233/245/233
f 235/247/235 244/256/244 243/255/243 234/246/234
f 237/249/237 246/258/246 245/257/245 236/248/236
f 238/250/238 247/259/247 246/258/246 237/249/237
f 239/251/239 248/260/248 247/259/247 238/250/238
f 240/252/240 249/261/249 248/260/248 239/251/239
f 241/253/241 250/262/250 249/261/249 240/252/240
f 242/254/242 251/263/251 250/262/250 241/253/241
f 243/255/243 252/264/252 251/263/251 242/254/242
f 244/256/244 253/265/253 252/264/252 243/255/243
f 246/258/246 255/267/255 254/266/254 245/257/245
f 247/259/247 256/268/256 255/267/255 246/258/246
f 248/260/248 257/269/257 256/268/256 247/259/247
f 249/261/249 258/270/258 257/269/257 248/260/248
f 250/262/250 259/271/259 258/270/258 249/261/249
f 251/263/251 260/272/260 259/271/259 250/262/250
f 252/264/252 261/273/261 260/272/260 251/263/251
f 253/265/253 262/274/262 261/273/261 252/264/252
f 255/267/255 264/276/264 263/275/263 254/266/254
f 256/268/256 265/277/265 264/276/264 255/267/255
f 257/269/257 266/278/266 265/277/265 256/268/256
f 258/270/258 267/279/267 266/278/266 257/269/257
f 259/271/259 268/280/268 267/279/267 258/270/258
f 260/272/260 269/281/269 268/280/268 259/271/259
f 261/273/261 270/282/270 269/281/269 260/272/260
f 262/274/262 271/283/271 270/282/270 261/273/261
f 272/284/272 273/285/273 270/282/270
f 272/284/272 270/282/270 271/283/271
f 273/285/273 274/286/274 269/281/269
f 273/285/273 269/281/269 270/282/270
f 274/286/274 275/287/275 268/280/268
f 274/286/274 268/280/268 269/281/269
f 275/287/275 276/288/276 268/280/268
f 276/288/276 277/289/277 267/279/267
f 276/288/276 267/279/267 268/280/268
f 277/289/277 278/290/278 266/278/266
f 277/289/277 266/278/266 267/279/267
f 278/290/278 279/291/279 266/278/266
f 279/291/279 280/292/280 265/277/265
f 279/291/279 265/277/265 266/278/266
f 280/292/280 281/293/281 264/276/264
f 280/292/280 264/276/264 265/277/265
f 282/294/282 264/276/264 281/293/281
f 282/294/282 263/275/263 264/276/264
f 283/295/283 263/275/263 282/294/282
f 272/284/272 284/296/284 287/299/287 273/285/273
f 284/296/284 285/297/285 288/300/288 287/299/287
f 285/297/285 286/298/286 289/301/289 288/300/288
f 273/285/273 287/299/287 290/302/290 274/286/274
f 287/299/287 288/300/288 291/303/291 290/302/290
f 288/300/288 289/301/289 292/304/292 291/303/291
f 274/286/274 290/302/290 293/305/293 275/287/275
f 290/302/290 291/303/291 294/306/294 293/305/293
f 291/303/291 292/304/292 295/307/295 294/306/294
f 275/287/275 293/305/293 296/308/296 276/288/276
f 293/305/293 294/306/294 297/309/297 296/308/296
f 294/306/294 295/307/295 298/310/298 297/309/297
f 276/288/276 296/308/296 299/311/299 277/289/277
f 296/308/296 297/309/297 300/312/300 299/311/299
f 297/309/297 298/310/298 301/313/301 300/312/300
f 277/289/277 299/311/299 302/314/302 278/290/278
f 299/311/299 300/312/300 303/315/303 302/314/302
f 300/312/300 301/313/301 304/316/304 303/315/303
f 278/290/278 302/314/302 305/317/305 279/291/279
f 302/314/302 303/315/303 306/318/306 305/317/305
f 303/315/303 304/316/304 307/319/307 306/318/306
f 279/291/279 305/317/305 308/320/308 280/292/280
f 305/317/305 306/318/306 309/321/309 308/320/308
f 306/318/306 307/319/307 310/322/310 309/321/309
f 280/292/280 308/320/308 311/323/311 281/293/281
f 308/320/308 309/321/309 312/324/312 311/323/311
f 309/321/309 310/322/310 313/325/313 312/324/312
f 281/293/281 311/323/311 314/326/314 282/294/282
f 311/323/311 312/324/312 315/327/315 314/326/314
f 312/324/312 313/325/313 316/328/316 315/327/315
f 282/294/282 314/326/314 317/329/317 283/295/283
f 314/326/314 315/327/315 318/330/318 317/329/317
f 315/327/315 316/328/316 319/331/319 318/330/318
f 209/221/209 320/332/320 166/173/166 64/64/64
f 320/332/320 321/333/321 167/174/167 166/173/166
f 321/333/321 322/334/322 168/175/168 167/174/167
f 322/334/322 323/335/323 169/176/169 168/175/168
f 323/335/323 324/336/324 170/177/170 169/176/169
f 324/336/324 325/337/325 171/178/171 170/177/170
f 325/337/325 326/338/326 172/179/172 171/178/171
f 326/338/326 217/339/217 72/180/72 172/179/172
f 218/230/218 327/340/327 320/332/320 209/221/209
f 327/340/327 328/341/328 321/333/321 320/332/320
f 328/341/328 329/342/329 322/334/322 321/333/321
f 329/342/329 330/343/330 323/335/323 322/334/322
f 330/343/330 331/344/331 324/336/324 323/335/323
f 331/344/331 332/345/332 325/337/325 324/336/324
f 332/345/332 333/346/333 326/338/326 325/337/325
f 333/346/333 226/347/226 217/339/217 326/338/326
f 227/239/227 334/348/334 327/340/327 218/230/218
f 334/348/334 335/349/335 328/341/328 327/340/327
f 335/349/335 336/350/336 329/342/329 328/341/328
f 336/350/336 337/351/337 330/343/330 329/342/329
f 337/351/337 338/352/338 331/344/331 330/343/330
f 338/352/338 339/353/339 332/345/332 331/344/331
f 339/353/339 340/354/340 333/346/333 332/345/332
f 340/354/340 235/355/235 226/347/226 333/346/333
f 236/248/236 341/356/341 334/348/334 227/239/227
f 341/356/341 342/357/342 335/349/335 334/348/334
f 342/357/342 343/358/343 336/350/336 335/349/335
f 343/358/343 344/359/344 337/351/337 336/350/336
f 344/359/344 345/360/345 338/352/338 337/351/337
f 345/360/345 346/361/346 339/353/339 338/352/338
f 346/361/346 347/362/347 340/354/340 339/353/339
f 347/362/347 244/363/244 235/355/235 340/354/340
f 245/257/245 348/364/348 341/356/341 236/248/236
f 348/364/348 349/365/349 342/357/342 341/356/341
f 349/365/349 350/366/350 343/358/343 342/357/342
f 350/366/350 351/367/351 344/359/344 343/358/343
f 351/367/351 352/368/352 345/360/345 344/359/344
f 352/368/352 353/369/353 346/361/346 345/360/345
f 353/369/353 354/370/354 347/362/347 346/361/346
f 354/370/354 253/371/253 244/363/244 347/362/347
f 254/266/254 355/372/355 348/364/348 245/257/245
f 355/372/355 356/373/356 349/365/349 348/364/348
f 356/373/356 357/374/357 350/366/350 349/365/349
f 357/374/357 358/375/358 351/367/351 350/366/350
f 358/375/358 359/376/359 352/368/352 351/367/351
f 359/376/359 360/377/360 353/369/353 352/368/352
f 360/377/360 361/378/361 354/370/354 353/369/353
f 361/378/361 262/379/262 253/371/253 354/370/354
f 263/275/263 362/380/362 355/372/355 254/266/254
f 362/380/362 363/381/363 356/373/356 355/372/355
f 363/381/363 364/382/364 357/374/357 356/373/356
f 364/382/364 365/383/365 358/375/358 357/374/357
f 365/383/365 366/384/366 359/376/359 358/375/358
f 366/384/366 367/385/367 360/377/360 359/376/359
f 367/385/367 368/386/368 361/378/361 360/377/360
f 368/386/368 271/387/271 262/379/262 361/378/361
f 368/386/368 369/389/369 272/388/272
f 271/387/271 368/386/368 272/388/272
f 367/385/367 370/390/370 369/389/369
f 368/386/368 367/385/367 369/389/369
f 366/384/366 371/391/371 370/390/370
f 367/385/367 366/384/366 370/390/370
f 366/384/366 372/392/372 371/391/371
f 365/383/365 373/393/373 372/392/372
f 366/384/366 365/383/365 372/392/372
f 364/382/364 374/394/374 373/393/373
f 365/383/365 364/382/364 373/393/373
f 364/382/364 375/395/375 374/394/374
f 363/381/363 376/396/376 375/395/375
f 364/382/364 363/381/363 375/395/375
f 362/380/362 377/397/377 376/396/376
f 363/381/363 362/380/362 376/396/376
f 377/397/377 362/380/362 378/398/378
f 362/380/362 263/275/263 378/398/378
f 378/398/378 263/275/263 283/295/283
f 379/402/379 284/399/284 272/388/272 369/389/369
f 380/403/380 285/400/285 284/399/284 379/402/379
f 381/404/381 286/401/286 285/400/285 380/403/380
f 382/405/382 379/402/379 369/389/369 370/390/370
f 383/406/383 380/403/380 379/402/379 382/405/382
f 384/407/384 381/404/381 380/403/380 383/406/383
f 385/408/385 382/405/382 370/390/370 371/391/371
f 386/409/386 383/406/383 382/405/382 385/408/385
f 387/410/387 384/407/384 383/406/383 386/409/386
f 388/411/388 385/408/385 371/391/371 372/392/372
f 389/412/389 386/409/386 385/408/385 388/411/388
f 390/413/390 387/410/387 386/409/386 389/412/389
f 391/414/391 388/411/388 372/392/372 373/393/373
f 392/415/392 389/412/389 388/411/388 391/414/391
f 393/416/393 390/413/390 389/412/389 392/415/392
f 394/417/394 391/414/391 373/393/373 374/394/374
f 395/418/395 392/415/392 391/414/391 394/417/394
f 396/419/396 393/416/393 392/415/392 395/418/395
f 397/420/397 394/417/394 374/394/374 375/395/375
f 398/421/398 395/418/395 394/417/394 397/420/397
f 399/422/399 396/419/396 395/418/395 398/421/398
f 400/423/400 397/420/397 375/395/375 376/396/376
f 401/424/401 398/421/398 397/420/397 400/423/400
f 402/425/402 399/422/399 398/421/398 401/424/401
f 403/426/403 400/423/400 376/396/376 377/397/377
f 404/427/404 401/424/401 400/423/400 403/426/403
f 405/428/405 402/425/402 401/424/401 404/427/404
f 406/429/406 403/426/403 377/397/377 378/398/378
f 407/430/407 404/427/404 403/426/403 406/429/406
f 408/431/408 405/428/405 404/427/404 407/430/407
f 317/329/317 406/429/406 378/398/378 283/295/283
f 318/330/318 407/430/407 406/429/406 317/329/317
f 319/331/319 408/431/408 407/430/407 318/330/318
f 410/433/410 419/442/419 418/441/418 409/432/409
f 411/434/411 420/443/420 419/442/419 410/433/410
f 412/435/412 421/444/421 420/443/420 411/434/411
f 413/436/413 422/445/422 421/444/421 412/435/412
f 414/437/414 423/446/423 422/445/422 413/436/413
f 415/438/415 424/447/424 423/446/423 414/437/414
f 416/439/416 425/448/425 424/447/424 415/438/415
f 417/440/417 426/449/426 425/448/425 416/439/416
f 419/442/419 428/451/428 427/450/427 418/441/418
f 420/443/420 429/452/429 428/451/428 419/442/419
f 421/444/421 430/453/430 429/452/429 420/443/420
f 422/445/422 431/454/431 430/453/430 421/444/421
f 423/446/423 432/455/432 431/454/431 422/445/422
f 424/447/424 433/456/433 432/455/432 423/446/423
f 425/448/425 434/457/434 433/456/433 424/447/424
f 426/449/426 435/458/435 434/457/434 425/448/425
f 428/451/428 437/460/437 436/459/436 427/450/427
f 429/452/429 438/461/438 437/460/437 428/451/428
f 430/453/430 439/462/439 438/461/438 429/452/429
f 431/454/431 440/463/440 439/462/439 430/453/430
f 432/455/432 441/464/441 440/463/440 431/454/431
f 433/456/433 442/465/442 441/464/441 432/455/432
f 434/457/434 443/466/443 442/465/442 433/456/433
f 435/458/435 444/467/444 443/466/443 434/457/434
f 437/460/437 446/469/446 445/468/445 436/459/436
f 438/461/438 447/470/447 446/469/446 437/460/437
f 439/462/439 448/471/448 447/470/447 438/461/438
f 440/463/440 449/472/449 448/471/448 439/462/439
f 441/464/441 450/473/450 449/472/449 440/463/440
f 442/465/442 451/474/451 450/473/450 441/464/441
f 443/466/443 452/475/452 451/474/451 442/465/442
f 444/467/444 453/476/453 452/475/452 443/466/443
f 446/469/446 455/478/455 454/477/454 445/468/445
f 447/470/447 456/479/456 455/478/455 446/469/446
f 448/471/448 457/480/457 456/479/456 447/470/447
f 449/472/449 458/481/458 457/480/457 448/471/448
f 450/473/450 459/482/459 458/481/458 449/472/449
f 451/474/451 460/483/460 459/482/459 450/473/450
f 452/475/452 461/484/461 460/483/460 451/474/451
f 453/476/453 462/485/462 461/484/461 452/475/452
f 455/478/455 464/487/464 463/486/463 454/477/454
f 456/479/456 465/488/465 464/487/464 455/478/455
f 457/480/457 466/489/466 465/488/465 456/479/456
f 458/481/458 467/490/467 466/489/466 457/480/457
f 459/482/459 468/491/468 467/490/467 458/481/458
f 460/483/460 469/492/469 468/491/468 459/482/459
f 461/484/461 470/493/470 469/492/469 460/483/460
f 462/485/462 471/494/471 470/493/470 461/484/461
f 464/487/464 473/496/473 472/495/472 463/486/463
f 465/488/465 474/497/474 473/496/473 464/487/464
f 466/489/466 475/498/475 474/497/474 465/488/465
f 467/490/467 476/499/476 475/498/475 466/489/466
f 468/491/468 477/500/477 476/499/476 467/490/467
f 469/492/469 478/501/478 477/500/477 468/491/468
f 470/493/470 479/502/479 478/501/478 469/492/469
f 471/494/471 480/503/480 479/502/479 470/493/470
f 473/496/473 482/505/482 481/504/481 472/495/472
f 474/497/474 483/506/483 482/505/482 473/496/473
f 475/498/475 484/507/484 483/506/483 474/497/474
f 476/499/476 485/508/485 484/507/484 475/498/475
f 477/500/477 486/509/486 485/508/485 476/499/476
f 478/501/478 487/510/487 486/509/486 477/500/477
f 479/502/479 488/511/488 487/510/487 478/501/478
f 480/503/480 489/512/489 488/511/488 479/502/479
f 418/521/418 497/522/497 490/514/490 409/513/409
f 497/522/497 498/523/498 491/515/491 490/514/490
f 498/523/498 499/524/499 492/516/492 491/515/491
f 499/524/499 500/525/500 493/517/493 492/516/492
f 500/525/500 501/526/501 494/518/494 493/517/493
f 501/526/501 502/527/502 495/519/495 494/518/494
f 502/527/502 503/528/503 496/520/496 495/519/495
f 503/528/503 426/449/426 417/440/417 496/520/496
f 427/529/427 504/530/504 497/522/497 418/521/418
f 504/530/504 505/531/505 498/523/498 497/522/497
f 505/531/505 506/532/506 499/524/499 498/523/498
f 506/532/506 507/533/507 500/525/500 499/524/499
f 507/533/507 508/534/508 501/526/501 500/525/500
f 508/534/508 509/535/509 502/527/502 501/526/501
f 509/535/509 510/536/510 503/528/503 502/527/502
f 510/536/510 435/458/435 426/449/426 503/528/503
f 436/537/436 511/538/511 504/530/504 427/529/427
f 511/538/511 512/539/512 505/531/505 504/530/504
f 512/539/512 513/540/513 506/532/506 505/531/505
f 513/540/513 514/541/514 507/533/507 506/532/506
f 514/541/514 515/542/515 508/534/508 507/533/507
f 515/542/515 516/543/516 509/535/509 508/534/508
f 516/543/516 517/544/517 510/536/510 509/535/509
f 517/544/517 444/467/444 435/458/435 510/536/510
f 445/545/445 518/546/518 511/538/511 436/537/436
f 518/546/518 519/547/519 512/539/512 511/538/511
f 519/547/519 520/548/520 513/540/513 512/539/512
f 520/548/520 521/549/521 514/541/514 513/540/513
f 521/549/521 522/550/522 515/542/515 514/541/514
f 522/550/522 523/551/523 516/543/516 515/542/515
f 523/551/523 524/552/524 517/544/517 516/543/516
f 524/552/524 453/476/453 444/467/444 517/544/517
f 454/553/454 525/554/525 518/546/518 445/545/445
f 525/554/525 526/555/526 519/547/519 518/546/518
f 526/555/526 527/556/527 520/548/520 519/547/519
f 527/556/527 528/557/528 521/549/521 520/548/520
f 528/557/528 529/558/529 522/550/522 521/549/521
f 529/558/529 530/559/530 523/551/523 522/550/522
f 530/559/530 531/560/531 524/552/524 523/551/523
f 531/560/531 462/485/462 453/476/453 524/552/524
f 463/561/463 532/562/532 525/554/525 454/553/454
f 532/562/532 533/563/533 526/555/526 525/554/525
f 533/563/533 534/564/534 527/556/527 526/555/526
f 534/564/534 535/565/535 528/557/528 527/556/527
f 535/565/535 536/566/536 529/558/529 528/557/528
f 536/566/536 537/567/537 530/559/530 529/558/529
f 537/567/537 538/568/538 531/560/531 530/559/530
f 538/568/538 471/494/471 462/485/462 531/560/531
f 472/569/472 539/570/539 532/562/532 463/561/463
f 539/570/539 540/571/540 533/563/533 532/562/532
f 540/571/540 541/572/541 534/564/534 533/563/533
f 541/572/541 542/573/542 535/565/535 534/564/534
f 542/573/542 543/574/543 536/566/536 535/565/535
f 543/574/543 544/575/544 537/567/537 536/566/536
f 544/575/544 545/576/545 538/568/538 537/567/537
f 545/576/545 480/503/480 471/494/471 538/568/538
f 481/577/481 546/578/546 539/570/539 472/569/472
f 546/578/546 547/579/547 540/571/540 539/570/539
f 547/579/547 548/580/548 541/572/541 540/571/540
f 548/580/548 549/581/549 542/573/542 541/572/541
f 549/581/549 550/582/550 543/574/543 542/573/542
f 550/582/550 551/583/551 544/575/544 543/574/543
f 551/583/551 552/584/552 545/576/545 544/575/544
f 552/584/552 489/512/489 480/503/480 545/576/545
f 482/505/482 554/586/554 553/585/553 481/504/481
f 483/506/483 555/587/555 554/586/554 482/505/482
f 484/507/484 556/588/556 555/587/555 483/506/483
f 485/508/485 557/589/557 556/588/556 484/507/484
f 486/509/486 558/590/558 557/589/557 485/508/485
f 487/510/487 559/591/559 558/590/558 486/509/486
f 488/511/488 560/592/560 559/591/559 487/510/487
f 489/512/489 561/593/561 560/592/560 488/511/488
f 554/586/554 563/595/563 562/594/562 553/585/553
f 555/587/555 564/596/564 563/595/563 554/586/554
f 556/588/556 565/597/565 564/596/564 555/587/555
f 557/589/557 566/598/566 565/597/565 556/588/556
f 558/590/558 567/599/567 566/598/566 557/589/557
f 559/591/559 568/600/568 567/599/567 558/590/558
f 560/592/560 569/601/569 568/600/568 559/591/559
f 561/593/561 570/602/570 569/601/569 560/592/560
f 563/595/563 572/604/572 571/603/571 562/594/562
f 564/596/564 573/605/573 572/604/572 563/595/563
f 565/597/565 574/606/574 573/605/573 564/596/564
f 566/598/566 575/607/575 574/606/574 565/597/565
f 567/599/567 576/608/576 575/607/575 566/598/566
f 568/600/568 577/609/577 576/608/576 567/599/567
f 569/601/569 578/610/578 577/609/577 568/600/568
f 570/602/570 579/611/579 578/610/578 569/601/569
f 572/604/572 581/613/581 580/612/580 571/603/571
f 573/605/573 582/614/582 581/613/581 572/604/572
f 574/606/574 583/615/583 582/614/582 573/605/573
f 575/607/575 584/616/584 583/615/583 574/606/574
f 576/608/576 585/617/585 584/616/584 575/607/575
f 577/609/577 586/618/586 585/617/585 576/608/576
f 578/610/578 587/619/587 586/618/586 577/609/577
f 579/611/579 588/620/588 587/619/587 578/610/578
f 581/613/581 590/622/590 589/621/589 580/612/580
f 582/614/582 591/623/591 590/622/590 581/613/581
f 583/615/583 592/624/592 591/623/591 582/614/582
f 584/616/584 593/625/593 592/624/592 583/615/583
f 585/617/585 594/626/594 593/625/593 584/616/584
f 586/618/586 595/627/595 594/626/594 585/617/585
f 587/619/587 596/628/596 595/627/595 586/618/586
f 588/620/588 597/629/597 596/628/596 587/619/587
f 590/622/590 599/631/599 598/630/598 589/621/589
f 591/623/591 600/632/600 599/631/599 590/622/590
f 592/624/592 601/633/601 600/632/600 591/623/591
f 593/625/593 602/634/602 601/633/601 592/624/592
f 594/626/594 603/635/603 602/634/602 593/625/593
f 595/627/595 604/636/604 603/635/603 594/626/594
f 596/628/596 605/637/605 604/636/604 595/627/595
f 597/629/597 606/638/606 605/637/605 596/628/596
f 599/631/599 608/640/608 607/639/607 598/630/598
f 600/632/600 609/641/609 608/640/608 599/631/599
f 601/633/601 610/642/610 609/641/609 600/632/600
f 602/634/602 611/643/611 610/642/610 601/633/601
f 603/635/603 612/644/612 611/643/611 602/634/602
f 604/636/604 613/645/613 612/644/612 603/635/603
f 605/637/605 614/646/614 613/645/613 604/636/604
f 606/638/606 615/647/615 614/646/614 605/637/605
f 616/648/616 608/640/608 617/649/617
f 616/648/616 607/639/607 608/640/608
f 618/650/618 617/649/617 608/640/608
f 618/650/618 608/640/608 609/641/609
f 619/651/619 618/650/618 609/641/609
f 619/651/619 609/641/609 620/652/620
f 621/653/621 620/652/620 609/641/609
f 621/653/621 609/641/609 610/642/610
f 622/654/622 621/653/621 610/642/610
f 622/654/622 611/643/611 623/655/623
f 622/654/622 610/642/610 611/643/611
f 623/655/623 611/643/611 624/656/624
f 624/656/624 612/644/612 625/657/625
f 624/656/624 611/643/611 612/644/612
f 626/658/626 625/657/625 612/644/612
f 626/658/626 612/644/612 613/645/613
f 627/659/627 626/658/626 613/645/613
f 628/660/628 627/659/627 613/645/613
f 628/660/628 613/645/613 614/646/614
f 629/661/629 628/660/628 614/646/614
f 630/662/630 629/661/629 614/646/614
f 631/663/631 630/662/630 614/646/614
f 631/663/631 614/646/614 615/647/615
f 617/649/617 635/667/635 632/664/632 616/648/616
f 635/667/635 636/668/636 633/665/633 632/664/632
f 636/668/636 637/669/637 634/666/634 633/665/633
f 618/650/618 638/670/638 635/667/635 617/649/617
f 638/670/638 639/671/639 636/668/636 635/667/635
f 639/671/639 640/672/640 637/669/637 636/668/636
f 619/651/619 641/673/641 638/670/638 618/650/618
f 641/673/641 642/674/642 639/671/639 638/670/638
f 642/674/642 643/675/643 640/672/640 639/671/639
f 620/652/620 644/676/644 641/673/641 619/651/619
f 644/676/644 645/677/645 642/674/642 641/673/641
f 645/677/645 646/678/646 643/675/643 642/674/642
f 621/653/621 647/679/647 644/676/644 620/652/620
f 647/679/647 648/680/648 645/677/645 644/676/644
f 648/680/648 649/681/649 646/678/646 645/677/645
f 622/654/622 650/682/650 647/679/647 621/653/621
f 650/682/650 651/683/651 648/680/648 647/679/647
f 651/683/651 652/684/652 649/681/649 648/680/648
f 623/655/623 653/685/653 650/682/650 622/654/622
f 653/685/653 654/686/654 651/683/651 650/682/650
f 654/686/654 655/687/655 652/684/652 651/683/651
f 624/656/624 656/688/656 653/685/653 623/655/623
f 656/688/656 657/689/657 654/686/654 653/685/653
f 657/689/657 658/690/658 655/687/655 654/686/654
f 625/657/625 659/691/659 656/688/656 624/656/624
f 659/691/659 660/692/660 657/689/657 656/688/656
f 660/692/660 661/693/661 658/690/658 657/689/657
f 626/658/626 662/694/662 659/691/659 625/657/625
f 662/694/662 663/695/663 660/692/660 659/691/659
f 663/695/663 664/696/664 661/693/661 660/692/660
f 627/659/627 665/697/665 662/694/662 626/658/626
f 665/697/665 666/698/666 663/695/663 662/694/662
f 666/698/666 667/699/667 664/696/664 663/695/663
f 628/660/628 668/700/668 665/697/665 627/659/627
f 668/700/668 669/701/669 666/698/666 665/697/665
f 669/701/669 670/702/670 667/699/667 666/698/666
f 629/661/629 671/703/671 668/700/668 628/660/628
f 671/703/671 672/704/672 669/701/669 668/700/668
f 672/704/672 673/705/673 670/702/670 669/701/669
f 630/662/630 674/706/674 671/703/671 629/661/629
f 674/706/674 675/707/675 672/704/672 671/703/671
f 675/707/675 676/708/676 673/705/673 672/704/672
f 631/663/631 677/709/677 674/706/674 630/662/630
f 677/709/677 678/710/678 675/707/675 674/706/674
f 678/710/678 679/711/679 676/708/676 675/707/675
f 553/712/553 680/713/680 546/578/546 481/577/481
f 680/713/680 681/714/681 547/579/547 546/578/546
f 681/714/681 682/715/682 548/580/548 547/579/547
f 682/715/682 683/716/683 549/581/549 548/580/548
f 683/716/683 684/717/684 550/582/550 549/581/549
f 684/717/684 685/718/685 551/583/551 550/582/550
f 685/718/685 686/719/686 552/584/552 551/583/551
f 686/719/686 561/593/561 489/512/489 552/584/552
f 562/720/562 687/721/687 680/713/680 553/712/553
f 687/721/687 688/722/688 681/714/681 680/713/680
f 688/722/688 689/723/689 682/715/682 681/714/681
f 689/723/689 690/724/690 683/716/683 682/715/682
f 690/724/690 691/725/691 684/717/684 683/716/683
f 691/725/691 692/726/692 685/718/685 684/717/684
f 692/726/692 693/727/693 686/719/686 685/718/685
f 693/727/693 570/602/570 561/593/561 686/719/686
f 571/728/571 694/729/694 687/721/687 562/720/562
f 694/729/694 695/730/695 688/722/688 687/721/687
f 695/730/695 696/731/696 689/723/689 688/722/688
f 696/731/696 697/732/697 690/724/690 689/723/689
f 697/732/697 698/733/698 691/725/691 690/724/690
f 698/733/698 699/734/699 692/726/692 691/725/691
f 699/734/699 700/735/700 693/727/693 692/726/692
f 700/735/700 579/611/579 570/602/570 693/727/693
f 580/736/580 701/737/701 694/729/694 571/728/571
f 701/737/701 702/738/702 695/730/695 694/729/694
f 702/738/702 703/739/703 696/731/696 695/730/695
f 703/739/703 704/740/704 697/732/697 696/731/696
f 704/740/704 705/741/705 698/733/698 697/732/697
f 705/741/705 706/742/706 699/734/699 698/733/698
f 706/742/706 707/743/707 700/735/700 699/734/699
f 707/743/707 588/620/588 579/611/579 700/735/700
f 589/744/589 708/745/708 701/737/701 580/736/580
f 708/745/708 709/746/709 702/738/702 701/737/701
f 709/746/709 710/747/710 703/739/703 702/738/702
f 710/747/710 711/748/711 704/740/704 703/739/703
f 711/748/711 712/749/712 705/741/705 704/740/704
f 712/749/712 713/750/713 706/742/706 705/741/705
f 713/750/713 714/751/714 707/743/707 706/742/706
f 714/751/714 597/629/597 588/620/588 707/743/707
f 598/752/598 715/753/715 708/745/708 589/744/589
f 715/753/715 716/754/716 709/746/709 708/745/708
f 716/754/716 717/755/717 710/747/710 709/746/709
f 717/755/717 718/756/718 711/748/711 710/747/710
f 718/756/718 719/757/719 712/749/712 711/748/711
f 719/757/719 720/758/720 713/750/713 712/749/712
f 720/758/720 721/759/721 714/751/714 713/750/713
f 721/759/721 606/638/606 597/629/597 714/751/714
f 607/760/607 722/761/722 715/753/715 598/752/598
f 722/761/722 723/762/723 716/754/716 715/753/715
f 723/762/723 724/763/724 717/755/717 716/754/716
f 724/763/724 725/764/725 718/756/718 717/755/717
f 725/764/725 726/765/726 719/757/719 718/756/718
f 726/765/726 727/766/727 720/758/720 719/757/719
f 727/766/727 728/767/728 721/759/721 720/758/720
f 728/767/728 615/647/615 606/638/606 721/759/721
f 729/769/729 722/761/722 616/768/616
f 722/761/722 607/760/607 616/768/616
f 722/761/722 729/769/729 730/770/730
f 723/762/723 722/761/722 730/770/730
f 723/762/723 730/770/730 731/771/731
f 732/772/732 723/762/723 731/771/731
f 723/762/723 732/772/732 733/773/733
f 724/763/724 723/762/723 733/773/733
f 724/763/724 733/773/733 734/774/734
f 735/775/735 725/764/725 734/774/734
f 725/764/725 724/763/724 734/774/734
f 736/776/736 725/764/725 735/775/735
f 737/777/737 726/765/726 736/776/736
f 726/765/726 725/764/725 736/776/736
f 726/765/726 737/777/737 738/778/738
f 727/766/727 726/765/726 738/778/738
f 727/766/727 738/778/738 739/779/739
f 727/766/727 739/779/739 740/780/740
f 728/767/728 727/766/727 740/780/740
f 728/767/728 740/780/740 741/781/741
f 728/767/728 741/781/741 742/782/742
f 728/767/728 742/782/742 631/663/631
f 615/647/615 728/767/728 631/663/631
f 632/783/632 743/786/743 729/769/729 616/768/616
f 633/784/633 744/787/744 743/786/743 632/783/632
f 634/785/634 745/788/745 744/787/744 633/784/633
f 743/786/743 746/789/746 730/770/730 729/769/729
f 744/787/744 747/790/747 746/789/746 743/786/743
f 745/788/745 748/791/748 747/790/747 744/787/744
f 746/789/746 749/792/749 731/771/731 730/770/730
f 747/790/747 750/793/750 749/792/749 746/789/746
f 748/791/748 751/794/751 750/793/750 747/790/747
f 749/792/749 752/795/752 732/772/732 731/771/731
f 750/793/750 753/796/753 752/795/752 749/792/749
f 751/794/751 754/797/754 753/796/753 750/793/750
f 752/795/752 755/798/755 733/773/733 732/772/732
f 753/796/753 756/799/756 755/798/755 752/795/752
f 754/797/754 757/800/757 756/799/756 753/796/753
f 755/798/755 758/801/758 734/774/734 733/773/733
f 756/799/756 759/802/759 758/801/758 755/798/755
f 757/800/757 760/803/760 759/802/759 756/799/756
f 758/801/758 761/804/761 735/775/735 734/774/734
f 759/802/759 762/805/762 761/804/761 758/801/758
f 760/803/760 763/806/763 762/805/762 759/802/759
f 761/804/761 764/807/764 736/776/736 735/775/735
f 762/805/762 765/808/765 764/807/764 761/804/761
f 763/806/763 766/809/766 765/808/765 762/805/762
f 764/807/764 767/810/767 737/777/737 736/776/736
f 765/808/765 768/811/768 767/810/767 764/807/764
f 766/809/766 769/812/769 768/811/768 765/808/765
f 767/810/767 770/813/770 738/778/738 737/777/737
f 768/811/768 771/814/771 770/813/770 767/810/767
f 769/812/769 772/815/772 771/814/771 768/811/768
f 770/813/770 773/816/773 739/779/739 738/778/738
f 771/814/771 774/817/774 773/816/773 770/813/770
f 772/815/772 775/818/775 774/817/774 771/814/771
f 773/816/773 776/819/776 740/780/740 739/779/739
f 774/817/774 777/820/777 776/819/776 773/816/773
f 775/818/775 778/821/778 777/820/777 774/817/774
f 776/819/776 779/822/779 741/781/741 740/780/740
f 777/820/777 780/823/780 779/822/779 776/819/776
f 778/821/778 781/824/781 780/823/780 777/820/777
f 779/822/779 782/825/782 742/782/742 741/781/741
f 780/823/780 783/826/783 782/825/782 779/822/779
f 781/824/781 784/827/784 783/826/783 780/823/780
f 782/825/782 677/709/677 631/663/631 742/782/742
f 783/826/783 678/710/678 677/709/677 782/825/782
f 784/827/784 679/711/679 678/710/678 783/826/783
f 786/829/786 795/838/795 794/837/794 785/828/785
f 787/830/787 796/839/796 795/838/795 786/829/786
f 788/831/788 797/840/797 796/839/796 787/830/787
f 789/832/789 798/841/798 797/840/797 788/831/788
f 790/833/790 799/842/799 798/841/798 789/832/789
f 791/834/791 800/843/800 799/842/799 790/833/790
f 792/835/792 801/844/801 800/843/800 791/834/791
f 793/836/793 802/845/802 801/844/801 792/835/792
f 795/838/795 804/847/804 803/846/803 794/837/794
f 796/839/796 805/848/805 804/847/804 795/838/795
f 797/840/797 806/849/806 805/848/805 796/839/796
f 798/841/798 807/850/807 806/849/806 797/840/797
f 799/842/799 808/851/808 807/850/807 798/841/798
f 800/843/800 809/852/809 808/851/808 799/842/799
f 801/844/801 810/853/810 809/852/809 800/843/800
f 802/845/802 811/854/811 810/853/810 801/844/801
f 804/847/804 813/856/813 812/855/812 803/846/803
f 805/848/805 814/857/814 813/856/813 804/847/804
f 806/849/806 815/858/815 814/857/814 805/848/805
f 807/850/807 816/859/816 815/858/815 806/849/806
f 808/851/808 817/860/817 816/859/816 807/850/807
f 809/852/809 818/861/818 817/860/817 808/851/808
f 810/853/810 819/862/819 818/861/818 809/852/809
f 811/854/811 820/863/820 819/862/819 810/853/810
f 813/856/813 822/865/822 821/864/821 812/855/812
f 814/857/814 823/866/823 822/865/822 813/856/813
f 815/858/815 824/867/824 823/866/823 814/857/814
f 816/859/816 825/868/825 824/867/824 815/858/815
f 817/860/817 826/869/826 825/868/825 816/859/816
f 818/861/818 827/870/827 826/869/826 817/860/817
f 819/862/819 828/871/828 827/870/827 818/861/818
f 820/863/820 829/872/829 828/871/828 819/862/819
f 822/865/822 831/874/831 830/873/830 821/864/821
f 823/866/823 832/875/832 831/874/831 822/865/822
f 824/867/824 833/876/833 832/875/832 823/866/823
f 825/868/825 834/877/834 833/876/833 824/867/824
f 826/869/826 835/878/835 834/877/834 825/868/825
f 827/870/827 836/879/836 835/878/835 826/869/826
f 828/871/828 837/880/837 836/879/836 827/870/827
f 829/872/829 838/881/838 837/880/837 828/871/828
f 831/874/831 840/883/840 839/882/839 830/873/830
f 832/875/832 841/884/841 840/883/840 831/874/831
f 833/876/833 842/885/842 841/884/841 832/875/832
f 834/877/834 843/886/843 842/885/842 833/876/833
f 835/878/835 844/887/844 843/886/843 834/877/834
f 836/879/836 845/888/845 844/887/844 835/878/835
f 837/880/837 846/889/846 845/888/845 836/879/836
f 838/881/838 847/890/847 846/889/846 837/880/837
f 840/883/840 849/892/849 848/891/848 839/882/839
f 841/884/841 850/893/850 849/892/849 840/883/840
f 842/885/842 851/894/851 850/893/850 841/884/841
f 843/886/843 852/895/852 851/894/851 842/885/842
f 844/887/844 853/896/853 852/895/852 843/886/843
f 845/888/845 854/897/854 853/896/853 844/887/844
f 846/889/846 855/898/855 854/897/854 845/888/845
f 847/890/847 856/899/856 855/898/855 846/889/846
f 849/892/849 858/901/858 857/900/857 848/891/848
f 850/893/850 859/902/859 858/901/858 849/892/849
f 851/894/851 860/903/860 859/902/859 850/893/850
f 852/895/852 861/904/861 860/903/860 851/894/851
f 853/896/853 862/905/862 861/904/861 852/895/852
f 854/897/854 863/906/863 862/905/862 853/896/853
f 855/898/855 864/907/864 863/906/863 854/897/854
f 856/899/856 865/908/865 864/907/864 855/898/855
f 866/909/866 874/917/874 802/845/802 793/836/793
f 867/910/867 875/918/875 874/917/874 866/909/866
f 868/911/868 876/919/876 875/918/875 867/910/867
f 869/912/869 877/920/877 876/919/876 868/911/868
f 870/913/870 878/921/878 877/920/877 869/912/869
f 871/914/871 879/922/879 878/921/878 870/913/870
f 872/915/872 880/923/880 879/922/879 871/914/871
f 873/916/873 881/924/881 880/923/880 872/915/872
f 874/917/874 882/925/882 811/854/811 802/845/802
f 875/918/875 883/926/883 882/925/882 874/917/874
f 876/919/876 884/927/884 883/926/883 875/918/875
f 877/920/877 885/928/885 884/927/884 876/919/876
f 878/921/878 886/929/886 885/928/885 877/920/877
f 879/922/879 887/930/887 886/929/886 878/921/878
f 880/923/880 888/931/888 887/930/887 879/922/879
f 881/924/881 889/932/889 888/931/888 880/923/880
f 882/925/882 890/933/890 820/863/820 811/854/811
f 883/926/883 891/934/891 890/933/890 882/925/882
f 884/927/884 892/935/892 891/934/891 883/926/883
f 885/928/885 893/936/893 892/935/892 884/927/884
f 886/929/886 894/937/894 893/936/893 885/928/885
f 887/930/887 895/938/895 894/937/894 886/929/886
f 888/931/888 896/939/896 895/938/895 887/930/887
f 889/932/889 897/940/897 896/939/896 888/931/888
f 890/933/890 898/941/898 829/872/829 820/863/820
f 891/934/891 899/942/899 898/941/898 890/933/890
f 892/935/892 900/943/900 899/942/899 891/934/891
f 893/936/893 901/944/901 900/943/900 892/935/892
f 894/937/894 902/945/902 901/944/901 893/936/893
f 895/938/895 903/946/903 902/945/902 894/937/894
f 896/939/896 904/947/904 903/946/903 895/938/895
f 897/940/897 905/948/905 904/947/904 896/939/896
f 898/941/898 906/949/906 838/881/838 829/872/829
f 899/942/899 907/950/907 906/949/906 898/941/898
f 900/943/900 908/951/908 907/950/907 899/942/899
f 901/944/901 909/952/909 908/951/908 900/943/900
f 902/945/902 910/953/910 909/952/909 901/944/901
f 903/946/903 911/954/911 910/953/910 902/945/902
f 904/947/904 912/955/912 911/954/911 903/946/903
f 905/948/905 913/956/913 912/955/912 904/947/904
f 906/949/906 914/957/914 847/890/847 838/881/838
f 907/950/907 915/958/915 914/957/914 906/949/906
f 908/951/908 916/959/916 915/958/915 907/950/907
f 909/952/909 917/960/917 916/959/916 908/951/908
f 910/953/910 918/961/918 917/960/917 909/952/909
f 911/954/911 919/962/919 918/961/918 910/953/910
f 912/955/912 920/963/920 919/962/919 911/954/911
f 913/956/913 921/964/921 920/963/920 912/955/912
f 914/957/914 922/965/922 856/899/856 847/890/847
f 915/958/915 923/966/923 922/965/922 914/957/914
f 916/959/916 924/967/924 923/966/923 915/958/915
f 917/960/917 925/968/925 924/967/924 916/959/916
f 918/961/918 926/969/926 925/968/925 917/960/917
f 919/962/919 927/970/927 926/969/926 918/961/918
f 920/963/920 928/971/928 927/970/927 919/962/919
f 921/964/921 929/972/929 928/971/928 920/963/920
f 922/965/922 930/973/930 865/908/865 856/899/856
f 923/966/923 931/974/931 930/973/930 922/965/922
f 924/967/924 932/975/932 931/974/931 923/966/923
f 925/968/925 933/976/933 932/975/932 924/967/924
f 926/969/926 934/977/934 933/976/933 925/968/925
f 927/970/927 935/978/935 934/977/934 926/969/926
f 928/971/928 936/979/936 935/978/935 927/970/927
f 929/972/929 937/980/937 936/979/936 928/971/928
f 946/989/946 947/990/947 939/982/939 938/981/938
f 947/990/947 948/991/948 940/983/940 939/982/939
f 948/991/948 949/992/949 941/984/941 940/983/940
f 949/992/949 950/993/950 942/985/942 941/984/941
f 950/993/950 951/994/951 943/986/943 942/985/942
f 951/994/951 952/995/952 944/987/944 943/986/943
f 952/995/952 953/996/953 945/988/945 944/987/944
f 953/996/953 881/924/881 873/916/873 945/988/945
f 954/997/954 955/998/955 947/990/947 946/989/946
f 955/998/955 956/999/956 948/991/948 947/990/947
f 956/999/956 957/1000/957 949/992/949 948/991/948
f 957/1000/957 958/1001/958 950/993/950 949/992/949
f 958/1001/958 959/1002/959 951/994/951 950/993/950
f 959/1002/959 960/1003/960 952/995/952 951/994/951
f 960/1003/960 961/1004/961 953/996/953 952/995/952
f 961/1004/961 889/932/889 881/924/881 953/996/953
f 962/1005/962 963/1006/963 955/998/955 954/997/954
f 963/1006/963 964/1007/964 956/999/956 955/998/955
f 964/1007/964 965/1008/965 957/1000/957 956/999/956
f 965/1008/965 966/1009/966 958/1001/958 957/1000/957
f 966/1009/966 967/1010/967 959/1002/959 958/1001/958
f 967/1010/967 968/1011/968 960/1003/960 959/1002/959
f 968/1011/968 969/1012/969 961/1004/961 960/1003/960
f 969/1012/969 897/940/897 889/932/889 961/1004/961
f 970/1013/970 971/1014/971 963/1006/963 962/1005/962
f 971/1014/971 972/1015/972 964/1007/964 963/1006/963
f 972/1015/972 973/1016/973 965/1008/965 964/1007/964
f 973/1016/973 974/1017/974 966/1009/966 965/1008/965
f 974/1017/974 975/1018/975 967/1010/967 966/1009/966
f 975/1018/975 976/1019/976 968/1011/968 967/1010/967
f 976/1019/976 977/1020/977 969/1012/969 968/1011/968
f 977/1020/977 905/948/905 897/940/897 969/1012/969
f 978/1021/978 979/1022/979 971/1014/971 970/1013/970
f 979/1022/979 980/1023/980 972/1015/972 971/1014/971
f 980/1023/980 981/1024/981 973/1016/973 972/1015/972
f 981/1024/981 982/1025/982 974/1017/974 973/1016/973
f 982/1025/982 983/1026/983 975/1018/975 974/1017/974
f 983/1026/983 984/1027/984 976/1019/976 975/1018/975
f 984/1027/984 985/1028/985 977/1020/977 976/1019/976
f 985/1028/985 913/956/913 905/948/905 977/1020/977
f 986/1029/986 987/1030/987 979/1022/979 978/1021/978
f 987/1030/987 988/1031/988 980/1023/980 979/1022/979
f 988/1031/988 989/1032/989 981/1024/981 980/1023/980
f 989/1032/989 990/1033/990 982/1025/982 981/1024/981
f 990/1033/990 991/1034/991 983/1026/983 982/1025/982
f 991/1034/991 992/1035/992 984/1027/984 983/1026/983
f 992/1035/992 993/1036/993 985/1028/985 984/1027/984
f 993/1036/993 921/964/921 913/956/913 985/1028/985
f 994/1037/994 995/1038/995 987/1030/987 986/1029/986
f 995/1038/995 996/1039/996 988/1031/988 987/1030/987
f 996/1039/996 997/1040/997 989/1032/989 988/1031/988
f 997/1040/997 998/1041/998 990/1033/990 989/1032/989
f 998/1041/998 999/1042/999 991/1034/991 990/1033/990
f 999/1042/999 1000/1043/1000 992/1035/992 991/1034/991
f 1000/1043/1000 1001/1044/1001 993/1036/993 992/1035/992
f 1001/1044/1001 929/972/929 921/964/921 993/1036/993
f 1002/1045/1002 1003/1046/1003 995/1038/995 994/1037/994
f 1003/1046/1003 1004/1047/1004 996/1039/996 995/1038/995
f 1004/1047/1004 1005/1048/1005 997/1040/997 996/1039/996
f 1005/1048/1005 1006/1049/1006 998/1041/998 997/1040/997
f 1006/1049/1006 1007/1050/1007 999/1042/999 998/1041/998
f 1007/1050/1007 1008/1051/1008 1000/1043/1000 999/1042/999
f 1008/1051/1008 1009/1052/1009 1001/1044/1001 1000/1043/1000
f 1009/1052/1009 937/980/937 929/972/929 1001/1044/1001
f 794/837/794 1017/1060/1017 1010/1053/1010 785/828/785
f 1017/1060/1017 1018/1061/1018 1011/1054/1011 1010/1053/1010
f 1018/1061/1018 1019/1062/1019 1012/1055/1012 1011/1054/1011
f 1019/1062/1019 1020/1063/1020 1013/1056/1013 1012/1055/1012
f 1020/1063/1020 1021/1064/1021 1014/1057/1014 1013/1056/1013
f 1021/1064/1021 1022/1065/1022 1015/1058/1015 1014/1057/1014
f 1022/1065/1022 1023/1066/1023 1016/1059/1016 1015/1058/1015
f 1023/1066/1023 946/989/946 938/981/938 1016/1059/1016
f 803/846/803 1024/1067/1024 1017/1060/1017 794/837/794
f 1024/1067/1024 1025/1068/1025 1018/1061/1018 1017/1060/1017
f 1025/1068/1025 1026/1069/1026 1019/1062/1019 1018/1061/1018
f 1026/1069/1026 1027/1070/1027 1020/1063/1020 1019/1062/1019
f 1027/1070/1027 1028/1071/1028 1021/1064/1021 1020/1063/1020
f 1028/1071/1028 1029/1072/1029 1022/1065/1022 1021/1064/1021
f 1029/1072/1029 1030/1073/1030 1023/1066/1023 1022/1065/1022
f 1030/1073/1030 954/997/954 946/989/946 1023/1066/1023
f 812/855/812 1031/1074/1031 1024/1067/1024 803/846/803
f 1031/1074/1031 1032/1075/1032 1025/1068/1025 1024/1067/1024
f 1032/1075/1032 1033/1076/1033 1026/1069/1026 1025/1068/1025
f 1033/1076/1033 1034/1077/1034 1027/1070/1027 1026/1069/1026
f 1034/1077/1034 1035/1078/1035 1028/1071/1028 1027/1070/1027
f 1035/1078/1035 1036/1079/1036 1029/1072/1029 1028/1071/1028
f 1036/1079/1036 1037/1080/1037 1030/1073/1030 1029/1072/1029
f 1037/1080/1037 962/1005/962 954/997/954 1030/1073/1030
f 821/864/821 1038/1081/1038 1031/1074/1031 812/855/812
f 1038/1081/1038 1039/1082/1039 1032/1075/1032 1031/1074/1031
f 1039/1082/1039 1040/1083/1040 1033/1076/1033 1032/1075/1032
f 1040/1083/1040 1041/1084/1041 1034/1077/1034 1033/1076/1033
f 1041/1084/1041 1042/1085/1042 1035/1078/1035 1034/1077/1034
f 1042/1085/1042 1043/1086/1043 1036/1079/1036 1035/1078/1035
f 1043/1086/1043 1044/1087/1044 1037/1080/1037 1036/1079/1036
f 1044/1087/1044 970/1013/970 962/1005/962 1037/1080/1037
f 830/873/830 1045/1088/1045 1038/1081/1038 821/864/821
f 1045/1088/1045 1046/1089/1046 1039/1082/1039 1038/1081/1038
f 1046/1089/1046 1047/1090/1047 1040/1083/1040 1039/1082/1039
f 1047/1090/1047 1048/1091/1048 1041/1084/1041 1040/1083/1040
f 1048/1091/1048 1049/1092/1049 1042/1085/1042 1041/1084/1041
f 1049/1092/1049 1050/1093/1050 1043/1086/1043 1042/1085/1042
f 1050/1093/1050 1051/1094/1051 1044/1087/1044 1043/1086/1043
f 1051/1094/1051 978/1021/978 970/1013/970 1044/1087/1044
f 839/882/839 1052/1095/1052 1045/1088/1045 830/873/830
f 1052/1095/1052 1053/1096/1053 1046/1089/1046 1045/1088/1045
f 1053/1096/1053 1054/1097/1054 1047/1090/1047 1046/1089/1046
f 1054/1097/1054 1055/1098/1055 1048/1091/1048 1047/1090/1047
f 1055/1098/1055 1056/1099/1056 1049/1092/1049 1048/1091/1048
f 1056/1099/1056 1057/1100/1057 1050/1093/1050 1049/1092/1049
f 1057/1100/1057 1058/1101/1058 1051/1094/1051 1050/1093/1050
f 1058/1101/1058 986/1029/986 978/1021/978 1051/1094/1051
f 848/891/848 1059/1102/1059 1052/1095/1052 839/882/839
f 1059/1102/1059 1060/1103/1060 1053/1096/1053 1052/1095/1052
f 1060/1103/1060 1061/1104/1061 1054/1097/1054 1053/1096/1053
f 1061/1104/1061 1062/1105/1062 1055/1098/1055 1054/1097/1054
f 1062/1105/1062 1063/1106/1063 1056/1099/1056 1055/1098/1055
f 1063/1106/1063 1064/1107/1064 1057/1100/1057 1056/1099/1056
f 1064/1107/1064 1065/1108/1065 1058/1101/1058 1057/1100/1057
f 1065/1108/1065 994/1037/994 986/1029/986 1058/1101/1058
f 857/900/857 1066/1109/1066 1059/1102/1059 848/891/848
f 1066/1109/1066 1067/1110/1067 1060/1103/1060 1059/1102/1059
f 1067/1110/1067 1068/1111/1068 1061/1104/1061 1060/1103/1060
f 1068/1111/1068 1069/1112/1069 1062/1105/1062 1061/1104/1061
f 1069/1112/1069 1070/1113/1070 1063/1106/1063 1062/1105/1062
f 1070/1113/1070 1071/1114/1071 1064/1107/1064 1063/1106/1063
f 1071/1114/1071 1072/1115/1072 1065/1108/1065 1064/1107/1064
f 1072/1115/1072 1002/1045/1002 994/1037/994 1065/1108/1065
f 858/1117/858 1074/1126/1074 1073/1125/1073 857/1116/857
f 859/1118/859 1075/1127/1075 1074/1126/1074 858/1117/858
f 860/1119/860 1076/1128/1076 1075/1127/1075 859/1118/859
f 861/1120/861 1077/1129/1077 1076/1128/1076 860/1119/860
f 862/1121/862 1078/1130/1078 1077/1129/1077 861/1120/861
f 863/1122/863 1079/1131/1079 1078/1130/1078 862/1121/862
f 864/1123/864 1080/1132/1080 1079/1131/1079 863/1122/863
f 865/1124/865 1081/1133/1081 1080/1132/1080 864/1123/864
f 1074/1126/1074 1083/1135/1083 1082/1134/1082 1073/1125/1073
f 1075/1127/1075 1084/1136/1084 1083/1135/1083 1074/1126/1074
f 1076/1128/1076 1085/1137/1085 1084/1136/1084 1075/1127/1075
f 1077/1129/1077 1086/1138/1086 1085/1137/1085 1076/1128/1076
f 1078/1130/1078 1087/1139/1087 1086/1138/1086 1077/1129/1077
f 1079/1131/1079 1088/1140/1088 1087/1139/1087 1078/1130/1078
f 1080/1132/1080 1089/1141/1089 1088/1140/1088 1079/1131/1079
f 1081/1133/1081 1090/1142/1090 1089/1141/1089 1080/1132/1080
f 1083/1135/1083 1092/1144/1092 1091/1143/1091 1082/1134/1082
f 1084/1136/1084 1093/1145/1093 1092/1144/1092 1083/1135/1083
f 1085/1137/1085 1094/1146/1094 1093/1145/1093 1084/1136/1084
f 1086/1138/1086 1095/1147/1095 1094/1146/1094 1085/1137/1085
f 1087/1139/1087 1096/1148/1096 1095/1147/1095 1086/1138/1086
f 1088/1140/1088 1097/1149/1097 1096/1148/1096 1087/1139/1087
f 1089/1141/1089 1098/1150/1098 1097/1149/1097 1088/1140/1088
f 1090/1142/1090 1099/1151/1099 1098/1150/1098 1089/1141/1089
f 1092/1144/1092 1101/1153/1101 1100/1152/1100 1091/1143/1091
f 1093/1145/1093 1102/1154/1102 1101/1153/1101 1092/1144/1092
f 1094/1146/1094 1103/1155/1103 1102/1154/1102 1093/1145/1093
f 1095/1147/1095 1104/1156/1104 1103/1155/1103 1094/1146/1094
f 1096/1148/1096 1105/1157/1105 1104/1156/1104 1095/1147/1095
f 1097/1149/1097 1106/1158/1106 1105/1157/1105 1096/1148/1096
f 1098/1150/1098 1107/1159/1107 1106/1158/1106 1097/1149/1097
f 1099/1151/1099 1108/1160/1108 1107/1159/1107 1098/1150/1098
f 1101/1153/1101 1110/1162/1110 1109/1161/1109 1100/1152/1100
f 1102/1154/1102 1111/1163/1111 1110/1162/1110 1101/1153/1101
f 1103/1155/1103 1112/1164/1112 1111/1163/1111 1102/1154/1102
f 1104/1156/1104 1113/1165/1113 1112/1164/1112 1103/1155/1103
f 1105/1157/1105 1114/1166/1114 1113/1165/1113 1104/1156/1104
f 1106/1158/1106 1115/1167/1115 1114/1166/1114 1105/1157/1105
f 1107/1159/1107 1116/1168/1116 1115/1167/1115 1106/1158/1106
f 1108/1160/1108 1117/1169/1117 1116/1168/1116 1107/1159/1107
f 1110/1162/1110 1119/1171/1119 1118/1170/1118 1109/1161/1109
f 1111/1163/1111 1120/1172/1120 1119/1171/1119 1110/1162/1110
f 1112/1164/1112 1121/1173/1121 1120/1172/1120 1111/1163/1111
f 1113/1165/1113 1122/1174/1122 1121/1173/1121 1112/1164/1112
f 1114/1166/1114 1123/1175/1123 1122/1174/1122 1113/1165/1113
f 1115/1167/1115 1124/1176/1124 1123/1175/1123 1114/1166/1114
f 1116/1168/1116 1125/1177/1125 1124/1176/1124 1115/1167/1115
f 1117/1169/1117 1126/1178/1126 1125/1177/1125 1116/1168/1116
f 1119/1171/1119 1128/1180/1128 1127/1179/1127 1118/1170/1118
f 1120/1172/1120 1129/1181/1129 1128/1180/1128 1119/1171/1119
f 1121/1173/1121 1130/1182/1130 1129/1181/1129 1120/1172/1120
f 1122/1174/1122 1131/1183/1131 1130/1182/1130 1121/1173/1121
f 1123/1175/1123 1132/1184/1132 1131/1183/1131 1122/1174/1122
f 1124/1176/1124 1133/1185/1133 1132/1184/1132 1123/1175/1123
f 1125/1177/1125 1134/1186/1134 1133/1185/1133 1124/1176/1124
f 1126/1178/1126 1135/1187/1135 1134/1186/1134 1125/1177/1125
f 1128/1180/1128 1137/1189/1137 1136/1188/1136 1127/1179/1127
f 1129/1181/1129 1138/1190/1138 1137/1189/1137 1128/1180/1128
f 1130/1182/1130 1139/1191/1139 1138/1190/1138 1129/1181/1129
f 1131/1183/1131 1140/1192/1140 1139/1191/1139 1130/1182/1130
f 1132/1184/1132 1141/1193/1141 1140/1192/1140 1131/1183/1131
f 1133/1185/1133 1142/1194/1142 1141/1193/1141 1132/1184/1132
f 1134/1186/1134 1143/1195/1143 1142/1194/1142 1133/1185/1133
f 1135/1187/1135 1144/1196/1144 1143/1195/1143 1134/1186/1134
f 930/1197/930 1145/1205/1145 1081/1133/1081 865/1124/865
f 931/1198/931 1146/1206/1146 1145/1205/1145 930/1197/930
f 932/1199/932 1147/1207/1147 1146/1206/1146 931/1198/931
f 933/1200/933 1148/1208/1148 1147/1207/1147 932/1199/932
f 934/1201/934 1149/1209/1149 1148/1208/1148 933/1200/933
f 935/1202/935 1150/1210/1150 1149/1209/1149 934/1201/934
f 936/1203/936 1151/1211/1151 1150/1210/1150 935/1202/935
f 937/1204/937 1152/1212/1152 1151/1211/1151 936/1203/936
f 1145/1205/1145 1153/1213/1153 1090/1142/1090 1081/1133/1081
f 1146/1206/1146 1154/1214/1154 1153/1213/1153 1145/1205/1145
f 1147/1207/1147 1155/1215/1155 1154/1214/1154 1146/1206/1146
f 1148/1208/1148 1156/1216/1156 1155/1215/1155 1147/1207/1147
f 1149/1209/1149 1157/1217/1157 1156/1216/1156 1148/1208/1148
f 1150/1210/1150 1158/1218/1158 1157/1217/1157 1149/1209/1149
f 1151/1211/1151 1159/1219/1159 1158/1218/1158 1150/1210/1150
f 1152/1212/1152 1160/1220/1160 1159/1219/1159 1151/1211/1151
f 1153/1213/1153 1161/1221/1161 1099/1151/1099 1090/1142/1090
f 1154/1214/1154 1162/1222/1162 1161/1221/1161 1153/1213/1153
f 1155/1215/1155 1163/1223/1163 1162/1222/1162 1154/1214/1154
f 1156/1216/1156 1164/1224/1164 1163/1223/1163 1155/1215/1155
f 1157/1217/1157 1165/1225/1165 1164/1224/1164 1156/1216/1156
f 1158/1218/1158 1166/1226/1166 1165/1225/1165 1157/1217/1157
f 1159/1219/1159 1167/1227/1167 1166/1226/1166 1158/1218/1158
f 1160/1220/1160 1168/1228/1168 1167/1227/1167 1159/1219/1159
f 1161/1221/1161 1169/1229/1169 1108/1160/1108 1099/1151/1099
f 1162/1222/1162 1170/1230/1170 1169/1229/1169 1161/1221/1161
f 1163/1223/1163 1171/1231/1171 1170/1230/1170 1162/1222/1162
f 1164/1224/1164 1172/1232/1172 1171/1231/1171 1163/1223/1163
f 1165/1225/1165 1173/1233/1173 1172/1232/1172 1164/1224/1164
f 1166/1226/1166 1174/1234/1174 1173/1233/1173 1165/1225/1165
f 1167/1227/1167 1175/1235/1175 1174/1234/1174 1166/1226/1166
f 1168/1228/1168 1176/1236/1176 1175/1235/1175 1167/1227/1167
f 1169/1229/1169 1177/1237/1177 1117/1169/1117 1108/1160/1108
f 1170/1230/1170 1178/1238/1178 1177/1237/1177 1169/1229/1169
f 1171/1231/1171 1179/1239/1179 1178/1238/1178 1170/1230/1170
f 1172/1232/1172 1180/1240/1180 1179/1239/1179 1171/1231/1171
f 1173/1233/1173 1181/1241/1181 1180/1240/1180 1172/1232/1172
f 1174/1234/1174 1182/1242/1182 1181/1241/1181 1173/1233/1173
f 1175/1235/1175 1183/1243/1183 1182/1242/1182 1174/1234/1174
f 1176/1236/1176 1184/1244/1184 1183/1243/1183 1175/1235/1175
f 1177/1237/1177 1185/1245/1185 1126/1178/1126 1117/1169/1117
f 1178/1238/1178 1186/1246/1186 1185/1245/1185 1177/1237/1177
f 1179/1239/1179 1187/1247/1187 1186/1246/1186 1178/1238/1178
f 1180/1240/1180 1188/1248/1188 1187/1247/1187 1179/1239/1179
f 1181/1241/1181 1189/1249/1189 1188/1248/1188 1180/1240/1180
f 1182/1242/1182 1190/1250/1190 1189/1249/1189 1181/1241/1181
f 1183/1243/1183 1191/1251/1191 1190/1250/1190 1182/1242/1182
f 1184/1244/1184 1192/1252/1192 1191/1251/1191 1183/1243/1183
f 1185/1245/1185 1193/1253/1193 1135/1187/1135 1126/1178/1126
f 1186/1246/1186 1194/1254/1194 1193/1253/1193 1185/1245/1185
f 1187/1247/1187 1195/1255/1195 1194/1254/1194 1186/1246/1186
f 1188/1248/1188 1196/1256/1196 1195/1255/1195 1187/1247/1187
f 1189/1249/1189 1197/1257/1197 1196/1256/1196 1188/1248/1188
f 1190/1250/1190 1198/1258/1198 1197/1257/1197 1189/1249/1189
f 1191/1251/1191 1199/1259/1199 1198/1258/1198 1190/1250/1190
f 1192/1252/1192 1200/1260/1200 1199/1259/1199 1191/1251/1191
f 1193/1253/1193 1201/1261/1201 1144/1196/1144 1135/1187/1135
f 1194/1254/1194 1202/1262/1202 1201/1261/1201 1193/1253/1193
f 1195/1255/1195 1203/1263/1203 1202/1262/1202 1194/1254/1194
f 1196/1256/1196 1204/1264/1204 1203/1263/1203 1195/1255/1195
f 1197/1257/1197 1205/1265/1205 1204/1264/1204 1196/1256/1196
f 1198/1258/1198 1206/1266/1206 1205/1265/1205 1197/1257/1197
f 1199/1259/1199 1207/1267/1207 1206/1266/1206 1198/1258/1198
f 1200/1260/1200 1208/1268/1208 1207/1267/1207 1199/1259/1199
f 1209/1277/1209 1210/1278/1210 1003/1270/1003 1002/1269/1002
f 1210/1278/1210 1211/1279/1211 1004/1271/1004 1003/1270/1003
f 1211/1279/1211 1212/1280/1212 1005/1272/1005 1004/1271/1004
f 1212/1280/1212 1213/1281/1213 1006/1273/1006 1005/1272/1005
f 1213/1281/1213 1214/1282/1214 1007/1274/1007 1006/1273/1006
f 1214/1282/1214 1215/1283/1215 1008/1275/1008 1007/1274/1007
f 1215/1283/1215 1216/1284/1216 1009/1276/1009 1008/1275/1008
f 1216/1284/1216 1152/1212/1152 937/1204/937 1009/1276/1009
f 1217/1285/1217 1218/1286/1218 1210/1278/1210 1209/1277/1209
f 1218/1286/1218 1219/1287/1219 1211/1279/1211 1210/1278/1210
f 1219/1287/1219 1220/1288/1220 1212/1280/1212 1211/1279/1211
f 1220/1288/1220 1221/1289/1221 1213/1281/1213 1212/1280/1212
f 1221/1289/1221 1222/1290/1222 1214/1282/1214 1213/1281/1213
f 1222/1290/1222 1223/1291/1223 1215/1283/1215 1214/1282/1214
f 1223/1291/1223 1224/1292/1224 1216/1284/1216 1215/1283/1215
f 1224/1292/1224 1160/1220/1160 1152/1212/1152 1216/1284/1216
f 1225/1293/1225 1226/1294/1226 1218/1286/1218 1217/1285/1217
f 1226/1294/1226 1227/1295/1227 1219/1287/1219 1218/1286/1218
f 1227/1295/1227 1228/1296/1228 1220/1288/1220 1219/1287/1219
f 1228/1296/1228 1229/1297/1229 1221/1289/1221 1220/1288/1220
f 1229/1297/1229 1230/1298/1230 1222/1290/1222 1221/1289/1221
f 1230/1298/1230 1231/1299/1231 1223/1291/1223 1222/1290/1222
f 1231/1299/1231 1232/1300/1232 1224/1292/1224 1223/1291/1223
f 1232/1300/1232 1168/1228/1168 1160/1220/1160 1224/1292/1224
f 1233/1301/1233 1234/1302/1234 1226/1294/1226 1225/1293/1225
f 1234/1302/1234 1235/1303/1235 1227/1295/1227 1226/1294/1226
f 1235/1303/1235 1236/1304/1236 1228/1296/1228 1227/1295/1227
f 1236/1304/1236 1237/1305/1237 1229/1297/1229 1228/1296/1228
f 1237/1305/1237 1238/1306/1238 1230/1298/1230 1229/1297/1229
f 1238/1306/1238 1239/1307/1239 1231/1299/1231 1230/1298/1230
f 1239/1307/1239 1240/1308/1240 1232/1300/1232 1231/1299/1231
f 1240/1308/1240 1176/1236/1176 1168/1228/1168 1232/1300/1232
f 1241/1309/1241 1242/1310/1242 1234/1302/1234 1233/1301/1233
f 1242/1310/1242 1243/1311/1243 1235/1303/1235 1234/1302/1234
f 1243/1311/1243 1244/1312/1244 1236/1304/1236 1235/1303/1235
f 1244/1312/1244 1245/1313/1245 1237/1305/1237 1236/1304/1236
f 1245/1313/1245 1246/1314/1246 1238/1306/1238 1237/1305/1237
f 1246/1314/1246 1247/1315/1247 1239/1307/1239 1238/1306/1238
f 1247/1315/1247 1248/1316/1248 1240/1308/1240 1239/1307/1239
f 1248/1316/1248 1184/1244/1184 1176/1236/1176 1240/1308/1240
f 1249/1317/1249 1250/1318/1250 1242/1310/1242 1241/1309/1241
f 1250/1318/1250 1251/1319/1251 1243/1311/1243 1242/1310/1242
f 1251/1319/1251 1252/1320/1252 1244/1312/1244 1243/1311/1243
f 1252/1320/1252 1253/1321/1253 1245/1313/1245 1244/1312/1244
f 1253/1321/1253 1254/1322/1254 1246/1314/1246 1245/1313/1245
f 1254/1322/1254 1255/1323/1255 1247/1315/1247 1246/1314/1246
f 1255/1323/1255 1256/1324/1256 1248/1316/1248 1247/1315/1247
f 1256/1324/1256 1192/1252/1192 1184/1244/1184 1248/1316/1248
f 1257/1325/1257 1258/1326/1258 1250/1318/1250 1249/1317/1249
f 1258/1326/1258 1259/1327/1259 1251/1319/1251 1250/1318/1250
f 1259/1327/1259 1260/1328/1260 1252/1320/1252 1251/1319/1251
f 1260/1328/1260 1261/1329/1261 1253/1321/1253 1252/1320/1252
f 1261/1329/1261 1262/1330/1262 1254/1322/1254 1253/1321/1253
f 1262/1330/1262 1263/1331/1263 1255/1323/1255 1254/1322/1254
f 1263/1331/1263 1264/1332/1264 1256/1324/1256 1255/1323/1255
f 1264/1332/1264 1200/1260/1200 1192/1252/1192 1256/1324/1256
f 1265/1333/1265 1266/1334/1266 1258/1326/1258 1257/1325/1257
f 1266/1334/1266 1267/1335/1267 1259/1327/1259 1258/1326/1258
f 1267/1335/1267 1268/1336/1268 1260/1328/1260 1259/1327/1259
f 1268/1336/1268 1269/1337/1269 1261/1329/1261 1260/1328/1260
f 1269/1337/1269 1270/1338/1270 1262/1330/1262 1261/1329/1261
f 1270/1338/1270 1271/1339/1271 1263/1331/1263 1262/1330/1262
f 1271/1339/1271 1272/1340/1272 1264/1332/1264 1263/1331/1263
f 1272/1340/1272 1208/1268/1208 1200/1260/1200 1264/1332/1264
f 1073/1125/1073 1273/1348/1273 1066/1341/1066 857/1116/857
f 1273/1348/1273 1274/1349/1274 1067/1342/1067 1066/1341/1066
f 1274/1349/1274 1275/1350/1275 1068/1343/1068 1067/1342/1067
f 1275/1350/1275 1276/1351/1276 1069/1344/1069 1068/1343/1068
f 1276/1351/1276 1277/1352/1277 1070/1345/1070 1069/1344/1069
f 1277/1352/1277 1278/1353/1278 1071/1346/1071 1070/1345/1070
f 1278/1353/1278 1279/1354/1279 1072/1347/1072 1071/1346/1071
f 1279/1354/1279 1209/1277/1209 1002/1269/1002 1072/1347/1072
f 1082/1134/1082 1280/1355/1280 1273/1348/1273 1073/1125/1073
f 1280/1355/1280 1281/1356/1281 1274/1349/1274 1273/1348/1273
f 1281/1356/1281 1282/1357/1282 1275/1350/1275 1274/1349/1274
f 1282/1357/1282 1283/1358/1283 1276/1351/1276 1275/1350/1275
f 1283/1358/1283 1284/1359/1284 1277/1352/1277 1276/1351/1276
f 1284/1359/1284 1285/1360/1285 1278/1353/1278 1277/1352/1277
f 1285/1360/1285 1286/1361/1286 1279/1354/1279 1278/1353/1278
f 1286/1361/1286 1217/1285/1217 1209/1277/1209 1279/1354/1279
f 1091/1143/1091 1287/1362/1287 1280/1355/1280 1082/1134/1082
f 1287/1362/1287 1288/1363/1288 1281/1356/1281 1280/1355/1280
f 1288/1363/1288 1289/1364/1289 1282/1357/1282 1281/1356/1281
f 1289/1364/1289 1290/1365/1290 1283/1358/1283 1282/1357/1282
f 1290/1365/1290 1291/1366/1291 1284/1359/1284 1283/1358/1283
f 1291/1366/1291 1292/1367/1292 1285/1360/1285 1284/1359/1284
f 1292/1367/1292 1293/1368/1293 1286/1361/1286 1285/1360/1285
f 1293/1368/1293 1225/1293/1225 1217/1285/1217 1286/1361/1286
f 1100/1152/1100 1294/1369/1294 1287/1362/1287 1091/1143/1091
f 1294/1369/1294 1295/1370/1295 1288/1363/1288 1287/1362/1287
f 1295/1370/1295 1296/1371/1296 1289/1364/1289 1288/1363/1288
f 1296/1371/1296 1297/1372/1297 1290/1365/1290 1289/1364/1289
f 1297/1372/1297 1298/1373/1298 1291/1366/1291 1290/1365/1290
f 1298/1373/1298 1299/1374/1299 1292/1367/1292 1291/1366/1291
f 1299/1374/1299 1300/1375/1300 1293/1368/1293 1292/1367/1292
f 1300/1375/1300 1233/1301/1233 1225/1293/1225 1293/1368/1293
f 1109/1161/1109 1301/1376/1301 1294/1369/1294 1100/1152/1100
f 1301/1376/1301 1302/1377/1302 1295/1370/1295 1294/1369/1294
f 1302/1377/1302 1303/1378/1303 1296/1371/1296 1295/1370/1295
f 1303/1378/1303 1304/1379/1304 1297/1372/1297 1296/1371/1296
f 1304/1379/1304 1305/1380/1305 1298/1373/1298 1297/1372/1297
f 1305/1380/1305 1306/1381/1306 1299/1374/1299 1298/1373/1298
f 1306/1381/1306 1307/1382/1307 1300/1375/1300 1299/1374/1299
f 1307/1382/1307 1241/1309/1241 1233/1301/1233 1300/1375/1300
f 1118/1170/1118 1308/1383/1308 1301/1376/1301 1109/1161/1109
f 1308/1383/1308 1309/1384/1309 1302/1377/1302 1301/1376/1301
f 1309/1384/1309 1310/1385/1310 1303/1378/1303 1302/1377/1302
f 1310/1385/1310 1311/1386/1311 1304/1379/1304 1303/1378/1303
f 1311/1386/1311 1312/1387/1312 1305/1380/1305 1304/1379/1304
f 1312/1387/1312 1313/1388/1313 1306/1381/1306 1305/1380/1305
f 1313/1388/1313 1314/1389/1314 1307/1382/1307 1306/1381/1306
f 1314/1389/1314 1249/1317/1249 1241/1309/1241 1307/1382/1307
f 1127/1179/1127 1315/1390/1315 1308/1383/1308 1118/1170/1118
f 1315/1390/1315 1316/1391/1316 1309/1384/1309 1308/1383/1308
f 1316/1391/1316 1317/1392/1317 1310/1385/1310 1309/1384/1309
f 1317/1392/1317 1318/1393/1318 1311/1386/1311 1310/1385/1310
f 1318/1393/1318 1319/1394/1319 1312/1387/1312 1311/1386/1311
f 1319/1394/1319 1320/1395/1320 1313/1388/1313 1312/1387/1312
f 1320/1395/1320 1321/1396/1321 1314/1389/1314 1313/1388/1313
f 1321/1396/1321 1257/1325/1257 1249/1317/1249 1314/1389/1314
f 1136/1188/1136 1322/1397/1322 1315/1390/1315 1127/1179/1127
f 1322/1397/1322 1323/1398/1323 1316/1391/1316 1315/1390/1315
f 1323/1398/1323 1324/1399/1324 1317/1392/1317 1316/1391/1316
f 1324/1399/1324 1325/1400/1325 1318/1393/1318 1317/1392/1317
f 1325/1400/1325 1326/1401/1326 1319/1394/1319 1318/1393/1318
f 1326/1401/1326 1327/1402/1327 1320/1395/1320 1319/1394/1319
f 1327/1402/1327 1328/1403/1328 1321/1396/1321 1320/1395/1320
f 1328/1403/1328 1265/1333/1265 1257/1325/1257 1321/1396/1321
f 1330/1405/1330 1339/1414/1339 1338/1413/1338 1329/1404/1329
f 1331/1406/1331 1340/1415/1340 1339/1414/1339 1330/1405/1330
f 1332/1407/1332 1341/1416/1341 1340/1415/1340 1331/1406/1331
f 1333/1408/1333 1342/1417/1342 1341/1416/1341 1332/1407/1332
f 1334/1409/1334 1343/1418/1343 1342/1417/1342 1333/1408/1333
f 1335/1410/1335 1344/1419/1344 1343/1418/1343 1334/1409/1334
f 1336/1411/1336 1345/1420/1345 1344/1419/1344 1335/1410/1335
f 1337/1412/1337 1346/1421/1346 1345/1420/1345 1336/1411/1336
f 1339/1414/1339 1348/1423/1348 1347/1422/1347 1338/1413/1338
f 1340/1415/1340 1349/1424/1349 1348/1423/1348 1339/1414/1339
f 1341/1416/1341 1350/1425/1350 1349/1424/1349 1340/1415/1340
f 1342/1417/1342 1351/1426/1351 1350/1425/1350 1341/1416/1341
f 1343/1418/1343 1352/1427/1352 1351/1426/1351 1342/1417/1342
f 1344/1419/1344 1353/1428/1353 1352/1427/1352 1343/1418/1343
f 1345/1420/1345 1354/1429/1354 1353/1428/1353 1344/1419/1344
f 1346/1421/1346 1355/1430/1355 1354/1429/1354 1345/1420/1345
f 1348/1423/1348 1357/1432/1357 1356/1431/1356 1347/1422/1347
f 1349/1424/1349 1358/1433/1358 1357/1432/1357 1348/1423/1348
f 1350/1425/1350 1359/1434/1359 1358/1433/1358 1349/1424/1349
f 1351/1426/1351 1360/1435/1360 1359/1434/1359 1350/1425/1350
f 1352/1427/1352 1361/1436/1361 1360/1435/1360 1351/1426/1351
f 1353/1428/1353 1362/1437/1362 1361/1436/1361 1352/1427/1352
f 1354/1429/1354 1363/1438/1363 1362/1437/1362 1353/1428/1353
f 1355/1430/1355 1364/1439/1364 1363/1438/1363 1354/1429/1354
f 1357/1432/1357 1366/1441/1366 1365/1440/1365 1356/1431/1356
f 1358/1433/1358 1367/1442/1367 1366/1441/1366 1357/1432/1357
f 1359/1434/1359 1368/1443/1368 1367/1442/1367 1358/1433/1358
f 1360/1435/1360 1369/1444/1369 1368/1443/1368 1359/1434/1359
f 1361/1436/1361 1370/1445/1370 1369/1444/1369 1360/1435/1360
f 1362/1437/1362 1371/1446/1371 1370/1445/1370 1361/1436/1361
f 1363/1438/1363 1372/1447/1372 1371/1446/1371 1362/1437/1362
f 1364/1439/1364 1373/1448/1373 1372/1447/1372 1363/1438/1363
f 1366/1441/1366 1375/1450/1375 1374/1449/1374 1365/1440/1365
f 1367/1442/1367 1376/1451/1376 1375/1450/1375 1366/1441/1366
f 1368/1443/1368 1377/1452/1377 1376/1451/1376 1367/1442/1367
f 1369/1444/1369 1378/1453/1378 1377/1452/1377 1368/1443/1368
f 1370/1445/1370 1379/1454/1379 1378/1453/1378 1369/1444/1369
f 1371/1446/1371 1380/1455/1380 1379/1454/1379 1370/1445/1370
f 1372/1447/1372 1381/1456/1381 1380/1455/1380 1371/1446/1371
f 1373/1448/1373 1382/1457/1382 1381/1456/1381 1372/1447/1372
f 1375/1450/1375 1384/1459/1384 1383/1458/1383 1374/1449/1374
f 1376/1451/1376 1385/1460/1385 1384/1459/1384 1375/1450/1375
f 1377/1452/1377 1386/1461/1386 1385/1460/1385 1376/1451/1376
f 1378/1453/1378 1387/1462/1387 1386/1461/1386 1377/1452/1377
f 1379/1454/1379 1388/1463/1388 1387/1462/1387 1378/1453/1378
f 1380/1455/1380 1389/1464/1389 1388/1463/1388 1379/1454/1379
f 1381/1456/1381 1390/1465/1390 1389/1464/1389 1380/1455/1380
f 1382/1457/1382 1391/1466/1391 1390/1465/1390 1381/1456/1381
f 1384/1459/1384 1393/1468/1393 1392/1467/1392 1383/1458/1383
f 1385/1460/1385 1394/1469/1394 1393/1468/1393 1384/1459/1384
f 1386/1461/1386 1395/1470/1395 1394/1469/1394 1385/1460/1385
f 1387/1462/1387 1396/1471/1396 1395/1470/1395 1386/1461/1386
f 1388/1463/1388 1397/1472/1397 1396/1471/1396 1387/1462/1387
f 1389/1464/1389 1398/1473/1398 1397/1472/1397 1388/1463/1388
f 1390/1465/1390 1399/1474/1399 1398/1473/1398 1389/1464/1389
f 1391/1466/1391 1400/1475/1400 1399/1474/1399 1390/1465/1390
f 1393/1468/1393 1402/1477/1402 1401/1476/1401 1392/1467/1392
f 1394/1469/1394 1403/1478/1403 1402/1477/1402 1393/1468/1393
f 1395/1470/1395 1404/1479/1404 1403/1478/1403 1394/1469/1394
f 1396/1471/1396 1405/1480/1405 1404/1479/1404 1395/1470/1395
f 1397/1472/1397 1406/1481/1406 1405/1480/1405 1396/1471/1396
f 1398/1473/1398 1407/1482/1407 1406/1481/1406 1397/1472/1397
f 1399/1474/1399 1408/1483/1408 1407/1482/1407 1398/1473/1398
f 1400/1475/1400 1409/1484/1409 1408/1483/1408 1399/1474/1399
f 1410/1485/1410 1418/1493/1418 1346/1421/1346 1337/1412/1337
f 1411/1486/1411 1419/1494/1419 1418/1493/1418 1410/1485/1410
f 1412/1487/1412 1420/1495/1420 1419/1494/1419 1411/1486/1411
f 1413/1488/1413 1421/1496/1421 1420/1495/1420 1412/1487/1412
f 1414/1489/1414 1422/1497/1422 1421/1496/1421 1413/1488/1413
f 1415/1490/1415 1423/1498/1423 1422/1497/1422 1414/1489/1414
f 1416/1491/1416 1424/1499/1424 1423/1498/1423 1415/1490/1415
f 1417/1492/1417 1425/1500/1425 1424/1499/1424 1416/1491/1416
f 1418/1493/1418 1426/1501/1426 1355/1430/1355 1346/1421/1346
f 1419/1494/1419 1427/1502/1427 1426/1501/1426 1418/1493/1418
f 1420/1495/1420 1428/1503/1428 1427/1502/1427 1419/1494/1419
f 1421/1496/1421 1429/1504/1429 1428/1503/1428 1420/1495/1420
f 1422/1497/1422 1430/1505/1430 1429/1504/1429 1421/1496/1421
f 1423/1498/1423 1431/1506/1431 1430/1505/1430 1422/1497/1422
f 1424/1499/1424 1432/1507/1432 1431/1506/1431 1423/1498/1423
f 1425/1500/1425 1433/1508/1433 1432/1507/1432 1424/1499/1424
f 1426/1501/1426 1434/1509/1434 1364/1439/1364 1355/1430/1355
f 1427/1502/1427 1435/1510/1435 1434/1509/1434 1426/1501/1426
f 1428/1503/1428 1436/1511/1436 1435/1510/1435 1427/1502/1427
f 1429/1504/1429 1437/1512/1437 1436/1511/1436 1428/1503/1428
f 1430/1505/1430 1438/1513/1438 1437/1512/1437 1429/1504/1429
f 1431/1506/1431 1439/1514/1439 1438/1513/1438 1430/1505/1430
f 1432/1507/1432 1440/1515/1440 1439/1514/1439 1431/1506/1431
f 1433/1508/1433 1441/1516/1441 1440/1515/1440 1432/1507/1432
f 1434/1509/1434 1442/1517/1442 1373/1448/1373 1364/1439/1364
f 1435/1510/1435 1443/1518/1443 1442/1517/1442 1434/1509/1434
f 1436/1511/1436 1444/1519/1444 1443/1518/1443 1435/1510/1435
f 1437/1512/1437 1445/1520/1445 1444/1519/1444 1436/1511/1436
f 1438/1513/1438 1446/1521/1446 1445/1520/1445 1437/1512/1437
f 1439/1514/1439 1447/1522/1447 1446/1521/1446 1438/1513/1438
f 1440/1515/1440 1448/1523/1448 1447/1522/1447 1439/1514/1439
f 1441/1516/1441 1449/1524/1449 1448/1523/1448 1440/1515/1440
f 1442/1517/1442 1450/1525/1450 1382/1457/1382 1373/1448/1373
f 1443/1518/1443 1451/1526/1451 1450/1525/1450 1442/1517/1442
f 1444/1519/1444 1452/1527/1452 1451/1526/1451 1443/1518/1443
f 1445/1520/1445 1453/1528/1453 1452/1527/1452 1444/1519/1444
f 1446/1521/1446 1454/1529/1454 1453/1528/1453 1445/1520/1445
f 1447/1522/1447 1455/1530/1455 1454/1529/1454 1446/1521/1446
f 1448/1523/1448 1456/1531/1456 1455/1530/1455 1447/1522/1447
f 1449/1524/1449 1457/1532/1457 1456/1531/1456 1448/1523/1448
f 1450/1525/1450 1458/1533/1458 1391/1466/1391 1382/1457/1382
f 1451/1526/1451 1459/1534/1459 1458/1533/1458 1450/1525/1450
f 1452/1527/1452 1460/1535/1460 1459/1534/1459 1451/1526/1451
f 1453/1528/1453 1461/1536/1461 1460/1535/1460 1452/1527/1452
f 1454/1529/1454 1462/1537/1462 1461/1536/1461 1453/1528/1453
f 1455/1530/1455 1463/1538/1463 1462/1537/1462 1454/1529/1454
f 1456/1531/1456 1464/1539/1464 1463/1538/1463 1455/1530/1455
f 1457/1532/1457 1465/1540/1465 1464/1539/1464 1456/1531/1456
f 1458/1533/1458 1466/1541/1466 1400/1475/1400 1391/1466/1391
f 1459/1534/1459 1467/1542/1467 1466/1541/1466 1458/1533/1458
f 1460/1535/1460 1468/1543/1468 1467/1542/1467 1459/1534/1459
f 1461/1536/1461 1469/1544/1469 1468/1543/1468 1460/1535/1460
f 1462/1537/1462 1470/1545/1470 1469/1544/1469 1461/1536/1461
f 1463/1538/1463 1471/1546/1471 1470/1545/1470 1462/1537/1462
f 1464/1539/1464 1472/1547/1472 1471/1546/1471 1463/1538/1463
f 1465/1540/1465 1473/1548/1473 1472/1547/1472 1464/1539/1464
f 1466/1541/1466 1474/1549/1474 1409/1484/1409 1400/1475/1400
f 1467/1542/1467 1475/1550/1475 1474/1549/1474 1466/1541/1466
f 1468/1543/1468 1476/1551/1476 1475/1550/1475 1467/1542/1467
f 1469/1544/1469 1477/1552/1477 1476/1551/1476 1468/1543/1468
f 1470/1545/1470 1478/1553/1478 1477/1552/1477 1469/1544/1469
f 1471/1546/1471 1479/1554/1479 1478/1553/1478 1470/1545/1470
f 1472/1547/1472 1480/1555/1480 1479/1554/1479 1471/1546/1471
f 1473/1548/1473 1481/1556/1481 1480/1555/1480 1472/1547/1472
f 1490/1565/1490 1491/1566/1491 1483/1558/1483 1482/1557/1482
f 1491/1566/1491 1492/1567/1492 1484/1559/1484 1483/1558/1483
f 1492/1567/1492 1493/1568/1493 1485/1560/1485 1484/1559/1484
f 1493/1568/1493 1494/1569/1494 1486/1561/1486 1485/1560/1485
f 1494/1569/1494 1495/1570/1495 1487/1562/1487 1486/1561/1486
f 1495/1570/1495 1496/1571/1496 1488/1563/1488 1487/1562/1487
f 1496/1571/1496 1497/1572/1497 1489/1564/1489 1488/1563/1488
f 1497/1572/1497 1425/1500/1425 1417/1492/1417 1489/1564/1489
f 1498/1573/1498 1499/1574/1499 1491/1566/1491 1490/1565/1490
f 1499/1574/1499 1500/1575/1500 1492/1567/1492 1491/1566/1491
f 1500/1575/1500 1501/1576/1501 1493/1568/1493 1492/1567/1492
f 1501/1576/1501 1502/1577/1502 1494/1569/1494 1493/1568/1493
f 1502/1577/1502 1503/1578/1503 1495/1570/1495 1494/1569/1494
f 1503/1578/1503 1504/1579/1504 1496/1571/1496 1495/1570/1495
f 1504/1579/1504 1505/1580/1505 1497/1572/1497 1496/1571/1496
f 1505/1580/1505 1433/1508/1433 1425/1500/1425 1497/1572/1497
f 1506/1581/1506 1507/1582/1507 1499/1574/1499 1498/1573/1498
f 1507/1582/1507 1508/1583/1508 1500/1575/1500 1499/1574/1499
f 1508/1583/1508 1509/1584/1509 1501/1576/1501 1500/1575/1500
f 1509/1584/1509 1510/1585/1510 1502/1577/1502 1501/1576/1501
f 1510/1585/1510 1511/1586/1511 1503/1578/1503 1502/1577/1502
f 1511/1586/1511 1512/1587/1512 1504/1579/1504 1503/1578/1503
f 1512/1587/1512 1513/1588/1513 1505/1580/1505 1504/1579/1504
f 1513/1588/1513 1441/1516/1441 1433/1508/1433 1505/1580/1505
f 1514/1589/1514 1515/1590/1515 1507/1582/1507 1506/1581/1506
f 1515/1590/1515 1516/1591/1516 1508/1583/1508 1507/1582/1507
f 1516/1591/1516 1517/1592/1517 1509/1584/1509 1508/1583/1508
f 1517/1592/1517 1518/1593/1518 1510/1585/1510 1509/1584/1509
f 1518/1593/1518 1519/1594/1519 1511/1586/1511 1510/1585/1510
f 1519/1594/1519 1520/1595/1520 1512/1587/1512 1511/1586/1511
f 1520/1595/1520 1521/1596/1521 1513/1588/1513 1512/1587/1512
f 1521/1596/1521 1449/1524/1449 1441/1516/1441 1513/1588/1513
f 1522/1597/1522 1523/1598/1523 1515/1590/1515 1514/1589/1514
f 1523/1598/1523 1524/1599/1524 1516/1591/1516 1515/1590/1515
f 1524/1599/1524 1525/1600/1525 1517/1592/1517 1516/1591/1516
f 1525/1600/1525 1526/1601/1526 1518/1593/1518 1517/1592/1517
f 1526/1601/1526 1527/1602/1527 1519/1594/1519 1518/1593/1518
f 1527/1602/1527 1528/1603/1528 1520/1595/1520 1519/1594/1519
f 1528/1603/1528 1529/1604/1529 1521/1596/1521 1520/1595/1520
f 1529/1604/1529 1457/1532/1457 1449/1524/1449 1521/1596/1521
f 1530/1605/1530 1531/1606/1531 1523/1598/1523 1522/1597/1522
f 1531/1606/1531 1532/1607/1532 1524/1599/1524 1523/1598/1523
f 1532/1607/1532 1533/1608/1533 1525/1600/1525 1524/1599/1524
f 1533/1608/1533 1534/1609/1534 1526/1601/1526 1525/1600/1525
f 1534/1609/1534 1535/1610/1535 1527/1602/1527 1526/1601/1526
f 1535/1610/1535 1536/1611/1536 1528/1603/1528 1527/1602/1527
f 1536/1611/1536 1537/1612/1537 1529/1604/1529 1528/1603/1528
f 1537/1612/1537 1465/1540/1465 1457/1532/1457 1529/1604/1529
f 1538/1613/1538 1539/1614/1539 1531/1606/1531 1530/1605/1530
f 1539/1614/1539 1540/1615/1540 1532/1607/1532 1531/1606/1531
f 1540/1615/1540 1541/1616/1541 1533/1608/1533 1532/1607/1532
f 1541/1616/1541 1542/1617/1542 1534/1609/1534 1533/1608/1533
f 1542/1617/1542 1543/1618/1543 1535/1610/1535 1534/1609/1534
f 1543/1618/1543 1544/1619/1544 1536/1611/1536 1535/1610/1535
f 1544/1619/1544 1545/1620/1545 1537/1612/1537 1536/1611/1536
f 1545/1620/1545 1473/1548/1473 1465/1540/1465 1537/1612/1537
f 1546/1621/1546 1547/1622/1547 1539/1614/1539 1538/1613/1538
f 1547/1622/1547 1548/1623/1548 1540/1615/1540 1539/1614/1539
f 1548/1623/1548 1549/1624/1549 1541/1616/1541 1540/1615/1540
f 1549/1624/1549 1550/1625/1550 1542/1617/1542 1541/1616/1541
f 1550/1625/1550 1551/1626/1551 1543/1618/1543 1542/1617/1542
f 1551/1626/1551 1552/1627/1552 1544/1619/1544 1543/1618/1543
f 1552/1627/1552 1553/1628/1553 1545/1620/1545 1544/1619/1544
f 1553/1628/1553 1481/1556/1481 1473/1548/1473 1545/1620/1545
f 1338/1637/1338 1561/1638/1561 1554/1630/1554 1329/1629/1329
f 1561/1638/1561 1562/1639/1562 1555/1631/1555 1554/1630/1554
f 1562/1639/1562 1563/1640/1563 1556/1632/1556 1555/1631/1555
f 1563/1640/1563 1564/1641/1564 1557/1633/1557 1556/1632/1556
f 1564/1641/1564 1565/1642/1565 1558/1634/1558 1557/1633/1557
f 1565/1642/1565 1566/1643/1566 1559/1635/1559 1558/1634/1558
f 1566/1643/1566 1567/1644/1567 1560/1636/1560 1559/1635/1559
f 1567/1644/1567 1490/1565/1490 1482/1557/1482 1560/1636/1560
f 1347/1645/1347 1568/1646/1568 1561/1638/1561 1338/1637/1338
f 1568/1646/1568 1569/1647/1569 1562/1639/1562 1561/1638/1561
f 1569/1647/1569 1570/1648/1570 1563/1640/1563 1562/1639/1562
f 1570/1648/1570 1571/1649/1571 1564/1641/1564 1563/1640/1563
f 1571/1649/1571 1572/1650/1572 1565/1642/1565 1564/1641/1564
f 1572/1650/1572 1573/1651/1573 1566/1643/1566 1565/1642/1565
f 1573/1651/1573 1574/1652/1574 1567/1644/1567 1566/1643/1566
f 1574/1652/1574 1498/1573/1498 1490/1565/1490 1567/1644/1567
f 1356/1653/1356 1575/1654/1575 1568/1646/1568 1347/1645/1347
f 1575/1654/1575 1576/1655/1576 1569/1647/1569 1568/1646/1568
f 1576/1655/1576 1577/1656/1577 1570/1648/1570 1569/1647/1569
f 1577/1656/1577 1578/1657/1578 1571/1649/1571 1570/1648/1570
f 1578/1657/1578 1579/1658/1579 1572/1650/1572 1571/1649/1571
f 1579/1658/1579 1580/1659/1580 1573/1651/1573 1572/1650/1572
f 1580/1659/1580 1581/1660/1581 1574/1652/1574 1573/1651/1573
f 1581/1660/1581 1506/1581/1506 1498/1573/1498 1574/1652/1574
f 1365/1661/1365 1582/1662/1582 1575/1654/1575 1356/1653/1356
f 1582/1662/1582 1583/1663/1583 1576/1655/1576 1575/1654/1575
f 1583/1663/1583 1584/1664/1584 1577/1656/1577 1576/1655/1576
f 1584/1664/1584 1585/1665/1585 1578/1657/1578 1577/1656/1577
f 1585/1665/1585 1586/1666/1586 1579/1658/1579 1578/1657/1578
f 1586/1666/1586 1587/1667/1587 1580/1659/1580 1579/1658/1579
f 1587/1667/1587 1588/1668/1588 1581/1660/1581 1580/1659/1580
f 1588/1668/1588 1514/1589/1514 1506/1581/1506 1581/1660/1581
f 1374/1669/1374 1589/1670/1589 1582/1662/1582 1365/1661/1365
f 1589/1670/1589 1590/1671/1590 1583/1663/1583 1582/1662/1582
f 1590/1671/1590 1591/1672/1591 1584/1664/1584 1583/1663/1583
f 1591/1672/1591 1592/1673/1592 1585/1665/1585 1584/1664/1584
f 1592/1673/1592 1593/1674/1593 1586/1666/1586 1585/1665/1585
f 1593/1674/1593 1594/1675/1594 1587/1667/1587 1586/1666/1586
f 1594/1675/1594 1595/1676/1595 1588/1668/1588 1587/1667/1587
f 1595/1676/1595 1522/1597/1522 1514/1589/1514 1588/1668/1588
f 1383/1677/1383 1596/1678/1596 1589/1670/1589 1374/1669/1374
f 1596/1678/1596 1597/1679/1597 1590/1671/1590 1589/1670/1589
f 1597/1679/1597 1598/1680/1598 1591/1672/1591 1590/1671/1590
f 1598/1680/1598 1599/1681/1599 1592/1673/1592 1591/1672/1591
f 1599/1681/1599 1600/1682/1600 1593/1674/1593 1592/1673/1592
f 1600/1682/1600 1601/1683/1601 1594/1675/1594 1593/1674/1593
f 1601/1683/1601 1602/1684/1602 1595/1676/1595 1594/1675/1594
f 1602/1684/1602 1530/1605/1530 1522/1597/1522 1595/1676/1595
f 1392/1685/1392 1603/1686/1603 1596/1678/1596 1383/1677/1383
f 1603/1686/1603 1604/1687/1604 1597/1679/1597 1596/1678/1596
f 1604/1687/1604 1605/1688/1605 1598/1680/1598 1597/1679/1597
f 1605/1688/1605 1606/1689/1606 1599/1681/1599 1598/1680/1598
f 1606/1689/1606 1607/1690/1607 1600/1682/1600 1599/1681/1599
f 1607/1690/1607 1608/1691/1608 1601/1683/1601 1600/1682/1600
f 1608/1691/1608 1609/1692/1609 1602/1684/1602 1601/1683/1601
f 1609/1692/1609 1538/1613/1538 1530/1605/1530 1602/1684/1602
f 1401/1693/1401 1610/1694/1610 1603/1686/1603 1392/1685/1392
f 1610/1694/1610 1611/1695/1611 1604/1687/1604 1603/1686/1603
f 1611/1695/1611 1612/1696/1612 1605/1688/1605 1604/1687/1604
f 1612/1696/1612 1613/1697/1613 1606/1689/1606 1605/1688/1605
f 1613/1697/1613 1614/1698/1614 1607/1690/1607 1606/1689/1606
f 1614/1698/1614 1615/1699/1615 1608/1691/1608 1607/1690/1607
f 1615/1699/1615 1616/1700/1616 1609/1692/1609 1608/1691/1608
f 1616/1700/1616 1546/1621/1546 1538/1613/1538 1609/1692/1609
f 1403/1478/1403 1618/1702/1618 1617/1701/1617 1402/1477/1402
f 1404/1479/1404 1619/1703/1619 1618/1702/1618 1403/1478/1403
f 1405/1480/1405 1620/1704/1620 1619/1703/1619 1404/1479/1404
f 1406/1481/1406 1621/1705/1621 1620/1704/1620 1405/1480/1405
f 1407/1482/1407 1622/1706/1622 1621/1705/1621 1406/1481/1406
f 1408/1483/1408 1623/1707/1623 1622/1706/1622 1407/1482/1407
f 1409/1484/1409 1624/1708/1624 1623/1707/1623 1408/1483/1408
f 1618/1702/1618 1626/1710/1626 1625/1709/1625 1617/1701/1617
f 1619/1703/1619 1627/1711/1627 1626/1710/1626 1618/1702/1618
f 1620/1704/1620 1628/1712/1628 1627/1711/1627 1619/1703/1619
f 1621/1705/1621 1629/1713/1629 1628/1712/1628 1620/1704/1620
f 1622/1706/1622 1630/1714/1630 1629/1713/1629 1621/1705/1621
f 1623/1707/1623 1631/1715/1631 1630/1714/1630 1622/1706/1622
f 1624/1708/1624 1632/1716/1632 1631/1715/1631 1623/1707/1623
f 1626/1710/1626 1635/1719/1635 1634/1718/1634 1625/1709/1625
f 1627/1711/1627 1636/1720/1636 1635/1719/1635 1626/1710/1626
f 1628/1712/1628 1637/1721/1637 1636/1720/1636 1627/1711/1627
f 1629/1713/1629 1638/1722/1638 1637/1721/1637 1628/1712/1628
f 1630/1714/1630 1639/1723/1639 1638/1722/1638 1629/1713/1629
f 1631/1715/1631 1640/1724/1640 1639/1723/1639 1630/1714/1630
f 1632/1716/1632 1641/1725/1641 1640/1724/1640 1631/1715/1631
f 1634/1718/1634 1643/1727/1643 1642/1726/1642 1633/1717/1633
f 1635/1719/1635 1644/1728/1644 1643/1727/1643 1634/1718/1634
f 1636/1720/1636 1645/1729/1645 1644/1728/1644 1635/1719/1635
f 1637/1721/1637 1646/1730/1646 1645/1729/1645 1636/1720/1636
f 1638/1722/1638 1647/1731/1647 1646/1730/1646 1637/1721/1637
f 1639/1723/1639 1648/1732/1648 1647/1731/1647 1638/1722/1638
f 1640/1724/1640 1649/1733/1649 1648/1732/1648 1639/1723/1639
f 1641/1725/1641 1650/1734/1650 1649/1733/1649 1640/1724/1640
f 1643/1727/1643 1652/1736/1652 1651/1735/1651 1642/1726/1642
f 1644/1728/1644 1653/1737/1653 1652/1736/1652 1643/1727/1643
f 1645/1729/1645 1654/1738/1654 1653/1737/1653 1644/1728/1644
f 1646/1730/1646 1655/1739/1655 1654/1738/1654 1645/1729/1645
f 1647/1731/1647 1656/1740/1656 1655/1739/1655 1646/1730/1646
f 1648/1732/1648 1657/1741/1657 1656/1740/1656 1647/1731/1647
f 1649/1733/1649 1658/1742/1658 1657/1741/1657 1648/1732/1648
f 1650/1734/1650 1659/1743/1659 1658/1742/1658 1649/1733/1649
f 1652/1736/1652 1661/1745/1661 1660/1744/1660 1651/1735/1651
f 1653/1737/1653 1662/1746/1662 1661/1745/1661 1652/1736/1652
f 1654/1738/1654 1663/1747/1663 1662/1746/1662 1653/1737/1653
f 1655/1739/1655 1664/1748/1664 1663/1747/1663 1654/1738/1654
f 1656/1740/1656 1665/1749/1665 1664/1748/1664 1655/1739/1655
f 1657/1741/1657 1666/1750/1666 1665/1749/1665 1656/1740/1656
f 1658/1742/1658 1667/1751/1667 1666/1750/1666 1657/1741/1657
f 1659/1743/1659 1668/1752/1668 1667/1751/1667 1658/1742/1658
f 1661/1745/1661 1670/1754/1670 1669/1753/1669 1660/1744/1660
f 1662/1746/1662 1671/1755/1671 1670/1754/1670 1661/1745/1661
f 1663/1747/1663 1672/1756/1672 1671/1755/1671 1662/1746/1662
f 1664/1748/1664 1673/1757/1673 1672/1756/1672 1663/1747/1663
f 1665/1749/1665 1674/1758/1674 1673/1757/1673 1664/1748/1664
f 1666/1750/1666 1675/1759/1675 1674/1758/1674 1665/1749/1665
f 1667/1751/1667 1676/1760/1676 1675/1759/1675 1666/1750/1666
f 1668/1752/1668 1677/1761/1677 1676/1760/1676 1667/1751/1667
f 1671/1755/1671 1679/1763/1679 1678/1762/1678 1670/1754/1670
f 1672/1756/1672 1680/1764/1680 1679/1763/1679 1671/1755/1671
f 1673/1757/1673 1681/1765/1681 1680/1764/1680 1672/1756/1672
f 1674/1758/1674 1682/1766/1682 1681/1765/1681 1673/1757/1673
f 1675/1759/1675 1683/1767/1683 1682/1766/1682 1674/1758/1674
f 1676/1760/1676 1684/1768/1684 1683/1767/1683 1675/1759/1675
f 1677/1761/1677 1685/1769/1685 1684/1768/1684 1676/1760/1676
f 89/1771/89 86/1770/86 1401/1476/1401
f 89/1771/89 1401/1476/1401 1402/1477/1402
f 92/1772/92 89/1771/89 1402/1477/1402
f 92/1772/92 1402/1477/1402 1617/1701/1617
f 95/1773/95 92/1772/92 1617/1701/1617
f 98/1774/98 95/1773/95 1617/1701/1617
f 101/1775/101 98/1774/98 1617/1701/1617
f 101/1775/101 1617/1701/1617 1625/1709/1625
f 104/1776/104 101/1775/101 1625/1709/1625
f 104/1776/104 1625/1709/1625 107/1777/107
f 110/1778/110 107/1777/107 1625/1709/1625
f 110/1778/110 1625/1709/1625 1634/1718/1634
f 110/1778/110 1634/1718/1634 1633/1717/1633
f 113/1779/113 110/1778/110 1633/1717/1633
f 116/1780/116 113/1779/113 1633/1717/1633
f 289/1782/289 286/1781/286 1669/1753/1669
f 289/1782/289 1669/1753/1669 1670/1754/1670
f 292/1783/292 289/1782/289 1670/1754/1670
f 292/1783/292 1670/1754/1670 1678/1762/1678
f 295/1784/295 292/1783/292 1678/1762/1678
f 1474/1549/1474 1686/1785/1686 1624/1708/1624 1409/1484/1409
f 1475/1550/1475 1687/1786/1687 1686/1785/1686 1474/1549/1474
f 1476/1551/1476 1688/1787/1688 1687/1786/1687 1475/1550/1475
f 1477/1552/1477 1689/1788/1689 1688/1787/1688 1476/1551/1476
f 1478/1553/1478 1690/1789/1690 1689/1788/1689 1477/1552/1477
f 1479/1554/1479 1691/1790/1691 1690/1789/1690 1478/1553/1478
f 1480/1555/1480 1692/1791/1692 1691/1790/1691 1479/1554/1479
f 1481/1556/1481 1693/1792/1693 1692/1791/1692 1480/1555/1480
f 1686/1785/1686 1694/1793/1694 1632/1716/1632 1624/1708/1624
f 1687/1786/1687 1695/1794/1695 1694/1793/1694 1686/1785/1686
f 1688/1787/1688 1696/1795/1696 1695/1794/1695 1687/1786/1687
f 1689/1788/1689 1697/1796/1697 1696/1795/1696 1688/1787/1688
f 1690/1789/1690 1698/1797/1698 1697/1796/1697 1689/1788/1689
f 1691/1790/1691 1699/1798/1699 1698/1797/1698 1690/1789/1690
f 1692/1791/1692 1700/1799/1700 1699/1798/1699 1691/1790/1691
f 1693/1792/1693 1701/1800/1701 1700/1799/1700 1692/1791/1692
f 1694/1793/1694 1702/1801/1702 1641/1725/1641 1632/1716/1632
f 1695/1794/1695 1703/1802/1703 1702/1801/1702 1694/1793/1694
f 1696/1795/1696 1704/1803/1704 1703/1802/1703 1695/1794/1695
f 1697/1796/1697 1705/1804/1705 1704/1803/1704 1696/1795/1696
f 1698/1797/1698 1706/1805/1706 1705/1804/1705 1697/1796/1697
f 1699/1798/1699 1707/1806/1707 1706/1805/1706 1698/1797/1698
f 1700/1799/1700 1708/1807/1708 1707/1806/1707 1699/1798/1699
f 1701/1800/1701 1709/1808/1709 1708/1807/1708 1700/1799/1700
f 1702/1801/1702 1710/1809/1710 1650/1734/1650 1641/1725/1641
f 1703/1802/1703 1711/1810/1711 1710/1809/1710 1702/1801/1702
f 1704/1803/1704 1712/1811/1712 1711/1810/1711 1703/1802/1703
f 1705/1804/1705 1713/1812/1713 1712/1811/1712 1704/1803/1704
f 1706/1805/1706 1714/1813/1714 1713/1812/1713 1705/1804/1705
f 1707/1806/1707 1715/1814/1715 1714/1813/1714 1706/1805/1706
f 1708/1807/1708 1716/1815/1716 1715/1814/1715 1707/1806/1707
f 1709/1808/1709 1717/1816/1717 1716/1815/1716 1708/1807/1708
f 1710/1809/1710 1718/1817/1718 1659/1743/1659 1650/1734/1650
f 1711/1810/1711 1719/1818/1719 1718/1817/1718 1710/1809/1710
f 1712/1811/1712 1720/1819/1720 1719/1818/1719 1711/1810/1711
f 1713/1812/1713 1721/1820/1721 1720/1819/1720 1712/1811/1712
f 1714/1813/1714 1722/1821/1722 1721/1820/1721 1713/1812/1713
f 1715/1814/1715 1723/1822/1723 1722/1821/1722 1714/1813/1714
f 1716/1815/1716 1724/1823/1724 1723/1822/1723 1715/1814/1715
f 1718/1817/1718 1725/1824/1725 1668/1752/1668 1659/1743/1659
f 1719/1818/1719 1726/1825/1726 1725/1824/1725 1718/1817/1718
f 1720/1819/1720 1727/1826/1727 1726/1825/1726 1719/1818/1719
f 1721/1820/1721 1728/1827/1728 1727/1826/1727 1720/1819/1720
f 1722/1821/1722 1729/1828/1729 1728/1827/1728 1721/1820/1721
f 1723/1822/1723 1730/1829/1730 1729/1828/1729 1722/1821/1722
f 1725/1824/1725 1731/1830/1731 1677/1761/1677 1668/1752/1668
f 1726/1825/1726 1732/1831/1732 1731/1830/1731 1725/1824/1725
f 1727/1826/1727 1733/1832/1733 1732/1831/1732 1726/1825/1726
f 1728/1827/1728 1734/1833/1734 1733/1832/1733 1727/1826/1727
f 1729/1828/1729 1735/1834/1735 1734/1833/1734 1728/1827/1728
f 1730/1829/1730 1736/1835/1736 1735/1834/1735 1729/1828/1729
f 1731/1830/1731 1737/1836/1737 1685/1769/1685 1677/1761/1677
f 1732/1831/1732 1738/1837/1738 1737/1836/1737 1731/1830/1731
f 1733/1832/1733 1739/1838/1739 1738/1837/1738 1732/1831/1732
f 1734/1833/1734 1740/1839/1740 1739/1838/1739 1733/1832/1733
f 1735/1834/1735 1741/1840/1741 1740/1839/1740 1734/1833/1734
f 1736/1835/1736 1742/1841/1742 1741/1840/1741 1735/1834/1735
f 637/1843/637 1717/1816/1717 634/1842/634
f 637/1843/637 1716/1815/1716 1717/1816/1717
f 637/1843/637 1724/1823/1724 1716/1815/1716
f 640/1844/640 1724/1823/1724 637/1843/637
f 643/1845/643 1724/1823/1724 640/1844/640
f 646/1846/646 1724/1823/1724 643/1845/643
f 646/1846/646 1723/1822/1723 1724/1823/1724
f 646/1846/646 1730/1829/1730 1723/1822/1723
f 649/1847/649 1730/1829/1730 646/1846/646
f 652/1848/652 1730/1829/1730 649/1847/649
f 652/1848/652 1736/1835/1736 1730/1829/1730
f 655/1849/655 1736/1835/1736 652/1848/652
f 658/1850/658 1736/1835/1736 655/1849/655
f 658/1850/658 1742/1841/1742 1736/1835/1736
f 661/1851/661 1742/1841/1742 658/1850/658
f 661/1851/661 664/1852/664 1742/1841/1742
f 1743/1853/1743 1744/1854/1744 1547/1622/1547 1546/1621/1546
f 1744/1854/1744 1745/1855/1745 1548/1623/1548 1547/1622/1547
f 1745/1855/1745 1746/1856/1746 1549/1624/1549 1548/1623/1548
f 1746/1856/1746 1747/1857/1747 1550/1625/1550 1549/1624/1549
f 1747/1857/1747 1748/1858/1748 1551/1626/1551 1550/1625/1550
f 1748/1858/1748 1749/1859/1749 1552/1627/1552 1551/1626/1551
f 1749/1859/1749 1750/1860/1750 1553/1628/1553 1552/1627/1552
f 1750/1860/1750 1693/1792/1693 1481/1556/1481 1553/1628/1553
f 1751/1861/1751 1752/1862/1752 1744/1854/1744 1743/1853/1743
f 1752/1862/1752 1753/1863/1753 1745/1855/1745 1744/1854/1744
f 1753/1863/1753 1754/1864/1754 1746/1856/1746 1745/1855/1745
f 1754/1864/1754 1755/1865/1755 1747/1857/1747 1746/1856/1746
f 1755/1865/1755 1756/1866/1756 1748/1858/1748 1747/1857/1747
f 1756/1866/1756 1757/1867/1757 1749/1859/1749 1748/1858/1748
f 1757/1867/1757 1758/1868/1758 1750/1860/1750 1749/1859/1749
f 1758/1868/1758 1701/1800/1701 1693/1792/1693 1750/1860/1750
f 1759/1869/1759 1760/1870/1760 1752/1862/1752 1751/1861/1751
f 1760/1870/1760 1761/1871/1761 1753/1863/1753 1752/1862/1752
f 1761/1871/1761 1762/1872/1762 1754/1864/1754 1753/1863/1753
f 1762/1872/1762 1763/1873/1763 1755/1865/1755 1754/1864/1754
f 1763/1873/1763 1764/1874/1764 1756/1866/1756 1755/1865/1755
f 1764/1874/1764 1765/1875/1765 1757/1867/1757 1756/1866/1756
f 1765/1875/1765 1766/1876/1766 1758/1868/1758 1757/1867/1757
f 1766/1876/1766 1709/1808/1709 1701/1800/1701 1758/1868/1758
f 1767/1877/1767 1768/1878/1768 1760/1870/1760 1759/1869/1759
f 1768/1878/1768 1769/1879/1769 1761/1871/1761 1760/1870/1760
f 1769/1879/1769 1770/1880/1770 1762/1872/1762 1761/1871/1761
f 1770/1880/1770 1771/1881/1771 1763/1873/1763 1762/1872/1762
f 1771/1881/1771 1772/1882/1772 1764/1874/1764 1763/1873/1763
f 1772/1882/1772 1773/1883/1773 1765/1875/1765 1764/1874/1764
f 1773/1883/1773 1774/1884/1774 1766/1876/1766 1765/1875/1765
f 1774/1884/1774 1717/1816/1717 1709/1808/1709 1766/1876/1766
f 1775/1885/1775 1776/1886/1776 1768/1878/1768 1767/1877/1767
f 1776/1886/1776 1777/1887/1777 1769/1879/1769 1768/1878/1768
f 1777/1887/1777 1778/1888/1778 1770/1880/1770 1769/1879/1769
f 1778/1888/1778 1779/1889/1779 1771/1881/1771 1770/1880/1770
f 1779/1889/1779 1780/1890/1780 1772/1882/1772 1771/1881/1771
f 1780/1890/1780 1781/1891/1781 1773/1883/1773 1772/1882/1772
f 1781/1891/1781 1782/1892/1782 1774/1884/1774 1773/1883/1773
f 1783/1893/1783 1784/1894/1784 1776/1886/1776 1775/1885/1775
f 1784/1894/1784 1785/1895/1785 1777/1887/1777 1776/1886/1776
f 1785/1895/1785 1786/1896/1786 1778/1888/1778 1777/1887/1777
f 1786/1896/1786 1787/1897/1787 1779/1889/1779 1778/1888/1778
f 1787/1897/1787 1788/1898/1788 1780/1890/1780 1779/1889/1779
f 1788/1898/1788 1789/1899/1789 1781/1891/1781 1780/1890/1780
f 1790/1900/1790 1791/1901/1791 1784/1894/1784 1783/1893/1783
f 1791/1901/1791 1792/1902/1792 1785/1895/1785 1784/1894/1784
f 1792/1902/1792 1793/1903/1793 1786/1896/1786 1785/1895/1785
f 1793/1903/1793 1794/1904/1794 1787/1897/1787 1786/1896/1786
f 1794/1904/1794 1795/1905/1795 1788/1898/1788 1787/1897/1787
f 1795/1905/1795 1796/1906/1796 1789/1899/1789 1788/1898/1788
f 1797/1907/1797 1798/1908/1798 1791/1901/1791 1790/1900/1790
f 1798/1908/1798 1799/1909/1799 1792/1902/1792 1791/1901/1791
f 1799/1909/1799 1800/1910/1800 1793/1903/1793 1792/1902/1792
f 1800/1910/1800 1801/1911/1801 1794/1904/1794 1793/1903/1793
f 1801/1911/1801 1802/1912/1802 1795/1905/1795 1794/1904/1794
f 1802/1912/1802 1803/1913/1803 1796/1906/1796 1795/1905/1795
f 634/1842/634 1717/1816/1717 745/1914/745
f 1717/1816/1717 1774/1884/1774 745/1914/745
f 1774/1884/1774 1782/1892/1782 745/1914/745
f 745/1914/745 1782/1892/1782 748/1915/748
f 748/1915/748 1782/1892/1782 751/1916/751
f 751/1916/751 1782/1892/1782 754/1917/754
f 1782/1892/1782 1781/1891/1781 754/1917/754
f 1781/1891/1781 1789/1899/1789 754/1917/754
f 754/1917/754 1789/1899/1789 757/1918/757
f 757/1918/757 1789/1899/1789 760/1919/760
f 1789/1899/1789 1796/1906/1796 760/1919/760
f 760/1919/760 1796/1906/1796 763/1920/763
f 763/1920/763 1796/1906/1796 766/1921/766
f 1796/1906/1796 1803/1913/1803 766/1921/766
f 766/1921/766 1803/1913/1803 769/1922/769
f 1803/1913/1803 772/1923/772 769/1922/769
f 1804/1924/1804 1805/1925/1805 1611/1695/1611 1610/1694/1610
f 1805/1925/1805 1806/1926/1806 1612/1696/1612 1611/1695/1611
f 1806/1926/1806 1807/1927/1807 1613/1697/1613 1612/1696/1612
f 1807/1927/1807 1808/1928/1808 1614/1698/1614 1613/1697/1613
f 1808/1928/1808 1809/1929/1809 1615/1699/1615 1614/1698/1614
f 1809/1929/1809 1810/1930/1810 1616/1700/1616 1615/1699/1615
f 1810/1930/1810 1743/1853/1743 1546/1621/1546 1616/1700/1616
f 1811/1931/1811 1812/1932/1812 1805/1925/1805 1804/1924/1804
f 1812/1932/1812 1813/1933/1813 1806/1926/1806 1805/1925/1805
f 1813/1933/1813 1814/1934/1814 1807/1927/1807 1806/1926/1806
f 1814/1934/1814 1815/1935/1815 1808/1928/1808 1807/1927/1807
f 1815/1935/1815 1816/1936/1816 1809/1929/1809 1808/1928/1808
f 1816/1936/1816 1817/1937/1817 1810/1930/1810 1809/1929/1809
f 1817/1937/1817 1751/1861/1751 1743/1853/1743 1810/1930/1810
f 1818/1939/1818 1819/1940/1819 1812/1932/1812 1811/1931/1811
f 1819/1940/1819 1820/1941/1820 1813/1933/1813 1812/1932/1812
f 1820/1941/1820 1821/1942/1821 1814/1934/1814 1813/1933/1813
f 1821/1942/1821 1822/1943/1822 1815/1935/1815 1814/1934/1814
f 1822/1943/1822 1823/1944/1823 1816/1936/1816 1815/1935/1815
f 1823/1944/1823 1824/1945/1824 1817/1937/1817 1816/1936/1816
f 1824/1945/1824 1759/1869/1759 1751/1861/1751 1817/1937/1817
f 1642/1946/1642 1825/1947/1825 1818/1939/1818 1633/1938/1633
f 1825/1947/1825 1826/1948/1826 1819/1940/1819 1818/1939/1818
f 1826/1948/1826 1827/1949/1827 1820/1941/1820 1819/1940/1819
f 1827/1949/1827 1828/1950/1828 1821/1942/1821 1820/1941/1820
f 1828/1950/1828 1829/1951/1829 1822/1943/1822 1821/1942/1821
f 1829/1951/1829 1830/1952/1830 1823/1944/1823 1822/1943/1822
f 1830/1952/1830 1831/1953/1831 1824/1945/1824 1823/1944/1823
f 1831/1953/1831 1767/1877/1767 1759/1869/1759 1824/1945/1824
f 1651/1954/1651 1832/1955/1832 1825/1947/1825 1642/1946/1642
f 1832/1955/1832 1833/1956/1833 1826/1948/1826 1825/1947/1825
f 1833/1956/1833 1834/1957/1834 1827/1949/1827 1826/1948/1826
f 1834/1957/1834 1835/1958/1835 1828/1950/1828 1827/1949/1827
f 1835/1958/1835 1836/1959/1836 1829/1951/1829 1828/1950/1828
f 1836/1959/1836 1837/1960/1837 1830/1952/1830 1829/1951/1829
f 1837/1960/1837 1838/1961/1838 1831/1953/1831 1830/1952/1830
f 1838/1961/1838 1775/1885/1775 1767/1877/1767 1831/1953/1831
f 1660/1962/1660 1839/1963/1839 1832/1955/1832 1651/1954/1651
f 1839/1963/1839 1840/1964/1840 1833/1956/1833 1832/1955/1832
f 1840/1964/1840 1841/1965/1841 1834/1957/1834 1833/1956/1833
f 1841/1965/1841 1842/1966/1842 1835/1958/1835 1834/1957/1834
f 1842/1966/1842 1843/1967/1843 1836/1959/1836 1835/1958/1835
f 1843/1967/1843 1844/1968/1844 1837/1960/1837 1836/1959/1836
f 1844/1968/1844 1845/1969/1845 1838/1961/1838 1837/1960/1837
f 1845/1969/1845 1783/1893/1783 1775/1885/1775 1838/1961/1838
f 1669/1970/1669 1846/1971/1846 1839/1963/1839 1660/1962/1660
f 1846/1971/1846 1847/1972/1847 1840/1964/1840 1839/1963/1839
f 1847/1972/1847 1848/1973/1848 1841/1965/1841 1840/1964/1840
f 1848/1973/1848 1849/1974/1849 1842/1966/1842 1841/1965/1841
f 1849/1974/1849 1850/1975/1850 1843/1967/1843 1842/1966/1842
f 1850/1975/1850 1851/1976/1851 1844/1968/1844 1843/1967/1843
f 1851/1976/1851 1852/1977/1852 1845/1969/1845 1844/1968/1844
f 1852/1977/1852 1790/1900/1790 1783/1893/1783 1845/1969/1845
f 1853/1978/1853 1854/1979/1854 1847/1972/1847 1846/1971/1846
f 1854/1979/1854 1855/1980/1855 1848/1973/1848 1847/1972/1847
f 1855/1980/1855 1856/1981/1856 1849/1974/1849 1848/1973/1848
f 1856/1981/1856 1857/1982/1857 1850/1975/1850 1849/1974/1849
f 1857/1982/1857 1858/1983/1858 1851/1976/1851 1850/1975/1850
f 1858/1983/1858 1859/1984/1859 1852/1977/1852 1851/1976/1851
f 1859/1984/1859 1797/1907/1797 1790/1900/1790 1852/1977/1852
f 1401/1693/1401 86/1985/86 184/1986/184
f 1610/1694/1610 1401/1693/1401 184/1986/184
f 1610/1694/1610 184/1986/184 187/1987/187
f 1804/1924/1804 1610/1694/1610 187/1987/187
f 1804/1924/1804 187/1987/187 190/1988/190
f 1804/1924/1804 190/1988/190 193/1989/193
f 1804/1924/1804 193/1989/193 196/1990/196
f 1811/1931/1811 1804/1924/1804 196/1990/196
f 1811/1931/1811 196/1990/196 199/1991/199
f 202/1992/202 1811/1931/1811 199/1991/199
f 1811/1931/1811 202/1992/202 205/1993/205
f 1818/1939/1818 1811/1931/1811 205/1993/205
f 1633/1938/1633 1818/1939/1818 205/1993/205
f 1633/1938/1633 205/1993/205 208/1994/208
f 1633/1938/1633 208/1994/208 116/1995/116
f 1669/1970/1669 286/1996/286 381/1997/381
f 1846/1971/1846 1669/1970/1669 381/1997/381
f 1846/1971/1846 381/1997/381 384/1998/384
f 1853/1978/1853 1846/1971/1846 384/1998/384
f 1853/1978/1853 384/1998/384 387/1999/387
f 1679/1763/1679 1861/2001/1861 1860/2000/1860 1678/1762/1678
f 1680/1764/1680 1862/2002/1862 1861/2001/1861 1679/1763/1679
f 1681/1765/1681 1863/2003/1863 1862/2002/1862 1680/1764/1680
f 1682/1766/1682 1864/2004/1864 1863/2003/1863 1681/1765/1681
f 1683/1767/1683 1865/2005/1865 1864/2004/1864 1682/1766/1682
f 1684/1768/1684 1866/2006/1866 1865/2005/1865 1683/1767/1683
f 1685/1769/1685 1867/2007/1867 1866/2006/1866 1684/1768/1684
f 1861/2001/1861 1869/2009/1869 1868/2008/1868 1860/2000/1860
f 1862/2002/1862 1870/2010/1870 1869/2009/1869 1861/2001/1861
f 1863/2003/1863 1871/2011/1871 1870/2010/1870 1862/2002/1862
f 1864/2004/1864 1872/2012/1872 1871/2011/1871 1863/2003/1863
f 1865/2005/1865 1873/2013/1873 1872/2012/1872 1864/2004/1864
f 1866/2006/1866 1874/2014/1874 1873/2013/1873 1865/2005/1865
f 1867/2007/1867 1875/2015/1875 1874/2014/1874 1866/2006/1866
f 1869/2009/1869 1878/2018/1878 1877/2017/1877 1868/2008/1868
f 1870/2010/1870 1879/2019/1879 1878/2018/1878 1869/2009/1869
f 1871/2011/1871 1880/2020/1880 1879/2019/1879 1870/2010/1870
f 1872/2012/1872 1881/2021/1881 1880/2020/1880 1871/2011/1871
f 1873/2013/1873 1882/2022/1882 1881/2021/1881 1872/2012/1872
f 1874/2014/1874 1883/2023/1883 1882/2022/1882 1873/2013/1873
f 1875/2015/1875 1884/2024/1884 1883/2023/1883 1874/2014/1874
f 1877/2017/1877 1886/2026/1886 1885/2025/1885 1876/2016/1876
f 1878/2018/1878 1887/2027/1887 1886/2026/1886 1877/2017/1877
f 1879/2019/1879 1888/2028/1888 1887/2027/1887 1878/2018/1878
f 1880/2020/1880 1889/2029/1889 1888/2028/1888 1879/2019/1879
f 1881/2021/1881 1890/2030/1890 1889/2029/1889 1880/2020/1880
f 1882/2022/1882 1891/2031/1891 1890/2030/1890 1881/2021/1881
f 1883/2023/1883 1892/2032/1892 1891/2031/1891 1882/2022/1882
f 1884/2024/1884 1893/2033/1893 1892/2032/1892 1883/2023/1883
f 1886/2026/1886 1895/2035/1895 1894/2034/1894 1885/2025/1885
f 1887/2027/1887 1896/2036/1896 1895/2035/1895 1886/2026/1886
f 1888/2028/1888 1897/2037/1897 1896/2036/1896 1887/2027/1887
f 1889/2029/1889 1898/2038/1898 1897/2037/1897 1888/2028/1888
f 1890/2030/1890 1899/2039/1899 1898/2038/1898 1889/2029/1889
f 1891/2031/1891 1900/2040/1900 1899/2039/1899 1890/2030/1890
f 1892/2032/1892 1901/2041/1901 1900/2040/1900 1891/2031/1891
f 1893/2033/1893 1902/2042/1902 1901/2041/1901 1892/2032/1892
f 1895/2035/1895 1904/2044/1904 1903/2043/1903 1894/2034/1894
f 1896/2036/1896 1905/2045/1905 1904/2044/1904 1895/2035/1895
f 1897/2037/1897 1906/2046/1906 1905/2045/1905 1896/2036/1896
f 1898/2038/1898 1907/2047/1907 1906/2046/1906 1897/2037/1897
f 1899/2039/1899 1908/2048/1908 1907/2047/1907 1898/2038/1898
f 1900/2040/1900 1909/2049/1909 1908/2048/1908 1899/2039/1899
f 1901/2041/1901 1910/2050/1910 1909/2049/1909 1900/2040/1900
f 1902/2042/1902 1911/2051/1911 1910/2050/1910 1901/2041/1901
f 1904/2044/1904 1913/2053/1913 1912/2052/1912 1903/2043/1903
f 1905/2045/1905 1914/2054/1914 1913/2053/1913 1904/2044/1904
f 1906/2046/1906 1915/2055/1915 1914/2054/1914 1905/2045/1905
f 1907/2047/1907 1916/2056/1916 1915/2055/1915 1906/2046/1906
f 1908/2048/1908 1917/2057/1917 1916/2056/1916 1907/2047/1907
f 1909/2049/1909 1918/2058/1918 1917/2057/1917 1908/2048/1908
f 1910/2050/1910 1919/2059/1919 1918/2058/1918 1909/2049/1909
f 1911/2051/1911 1920/2060/1920 1919/2059/1919 1910/2050/1910
f 1913/2053/1913 1922/2062/1922 1921/2061/1921 1912/2052/1912
f 1914/2054/1914 1923/2063/1923 1922/2062/1922 1913/2053/1913
f 1915/2055/1915 1924/2064/1924 1923/2063/1923 1914/2054/1914
f 1916/2056/1916 1925/2065/1925 1924/2064/1924 1915/2055/1915
f 1917/2057/1917 1926/2066/1926 1925/2065/1925 1916/2056/1916
f 1918/2058/1918 1927/2067/1927 1926/2066/1926 1917/2057/1917
f 1919/2059/1919 1928/2068/1928 1927/2067/1927 1918/2058/1918
f 1920/2060/1920 1929/2069/1929 1928/2068/1928 1919/2059/1919
f 298/2070/298 295/1784/295 1678/1762/1678
f 298/2070/298 1678/1762/1678 1860/2000/1860
f 301/2071/301 298/2070/298 1860/2000/1860
f 301/2071/301 1860/2000/1860 304/2072/304
f 307/2073/307 304/2072/304 1860/2000/1860
f 307/2073/307 1860/2000/1860 1868/2008/1868
f 307/2073/307 1868/2008/1868 310/2074/310
f 310/2074/310 1868/2008/1868 313/2075/313
f 313/2075/313 1868/2008/1868 316/2076/316
f 316/2076/316 1876/2016/1876 319/2077/319
f 316/2076/316 1877/2017/1877 1876/2016/1876
f 316/2076/316 1868/2008/1868 1877/2017/1877
f 1737/1836/1737 1930/2078/1930 1867/2007/1867 1685/1769/1685
f 1738/1837/1738 1931/2079/1931 1930/2078/1930 1737/1836/1737
f 1739/1838/1739 1932/2080/1932 1931/2079/1931 1738/1837/1738
f 1740/1839/1740 1933/2081/1933 1932/2080/1932 1739/1838/1739
f 1741/1840/1741 1934/2082/1934 1933/2081/1933 1740/1839/1740
f 1742/1841/1742 1935/2083/1935 1934/2082/1934 1741/1840/1741
f 1930/2078/1930 1937/2085/1937 1875/2015/1875 1867/2007/1867
f 1931/2079/1931 1938/2086/1938 1937/2085/1937 1930/2078/1930
f 1932/2080/1932 1939/2087/1939 1938/2086/1938 1931/2079/1931
f 1933/2081/1933 1940/2088/1940 1939/2087/1939 1932/2080/1932
f 1934/2082/1934 1941/2089/1941 1940/2088/1940 1933/2081/1933
f 1935/2083/1935 1942/2090/1942 1941/2089/1941 1934/2082/1934
f 1936/2084/1936 1943/2091/1943 1942/2090/1942 1935/2083/1935
f 1937/2085/1937 1945/2093/1945 1884/2024/1884 1875/2015/1875
f 1938/2086/1938 1946/2094/1946 1945/2093/1945 1937/2085/1937
f 1939/2087/1939 1947/2095/1947 1946/2094/1946 1938/2086/1938
f 1940/2088/1940 1948/2096/1948 1947/2095/1947 1939/2087/1939
f 1941/2089/1941 1949/2097/1949 1948/2096/1948 1940/2088/1940
f 1942/2090/1942 1950/2098/1950 1949/2097/1949 1941/2089/1941
f 1943/2091/1943 1951/2099/1951 1950/2098/1950 1942/2090/1942
f 1944/2092/1944 1952/2100/1952 1951/2099/1951 1943/2091/1943
f 1945/2093/1945 1953/2101/1953 1893/2033/1893 1884/2024/1884
f 1946/2094/1946 1954/2102/1954 1953/2101/1953 1945/2093/1945
f 1947/2095/1947 1955/2103/1955 1954/2102/1954 1946/2094/1946
f 1948/2096/1948 1956/2104/1956 1955/2103/1955 1947/2095/1947
f 1949/2097/1949 1957/2105/1957 1956/2104/1956 1948/2096/1948
f 1950/2098/1950 1958/2106/1958 1957/2105/1957 1949/2097/1949
f 1951/2099/1951 1959/2107/1959 1958/2106/1958 1950/2098/1950
f 1952/2100/1952 1960/2108/1960 1959/2107/1959 1951/2099/1951
f 1953/2101/1953 1961/2109/1961 1902/2042/1902 1893/2033/1893
f 1954/2102/1954 1962/2110/1962 1961/2109/1961 1953/2101/1953
f 1955/2103/1955 1963/2111/1963 1962/2110/1962 1954/2102/1954
f 1956/2104/1956 1964/2112/1964 1963/2111/1963 1955/2103/1955
f 1957/2105/1957 1965/2113/1965 1964/2112/1964 1956/2104/1956
f 1958/2106/1958 1966/2114/1966 1965/2113/1965 1957/2105/1957
f 1959/2107/1959 1967/2115/1967 1966/2114/1966 1958/2106/1958
f 1960/2108/1960 1968/2116/1968 1967/2115/1967 1959/2107/1959
f 1961/2109/1961 1969/2117/1969 1911/2051/1911 1902/2042/1902
f 1962/2110/1962 1970/2118/1970 1969/2117/1969 1961/2109/1961
f 1963/2111/1963 1971/2119/1971 1970/2118/1970 1962/2110/1962
f 1964/2112/1964 1972/2120/1972 1971/2119/1971 1963/2111/1963
f 1965/2113/1965 1973/2121/1973 1972/2120/1972 1964/2112/1964
f 1966/2114/1966 1974/2122/1974 1973/2121/1973 1965/2113/1965
f 1967/2115/1967 1975/2123/1975 1974/2122/1974 1966/2114/1966
f 1968/2116/1968 1976/2124/1976 1975/2123/1975 1967/2115/1967
f 1969/2117/1969 1977/2125/1977 1920/2060/1920 1911/2051/1911
f 1970/2118/1970 1978/2126/1978 1977/2125/1977 1969/2117/1969
f 1971/2119/1971 1979/2127/1979 1978/2126/1978 1970/2118/1970
f 1972/2120/1972 1980/2128/1980 1979/2127/1979 1971/2119/1971
f 1973/2121/1973 1981/2129/1981 1980/2128/1980 1972/2120/1972
f 1974/2122/1974 1982/2130/1982 1981/2129/1981 1973/2121/1973
f 1975/2123/1975 1983/2131/1983 1982/2130/1982 1974/2122/1974
f 1976/2124/1976 1984/2132/1984 1983/2131/1983 1975/2123/1975
f 1977/2125/1977 1985/2133/1985 1929/2069/1929 1920/2060/1920
f 1978/2126/1978 1986/2134/1986 1985/2133/1985 1977/2125/1977
f 1979/2127/1979 1987/2135/1987 1986/2134/1986 1978/2126/1978
f 1980/2128/1980 1988/2136/1988 1987/2135/1987 1979/2127/1979
f 1981/2129/1981 1989/2137/1989 1988/2136/1988 1980/2128/1980
f 1982/2130/1982 1990/2138/1990 1989/2137/1989 1981/2129/1981
f 1983/2131/1983 1991/2139/1991 1990/2138/1990 1982/2130/1982
f 1984/2132/1984 1992/2140/1992 1991/2139/1991 1983/2131/1983
f 667/2141/667 1742/1841/1742 664/1852/664
f 667/2141/667 1935/2083/1935 1742/1841/1742
f 667/2141/667 1936/2084/1936 1935/2083/1935
f 670/2142/670 1936/2084/1936 667/2141/667
f 670/2142/670 673/2143/673 1936/2084/1936
f 673/2143/673 676/2144/676 1943/2091/1943
f 673/2143/673 1943/2091/1943 1936/2084/1936
f 676/2144/676 679/2145/679 1944/2092/1944
f 676/2144/676 1944/2092/1944 1943/2091/1943
f 1993/2146/1993 1994/2147/1994 1798/1908/1798 1797/1907/1797
f 1994/2147/1994 1995/2148/1995 1799/1909/1799 1798/1908/1798
f 1995/2148/1995 1996/2149/1996 1800/1910/1800 1799/1909/1799
f 1996/2149/1996 1997/2150/1997 1801/1911/1801 1800/1910/1800
f 1997/2150/1997 1998/2151/1998 1802/1912/1802 1801/1911/1801
f 1998/2151/1998 1999/2152/1999 1803/1913/1803 1802/1912/1802
f 2001/2154/2001 2002/2155/2002 1994/2147/1994 1993/2146/1993
f 2002/2155/2002 2003/2156/2003 1995/2148/1995 1994/2147/1994
f 2003/2156/2003 2004/2157/2004 1996/2149/1996 1995/2148/1995
f 2004/2157/2004 2005/2158/2005 1997/2150/1997 1996/2149/1996
f 2005/2158/2005 2006/2159/2006 1998/2151/1998 1997/2150/1997
f 2006/2159/2006 2007/2160/2007 1999/2152/1999 1998/2151/1998
f 2007/2160/2007 2008/2161/2008 2000/2153/2000 1999/2152/1999
f 2009/2162/2009 2010/2163/2010 2002/2155/2002 2001/2154/2001
f 2010/2163/2010 2011/2164/2011 2003/2156/2003 2002/2155/2002
f 2011/2164/2011 2012/2165/2012 2004/2157/2004 2003/2156/2003
f 2012/2165/2012 2013/2166/2013 2005/2158/2005 2004/2157/2004
f 2013/2166/2013 2014/2167/2014 2006/2159/2006 2005/2158/2005
f 2014/2167/2014 2015/2168/2015 2007/2160/2007 2006/2159/2006
f 2015/2168/2015 2016/2169/2016 2008/2161/2008 2007/2160/2007
f 2016/2169/2016 1952/2100/1952 1944/2092/1944 2008/2161/2008
f 2017/2170/2017 2018/2171/2018 2010/2163/2010 2009/2162/2009
f 2018/2171/2018 2019/2172/2019 2011/2164/2011 2010/2163/2010
f 2019/2172/2019 2020/2173/2020 2012/2165/2012 2011/2164/2011
f 2020/2173/2020 2021/2174/2021 2013/2166/2013 2012/2165/2012
f 2021/2174/2021 2022/2175/2022 2014/2167/2014 2013/2166/2013
f 2022/2175/2022 2023/2176/2023 2015/2168/2015 2014/2167/2014
f 2023/2176/2023 2024/2177/2024 2016/2169/2016 2015/2168/2015
f 2024/2177/2024 1960/2108/1960 1952/2100/1952 2016/2169/2016
f 2025/2178/2025 2026/2179/2026 2018/2171/2018 2017/2170/2017
f 2026/2179/2026 2027/2180/2027 2019/2172/2019 2018/2171/2018
f 2027/2180/2027 2028/2181/2028 2020/2173/2020 2019/2172/2019
f 2028/2181/2028 2029/2182/2029 2021/2174/2021 2020/2173/2020
f 2029/2182/2029 2030/2183/2030 2022/2175/2022 2021/2174/2021
f 2030/2183/2030 2031/2184/2031 2023/2176/2023 2022/2175/2022
f 2031/2184/2031 2032/2185/2032 2024/2177/2024 2023/2176/2023
f 2032/2185/2032 1968/2116/1968 1960/2108/1960 2024/2177/2024
f 2033/2186/2033 2034/2187/2034 2026/2179/2026 2025/2178/2025
f 2034/2187/2034 2035/2188/2035 2027/2180/2027 2026/2179/2026
f 2035/2188/2035 2036/2189/2036 2028/2181/2028 2027/2180/2027
f 2036/2189/2036 2037/2190/2037 2029/2182/2029 2028/2181/2028
f 2037/2190/2037 2038/2191/2038 2030/2183/2030 2029/2182/2029
f 2038/2191/2038 2039/2192/2039 2031/2184/2031 2030/2183/2030
f 2039/2192/2039 2040/2193/2040 2032/2185/2032 2031/2184/2031
f 2040/2193/2040 1976/2124/1976 1968/2116/1968 2032/2185/2032
f 2041/2194/2041 2042/2195/2042 2034/2187/2034 2033/2186/2033
f 2042/2195/2042 2043/2196/2043 2035/2188/2035 2034/2187/2034
f 2043/2196/2043 2044/2197/2044 2036/2189/2036 2035/2188/2035
f 2044/2197/2044 2045/2198/2045 2037/2190/2037 2036/2189/2036
f 2045/2198/2045 2046/2199/2046 2038/2191/2038 2037/2190/2037
f 2046/2199/2046 2047/2200/2047 2039/2192/2039 2038/2191/2038
f 2047/2200/2047 2048/2201/2048 2040/2193/2040 2039/2192/2039
f 2048/2201/2048 1984/2132/1984 1976/2124/1976 2040/2193/2040
f 2049/2202/2049 2050/2203/2050 2042/2195/2042 2041/2194/2041
f 2050/2203/2050 2051/2204/2051 2043/2196/2043 2042/2195/2042
f 2051/2204/2051 2052/2205/2052 2044/2197/2044 2043/2196/2043
f 2052/2205/2052 2053/2206/2053 2045/2198/2045 2044/2197/2044
f 2053/2206/2053 2054/2207/2054 2046/2199/2046 2045/2198/2045
f 2054/2207/2054 2055/2208/2055 2047/2200/2047 2046/2199/2046
f 2055/2208/2055 2056/2209/2056 2048/2201/2048 2047/2200/2047
f 2056/2209/2056 1992/2140/1992 1984/2132/1984 2048/2201/2048
f 772/1923/772 1803/1913/1803 775/2210/775
f 1803/1913/1803 1999/2152/1999 775/2210/775
f 1999/2152/1999 2000/2153/2000 775/2210/775
f 775/2210/775 2000/2153/2000 778/2211/778
f 2000/2153/2000 781/2212/781 778/2211/778
f 2008/2161/2008 784/2213/784 781/2212/781
f 2000/2153/2000 2008/2161/2008 781/2212/781
f 1944/2092/1944 679/2145/679 784/2213/784
f 2008/2161/2008 1944/2092/1944 784/2213/784
f 2057/2214/2057 2058/2215/2058 1854/1979/1854 1853/1978/1853
f 2058/2215/2058 2059/2216/2059 1855/1980/1855 1854/1979/1854
f 2059/2216/2059 2060/2217/2060 1856/1981/1856 1855/1980/1855
f 2060/2217/2060 2061/2218/2061 1857/1982/1857 1856/1981/1856
f 2061/2218/2061 2062/2219/2062 1858/1983/1858 1857/1982/1857
f 2062/2219/2062 2063/2220/2063 1859/1984/1859 1858/1983/1858
f 2063/2220/2063 1993/2146/1993 1797/1907/1797 1859/1984/1859
f 2064/2221/2064 2065/2222/2065 2058/2215/2058 2057/2214/2057
f 2065/2222/2065 2066/2223/2066 2059/2216/2059 2058/2215/2058
f 2066/2223/2066 2067/2224/2067 2060/2217/2060 2059/2216/2059
f 2067/2224/2067 2068/2225/2068 2061/2218/2061 2060/2217/2060
f 2068/2225/2068 2069/2226/2069 2062/2219/2062 2061/2218/2061
f 2069/2226/2069 2070/2227/2070 2063/2220/2063 2062/2219/2062
f 2070/2227/2070 2001/2154/2001 1993/2146/1993 2063/2220/2063
f 2071/2229/2071 2072/2230/2072 2065/2222/2065 2064/2221/2064
f 2072/2230/2072 2073/2231/2073 2066/2223/2066 2065/2222/2065
f 2073/2231/2073 2074/2232/2074 2067/2224/2067 2066/2223/2066
f 2074/2232/2074 2075/2233/2075 2068/2225/2068 2067/2224/2067
f 2075/2233/2075 2076/2234/2076 2069/2226/2069 2068/2225/2068
f 2076/2234/2076 2077/2235/2077 2070/2227/2070 2069/2226/2069
f 2077/2235/2077 2009/2162/2009 2001/2154/2001 2070/2227/2070
f 1885/2236/1885 2078/2237/2078 2071/2229/2071 1876/2228/1876
f 2078/2237/2078 2079/2238/2079 2072/2230/2072 2071/2229/2071
f 2079/2238/2079 2080/2239/2080 2073/2231/2073 2072/2230/2072
f 2080/2239/2080 2081/2240/2081 2074/2232/2074 2073/2231/2073
f 2081/2240/2081 2082/2241/2082 2075/2233/2075 2074/2232/2074
f 2082/2241/2082 2083/2242/2083 2076/2234/2076 2075/2233/2075
f 2083/2242/2083 2084/2243/2084 2077/2235/2077 2076/2234/2076
f 2084/2243/2084 2017/2170/2017 2009/2162/2009 2077/2235/2077
f 1894/2244/1894 2085/2245/2085 2078/2237/2078 1885/2236/1885
f 2085/2245/2085 2086/2246/2086 2079/2238/2079 2078/2237/2078
f 2086/2246/2086 2087/2247/2087 2080/2239/2080 2079/2238/2079
f 2087/2247/2087 2088/2248/2088 2081/2240/2081 2080/2239/2080
f 2088/2248/2088 2089/2249/2089 2082/2241/2082 2081/2240/2081
f 2089/2249/2089 2090/2250/2090 2083/2242/2083 2082/2241/2082
f 2090/2250/2090 2091/2251/2091 2084/2243/2084 2083/2242/2083
f 2091/2251/2091 2025/2178/2025 2017/2170/2017 2084/2243/2084
f 1903/2252/1903 2092/2253/2092 2085/2245/2085 1894/2244/1894
f 2092/2253/2092 2093/2254/2093 2086/2246/2086 2085/2245/2085
f 2093/2254/2093 2094/2255/2094 2087/2247/2087 2086/2246/2086
f 2094/2255/2094 2095/2256/2095 2088/2248/2088 2087/2247/2087
f 2095/2256/2095 2096/2257/2096 2089/2249/2089 2088/2248/2088
f 2096/2257/2096 2097/2258/2097 2090/2250/2090 2089/2249/2089
f 2097/2258/2097 2098/2259/2098 2091/2251/2091 2090/2250/2090
f 2098/2259/2098 2033/2186/2033 2025/2178/2025 2091/2251/2091
f 1912/2260/1912 2099/2261/2099 2092/2253/2092 1903/2252/1903
f 2099/2261/2099 2100/2262/2100 2093/2254/2093 2092/2253/2092
f 2100/2262/2100 2101/2263/2101 2094/2255/2094 2093/2254/2093
f 2101/2263/2101 2102/2264/2102 2095/2256/2095 2094/2255/2094
f 2102/2264/2102 2103/2265/2103 2096/2257/2096 2095/2256/2095
f 2103/2265/2103 2104/2266/2104 2097/2258/2097 2096/2257/2096
f 2104/2266/2104 2105/2267/2105 2098/2259/2098 2097/2258/2097
f 2105/2267/2105 2041/2194/2041 2033/2186/2033 2098/2259/2098
f 1921/2268/1921 2106/2269/2106 2099/2261/2099 1912/2260/1912
f 2106/2269/2106 2107/2270/2107 2100/2262/2100 2099/2261/2099
f 2107/2270/2107 2108/2271/2108 2101/2263/2101 2100/2262/2100
f 2108/2271/2108 2109/2272/2109 2102/2264/2102 2101/2263/2101
f 2109/2272/2109 2110/2273/2110 2103/2265/2103 2102/2264/2102
f 2110/2273/2110 2111/2274/2111 2104/2266/2104 2103/2265/2103
f 2111/2274/2111 2112/2275/2112 2105/2267/2105 2104/2266/2104
f 2112/2275/2112 2049/2202/2049 2041/2194/2041 2105/2267/2105
f 1853/1978/1853 387/1999/387 390/2276/390
f 2057/2214/2057 1853/1978/1853 390/2276/390
f 2057/2214/2057 390/2276/390 393/2277/393
f 396/2278/396 2057/2214/2057 393/2277/393
f 2057/2214/2057 396/2278/396 399/2279/399
f 2064/2221/2064 2057/2214/2057 399/2279/399
f 402/2280/402 2064/2221/2064 399/2279/399
f 405/2281/405 2064/2221/2064 402/2280/402
f 408/2282/408 2064/2221/2064 405/2281/405
f 319/2283/319 1876/2228/1876 408/2282/408
f 1876/2228/1876 2071/2229/2071 408/2282/408
f 2071/2229/2071 2064/2221/2064 408/2282/408
f 1922/2285/1922 2114/2294/2114 2113/2293/2113 1921/2284/1921
f 1923/2286/1923 2115/2295/2115 2114/2294/2114 1922/2285/1922
f 1924/2287/1924 2116/2296/2116 2115/2295/2115 1923/2286/1923
f 1925/2288/1925 2117/2297/2117 2116/2296/2116 1924/2287/1924
f 1926/2289/1926 2118/2298/2118 2117/2297/2117 1925/2288/1925
f 1927/2290/1927 2119/2299/2119 2118/2298/2118 1926/2289/1926
f 1928/2291/1928 2120/2300/2120 2119/2299/2119 1927/2290/1927
f 1929/2292/1929 2121/2301/2121 2120/2300/2120 1928/2291/1928
f 2114/2294/2114 2123/2303/2123 2122/2302/2122 2113/2293/2113
f 2115/2295/2115 2124/2304/2124 2123/2303/2123 2114/2294/2114
f 2116/2296/2116 2125/2305/2125 2124/2304/2124 2115/2295/2115
f 2117/2297/2117 2126/2306/2126 2125/2305/2125 2116/2296/2116
f 2118/2298/2118 2127/2307/2127 2126/2306/2126 2117/2297/2117
f 2119/2299/2119 2128/2308/2128 2127/2307/2127 2118/2298/2118
f 2120/2300/2120 2129/2309/2129 2128/2308/2128 2119/2299/2119
f 2121/2301/2121 2130/2310/2130 2129/2309/2129 2120/2300/2120
f 2123/2303/2123 2132/2312/2132 2131/2311/2131 2122/2302/2122
f 2124/2304/2124 2133/2313/2133 2132/2312/2132 2123/2303/2123
f 2125/2305/2125 2134/2314/2134 2133/2313/2133 2124/2304/2124
f 2126/2306/2126 2135/2315/2135 2134/2314/2134 2125/2305/2125
f 2127/2307/2127 2136/2316/2136 2135/2315/2135 2126/2306/2126
f 2128/2308/2128 2137/2317/2137 2136/2316/2136 2127/2307/2127
f 2129/2309/2129 2138/2318/2138 2137/2317/2137 2128/2308/2128
f 2130/2310/2130 2139/2319/2139 2138/2318/2138 2129/2309/2129
f 2132/2312/2132 2141/2321/2141 2140/2320/2140 2131/2311/2131
f 2133/2313/2133 2142/2322/2142 2141/2321/2141 2132/2312/2132
f 2134/2314/2134 2143/2323/2143 2142/2322/2142 2133/2313/2133
f 2135/2315/2135 2144/2324/2144 2143/2323/2143 2134/2314/2134
f 2136/2316/2136 2145/2325/2145 2144/2324/2144 2135/2315/2135
f 2137/2317/2137 2146/2326/2146 2145/2325/2145 2136/2316/2136
f 2138/2318/2138 2147/2327/2147 2146/2326/2146 2137/2317/2137
f 2139/2319/2139 2148/2328/2148 2147/2327/2147 2138/2318/2138
f 2141/2321/2141 2150/2330/2150 2149/2329/2149 2140/2320/2140
f 2142/2322/2142 2151/2331/2151 2150/2330/2150 2141/2321/2141
f 2143/2323/2143 2152/2332/2152 2151/2331/2151 2142/2322/2142
f 2144/2324/2144 2153/2333/2153 2152/2332/2152 2143/2323/2143
f 2145/2325/2145 2154/2334/2154 2153/2333/2153 2144/2324/2144
f 2146/2326/2146 2155/2335/2155 2154/2334/2154 2145/2325/2145
f 2147/2327/2147 2156/2336/2156 2155/2335/2155 2146/2326/2146
f 2148/2328/2148 2157/2337/2157 2156/2336/2156 2147/2327/2147
f 2150/2330/2150 2159/2339/2159 2158/2338/2158 2149/2329/2149
f 2151/2331/2151 2160/2340/2160 2159/2339/2159 2150/2330/2150
f 2152/2332/2152 2161/2341/2161 2160/2340/2160 2151/2331/2151
f 2153/2333/2153 2162/2342/2162 2161/2341/2161 2152/2332/2152
f 2154/2334/2154 2163/2343/2163 2162/2342/2162 2153/2333/2153
f 2155/2335/2155 2164/2344/2164 2163/2343/2163 2154/2334/2154
f 2156/2336/2156 2165/2345/2165 2164/2344/2164 2155/2335/2155
f 2157/2337/2157 2166/2346/2166 2165/2345/2165 2156/2336/2156
f 2159/2339/2159 2168/2348/2168 2167/2347/2167 2158/2338/2158
f 2160/2340/2160 2169/2349/2169 2168/2348/2168 2159/2339/2159
f 2161/2341/2161 2170/2350/2170 2169/2349/2169 2160/2340/2160
f 2162/2342/2162 2171/2351/2171 2170/2350/2170 2161/2341/2161
f 2163/2343/2163 2172/2352/2172 2171/2351/2171 2162/2342/2162
f 2164/2344/2164 2173/2353/2173 2172/2352/2172 2163/2343/2163
f 2165/2345/2165 2174/2354/2174 2173/2353/2173 2164/2344/2164
f 2166/2346/2166 2175/2355/2175 2174/2354/2174 2165/2345/2165
f 2168/2348/2168 2177/2357/2177 2176/2356/2176 2167/2347/2167
f 2169/2349/2169 2178/2358/2178 2177/2357/2177 2168/2348/2168
f 2170/2350/2170 2179/2359/2179 2178/2358/2178 2169/2349/2169
f 2171/2351/2171 2180/2360/2180 2179/2359/2179 2170/2350/2170
f 2172/2352/2172 2181/2361/2181 2180/2360/2180 2171/2351/2171
f 2173/2353/2173 2182/2362/2182 2181/2361/2181 2172/2352/2172
f 2174/2354/2174 2183/2363/2183 2182/2362/2182 2173/2353/2173
f 2175/2355/2175 2184/2364/2184 2183/2363/2183 2174/2354/2174
f 1985/2365/1985 2185/2373/2185 2121/2301/2121 1929/2292/1929
f 1986/2366/1986 2186/2374/2186 2185/2373/2185 1985/2365/1985
f 1987/2367/1987 2187/2375/2187 2186/2374/2186 1986/2366/1986
f 1988/2368/1988 2188/2376/2188 2187/2375/2187 1987/2367/1987
f 1989/2369/1989 2189/2377/2189 2188/2376/2188 1988/2368/1988
f 1990/2370/1990 2190/2378/2190 2189/2377/2189 1989/2369/1989
f 1991/2371/1991 2191/2379/2191 2190/2378/2190 1990/2370/1990
f 1992/2372/1992 2192/2380/2192 2191/2379/2191 1991/2371/1991
f 2185/2373/2185 2193/2381/2193 2130/2310/2130 2121/2301/2121
f 2186/2374/2186 2194/2382/2194 2193/2381/2193 2185/2373/2185
f 2187/2375/2187 2195/2383/2195 2194/2382/2194 2186/2374/2186
f 2188/2376/2188 2196/2384/2196 2195/2383/2195 2187/2375/2187
f 2189/2377/2189 2197/2385/2197 2196/2384/2196 2188/2376/2188
f 2190/2378/2190 2198/2386/2198 2197/2385/2197 2189/2377/2189
f 2191/2379/2191 2199/2387/2199 2198/2386/2198 2190/2378/2190
f 2192/2380/2192 2200/2388/2200 2199/2387/2199 2191/2379/2191
f 2193/2381/2193 2201/2389/2201 2139/2319/2139 2130/2310/2130
f 2194/2382/2194 2202/2390/2202 2201/2389/2201 2193/2381/2193
f 2195/2383/2195 2203/2391/2203 2202/2390/2202 2194/2382/2194
f 2196/2384/2196 2204/2392/2204 2203/2391/2203 2195/2383/2195
f 2197/2385/2197 2205/2393/2205 2204/2392/2204 2196/2384/2196
f 2198/2386/2198 2206/2394/2206 2205/2393/2205 2197/2385/2197
f 2199/2387/2199 2207/2395/2207 2206/2394/2206 2198/2386/2198
f 2200/2388/2200 2208/2396/2208 2207/2395/2207 2199/2387/2199
f 2201/2389/2201 2209/2397/2209 2148/2328/2148 2139/2319/2139
f 2202/2390/2202 2210/2398/2210 2209/2397/2209 2201/2389/2201
f 2203/2391/2203 2211/2399/2211 2210/2398/2210 2202/2390/2202
f 2204/2392/2204 2212/2400/2212 2211/2399/2211 2203/2391/2203
f 2205/2393/2205 2213/2401/2213 2212/2400/2212 2204/2392/2204
f 2206/2394/2206 2214/2402/2214 2213/2401/2213 2205/2393/2205
f 2207/2395/2207 2215/2403/2215 2214/2402/2214 2206/2394/2206
f 2208/2396/2208 2216/2404/2216 2215/2403/2215 2207/2395/2207
f 2209/2397/2209 2217/2405/2217 2157/2337/2157 2148/2328/2148
f 2210/2398/2210 2218/2406/2218 2217/2405/2217 2209/2397/2209
f 2211/2399/2211 2219/2407/2219 2218/2406/2218 2210/2398/2210
f 2212/2400/2212 2220/2408/2220 2219/2407/2219 2211/2399/2211
f 2213/2401/2213 2221/2409/2221 2220/2408/2220 2212/2400/2212
f 2214/2402/2214 2222/2410/2222 2221/2409/2221 2213/2401/2213
f 2215/2403/2215 2223/2411/2223 2222/2410/2222 2214/2402/2214
f 2216/2404/2216 2224/2412/2224 2223/2411/2223 2215/2403/2215
f 2217/2405/2217 2225/2413/2225 2166/2346/2166 2157/2337/2157
f 2218/2406/2218 2226/2414/2226 2225/2413/2225 2217/2405/2217
f 2219/2407/2219 2227/2415/2227 2226/2414/2226 2218/2406/2218
f 2220/2408/2220 2228/2416/2228 2227/2415/2227 2219/2407/2219
f 2221/2409/2221 2229/2417/2229 2228/2416/2228 2220/2408/2220
f 2222/2410/2222 2230/2418/2230 2229/2417/2229 2221/2409/2221
f 2223/2411/2223 2231/2419/2231 2230/2418/2230 2222/2410/2222
f 2224/2412/2224 2232/2420/2232 2231/2419/2231 2223/2411/2223
f 2225/2413/2225 2233/2421/2233 2175/2355/2175 2166/2346/2166
f 2226/2414/2226 2234/2422/2234 2233/2421/2233 2225/2413/2225
f 2227/2415/2227 2235/2423/2235 2234/2422/2234 2226/2414/2226
f 2228/2416/2228 2236/2424/2236 2235/2423/2235 2227/2415/2227
f 2229/2417/2229 2237/2425/2237 2236/2424/2236 2228/2416/2228
f 2230/2418/2230 2238/2426/2238 2237/2425/2237 2229/2417/2229
f 2231/2419/2231 2239/2427/2239 2238/2426/2238 2230/2418/2230
f 2232/2420/2232 2240/2428/2240 2239/2427/2239 2231/2419/2231
f 2233/2421/2233 2241/2429/2241 2184/2364/2184 2175/2355/2175
f 2234/2422/2234 2242/2430/2242 2241/2429/2241 2233/2421/2233
f 2235/2423/2235 2243/2431/2243 2242/2430/2242 2234/2422/2234
f 2236/2424/2236 2244/2432/2244 2243/2431/2243 2235/2423/2235
f 2237/2425/2237 2245/2433/2245 2244/2432/2244 2236/2424/2236
f 2238/2426/2238 2246/2434/2246 2245/2433/2245 2237/2425/2237
f 2239/2427/2239 2247/2435/2247 2246/2434/2246 2238/2426/2238
f 2240/2428/2240 2248/2436/2248 2247/2435/2247 2239/2427/2239
f 2249/2445/2249 2250/2446/2250 2050/2438/2050 2049/2437/2049
f 2250/2446/2250 2251/2447/2251 2051/2439/2051 2050/2438/2050
f 2251/2447/2251 2252/2448/2252 2052/2440/2052 2051/2439/2051
f 2252/2448/2252 2253/2449/2253 2053/2441/2053 2052/2440/2052
f 2253/2449/2253 2254/2450/2254 2054/2442/2054 2053/2441/2053
f 2254/2450/2254 2255/2451/2255 2055/2443/2055 2054/2442/2054
f 2255/2451/2255 2256/2452/2256 2056/2444/2056 2055/2443/2055
f 2256/2452/2256 2192/2380/2192 1992/2372/1992 2056/2444/2056
f 2257/2453/2257 2258/2454/2258 2250/2446/2250 2249/2445/2249
f 2258/2454/2258 2259/2455/2259 2251/2447/2251 2250/2446/2250
f 2259/2455/2259 2260/2456/2260 2252/2448/2252 2251/2447/2251
f 2260/2456/2260 2261/2457/2261 2253/2449/2253 2252/2448/2252
f 2261/2457/2261 2262/2458/2262 2254/2450/2254 2253/2449/2253
f 2262/2458/2262 2263/2459/2263 2255/2451/2255 2254/2450/2254
f 2263/2459/2263 2264/2460/2264 2256/2452/2256 2255/2451/2255
f 2264/2460/2264 2200/2388/2200 2192/2380/2192 2256/2452/2256
f 2265/2461/2265 2266/2462/2266 2258/2454/2258 2257/2453/2257
f 2266/2462/2266 2267/2463/2267 2259/2455/2259 2258/2454/2258
f 2267/2463/2267 2268/2464/2268 2260/2456/2260 2259/2455/2259
f 2268/2464/2268 2269/2465/2269 2261/2457/2261 2260/2456/2260
f 2269/2465/2269 2270/2466/2270 2262/2458/2262 2261/2457/2261
f 2270/2466/2270 2271/2467/2271 2263/2459/2263 2262/2458/2262
f 2271/2467/2271 2272/2468/2272 2264/2460/2264 2263/2459/2263
f 2272/2468/2272 2208/2396/2208 2200/2388/2200 2264/2460/2264
f 2273/2469/2273 2274/2470/2274 2266/2462/2266 2265/2461/2265
f 2274/2470/2274 2275/2471/2275 2267/2463/2267 2266/2462/2266
f 2275/2471/2275 2276/2472/2276 2268/2464/2268 2267/2463/2267
f 2276/2472/2276 2277/2473/2277 2269/2465/2269 2268/2464/2268
f 2277/2473/2277 2278/2474/2278 2270/2466/2270 2269/2465/2269
f 2278/2474/2278 2279/2475/2279 2271/2467/2271 2270/2466/2270
f 2279/2475/2279 2280/2476/2280 2272/2468/2272 2271/2467/2271
f 2280/2476/2280 2216/2404/2216 2208/2396/2208 2272/2468/2272
f 2281/2477/2281 2282/2478/2282 2274/2470/2274 2273/2469/2273
f 2282/2478/2282 2283/2479/2283 2275/2471/2275 2274/2470/2274
f 2283/2479/2283 2284/2480/2284 2276/2472/2276 2275/2471/2275
f 2284/2480/2284 2285/2481/2285 2277/2473/2277 2276/2472/2276
f 2285/2481/2285 2286/2482/2286 2278/2474/2278 2277/2473/2277
f 2286/2482/2286 2287/2483/2287 2279/2475/2279 2278/2474/2278
f 2287/2483/2287 2288/2484/2288 2280/2476/2280 2279/2475/2279
f 2288/2484/2288 2224/2412/2224 2216/2404/2216 2280/2476/2280
f 2289/2485/2289 2290/2486/2290 2282/2478/2282 2281/2477/2281
f 2290/2486/2290 2291/2487/2291 2283/2479/2283 2282/2478/2282
f 2291/2487/2291 2292/2488/2292 2284/2480/2284 2283/2479/2283
f 2292/2488/2292 2293/2489/2293 2285/2481/2285 2284/2480/2284
f 2293/2489/2293 2294/2490/2294 2286/2482/2286 2285/2481/2285
f 2294/2490/2294 2295/2491/2295 2287/2483/2287 2286/2482/2286
f 2295/2491/2295 2296/2492/2296 2288/2484/2288 2287/2483/2287
f 2296/2492/2296 2232/2420/2232 2224/2412/2224 2288/2484/2288
f 2297/2493/2297 2298/2494/2298 2290/2486/2290 2289/2485/2289
f 2298/2494/2298 2299/2495/2299 2291/2487/2291 2290/2486/2290
f 2299/2495/2299 2300/2496/2300 2292/2488/2292 2291/2487/2291
f 2300/2496/2300 2301/2497/2301 2293/2489/2293 2292/2488/2292
f 2301/2497/2301 2302/2498/2302 2294/2490/2294 2293/2489/2293
f 2302/2498/2302 2303/2499/2303 2295/2491/2295 2294/2490/2294
f 2303/2499/2303 2304/2500/2304 2296/2492/2296 2295/2491/2295
f 2304/2500/2304 2240/2428/2240 2232/2420/2232 2296/2492/2296
f 2305/2501/2305 2306/2502/2306 2298/2494/2298 2297/2493/2297
f 2306/2502/2306 2307/2503/2307 2299/2495/2299 2298/2494/2298
f 2307/2503/2307 2308/2504/2308 2300/2496/2300 2299/2495/2299
f 2308/2504/2308 2309/2505/2309 2301/2497/2301 2300/2496/2300
f 2309/2505/2309 2310/2506/2310 2302/2498/2302 2301/2497/2301
f 2310/2506/2310 2311/2507/2311 2303/2499/2303 2302/2498/2302
f 2311/2507/2311 2312/2508/2312 2304/2500/2304 2303/2499/2303
f 2312/2508/2312 2248/2436/2248 2240/2428/2240 2304/2500/2304
f 2113/2293/2113 2313/2516/2313 2106/2509/2106 1921/2284/1921
f 2313/2516/2313 2314/2517/2314 2107/2510/2107 2106/2509/2106
f 2314/2517/2314 2315/2518/2315 2108/2511/2108 2107/2510/2107
f 2315/2518/2315 2316/2519/2316 2109/2512/2109 2108/2511/2108
f 2316/2519/2316 2317/2520/2317 2110/2513/2110 2109/2512/2109
f 2317/2520/2317 2318/2521/2318 2111/2514/2111 2110/2513/2110
f 2318/2521/2318 2319/2522/2319 2112/2515/2112 2111/2514/2111
f 2319/2522/2319 2249/2445/2249 2049/2437/2049 2112/2515/2112
f 2122/2302/2122 2320/2523/2320 2313/2516/2313 2113/2293/2113
f 2320/2523/2320 2321/2524/2321 2314/2517/2314 2313/2516/2313
f 2321/2524/2321 2322/2525/2322 2315/2518/2315 2314/2517/2314
f 2322/2525/2322 2323/2526/2323 2316/2519/2316 2315/2518/2315
f 2323/2526/2323 2324/2527/2324 2317/2520/2317 2316/2519/2316
f 2324/2527/2324 2325/2528/2325 2318/2521/2318 2317/2520/2317
f 2325/2528/2325 2326/2529/2326 2319/2522/2319 2318/2521/2318
f 2326/2529/2326 2257/2453/2257 2249/2445/2249 2319/2522/2319
f 2131/2311/2131 2327/2530/2327 2320/2523/2320 2122/2302/2122
f 2327/2530/2327 2328/2531/2328 2321/2524/2321 2320/2523/2320
f 2328/2531/2328 2329/2532/2329 2322/2525/2322 2321/2524/2321
f 2329/2532/2329 2330/2533/2330 2323/2526/2323 2322/2525/2322
f 2330/2533/2330 2331/2534/2331 2324/2527/2324 2323/2526/2323
f 2331/2534/2331 2332/2535/2332 2325/2528/2325 2324/2527/2324
f 2332/2535/2332 2333/2536/2333 2326/2529/2326 2325/2528/2325
f 2333/2536/2333 2265/2461/2265 2257/2453/2257 2326/2529/2326
f 2140/2320/2140 2334/2537/2334 2327/2530/2327 2131/2311/2131
f 2334/2537/2334 2335/2538/2335 2328/2531/2328 2327/2530/2327
f 2335/2538/2335 2336/2539/2336 2329/2532/2329 2328/2531/2328
f 2336/2539/2336 2337/2540/2337 2330/2533/2330 2329/2532/2329
f 2337/2540/2337 2338/2541/2338 2331/2534/2331 2330/2533/2330
f 2338/2541/2338 2339/2542/2339 2332/2535/2332 2331/2534/2331
f 2339/2542/2339 2340/2543/2340 2333/2536/2333 2332/2535/2332
f 2340/2543/2340 2273/2469/2273 2265/2461/2265 2333/2536/2333
f 2149/2329/2149 2341/2544/2341 2334/2537/2334 2140/2320/2140
f 2341/2544/2341 2342/2545/2342 2335/2538/2335 2334/2537/2334
f 2342/2545/2342 2343/2546/2343 2336/2539/2336 2335/2538/2335
f 2343/2546/2343 2344/2547/2344 2337/2540/2337 2336/2539/2336
f 2344/2547/2344 2345/2548/2345 2338/2541/2338 2337/2540/2337
f 2345/2548/2345 2346/2549/2346 2339/2542/2339 2338/2541/2338
f 2346/2549/2346 2347/2550/2347 2340/2543/2340 2339/2542/2339
f 2347/2550/2347 2281/2477/2281 2273/2469/2273 2340/2543/2340
f 2158/2338/2158 2348/2551/2348 2341/2544/2341 2149/2329/2149
f 2348/2551/2348 2349/2552/2349 2342/2545/2342 2341/2544/2341
f 2349/2552/2349 2350/2553/2350 2343/2546/2343 2342/2545/2342
f 2350/2553/2350 2351/2554/2351 2344/2547/2344 2343/2546/2343
f 2351/2554/2351 2352/2555/2352 2345/2548/2345 2344/2547/2344
f 2352/2555/2352 2353/2556/2353 2346/2549/2346 2345/2548/2345
f 2353/2556/2353 2354/2557/2354 2347/2550/2347 2346/2549/2346
f 2354/2557/2354 2289/2485/2289 2281/2477/2281 2347/2550/2347
f 2167/2347/2167 2355/2558/2355 2348/2551/2348 2158/2338/2158
f 2355/2558/2355 2356/2559/2356 2349/2552/2349 2348/2551/2348
f 2356/2559/2356 2357/2560/2357 2350/2553/2350 2349/2552/2349
f 2357/2560/2357 2358/2561/2358 2351/2554/2351 2350/2553/2350
f 2358/2561/2358 2359/2562/2359 2352/2555/2352 2351/2554/2351
f 2359/2562/2359 2360/2563/2360 2353/2556/2353 2352/2555/2352
f 2360/2563/2360 2361/2564/2361 2354/2557/2354 2353/2556/2353
f 2361/2564/2361 2297/2493/2297 2289/2485/2289 2354/2557/2354
f 2176/2356/2176 2362/2565/2362 2355/2558/2355 2167/2347/2167
f 2362/2565/2362 2363/2566/2363 2356/2559/2356 2355/2558/2355
f 2363/2566/2363 2364/2567/2364 2357/2560/2357 2356/2559/2356
f 2364/2567/2364 2365/2568/2365 2358/2561/2358 2357/2560/2357
f 2365/2568/2365 2366/2569/2366 2359/2562/2359 2358/2561/2358
f 2366/2569/2366 2367/2570/2367 2360/2563/2360 2359/2562/2359
f 2367/2570/2367 2368/2571/2368 2361/2564/2361 2360/2563/2360
f 2368/2571/2368 2305/2501/2305 2297/2493/2297 2361/2564/2361
f 2370/2573/2370 2379/2582/2379 2378/2581/2378 2369/2572/2369
f 2371/2574/2371 2380/2583/2380 2379/2582/2379 2370/2573/2370
f 2372/2575/2372 2381/2584/2381 2380/2583/2380 2371/2574/2371
f 2373/2576/2373 2382/2585/2382 2381/2584/2381 2372/2575/2372
f 2374/2577/2374 2383/2586/2383 2382/2585/2382 2373/2576/2373
f 2375/2578/2375 2384/2587/2384 2383/2586/2383 2374/2577/2374
f 2376/2579/2376 2385/2588/2385 2384/2587/2384 2375/2578/2375
f 2377/2580/2377 2386/2589/2386 2385/2588/2385 2376/2579/2376
f 2379/2582/2379 2388/2591/2388 2387/2590/2387 2378/2581/2378
f 2380/2583/2380 2389/2592/2389 2388/2591/2388 2379/2582/2379
f 2381/2584/2381 2390/2593/2390 2389/2592/2389 2380/2583/2380
f 2382/2585/2382 2391/2594/2391 2390/2593/2390 2381/2584/2381
f 2383/2586/2383 2392/2595/2392 2391/2594/2391 2382/2585/2382
f 2384/2587/2384 2393/2596/2393 2392/2595/2392 2383/2586/2383
f 2385/2588/2385 2394/2597/2394 2393/2596/2393 2384/2587/2384
f 2386/2589/2386 2395/2598/2395 2394/2597/2394 2385/2588/2385
f 2388/2591/2388 2397/2600/2397 2396/2599/2396 2387/2590/2387
f 2389/2592/2389 2398/2601/2398 2397/2600/2397 2388/2591/2388
f 2390/2593/2390 2399/2602/2399 2398/2601/2398 2389/2592/2389
f 2391/2594/2391 2400/2603/2400 2399/2602/2399 2390/2593/2390
f 2392/2595/2392 2401/2604/2401 2400/2603/2400 2391/2594/2391
f 2393/2596/2393 2402/2605/2402 2401/2604/2401 2392/2595/2392
f 2394/2597/2394 2403/2606/2403 2402/2605/2402 2393/2596/2393
f 2395/2598/2395 2404/2607/2404 2403/2606/2403 2394/2597/2394
f 2397/2600/2397 2406/2609/2406 2405/2608/2405 2396/2599/2396
f 2398/2601/2398 2407/2610/2407 2406/2609/2406 2397/2600/2397
f 2399/2602/2399 2408/2611/2408 2407/2610/2407 2398/2601/2398
f 2400/2603/2400 2409/2612/2409 2408/2611/2408 2399/2602/2399
f 2401/2604/2401 2410/2613/2410 2409/2612/2409 2400/2603/2400
f 2402/2605/2402 2411/2614/2411 2410/2613/2410 2401/2604/2401
f 2403/2606/2403 2412/2615/2412 2411/2614/2411 2402/2605/2402
f 2404/2607/2404 2413/2616/2413 2412/2615/2412 2403/2606/2403
f 2406/2609/2406 2415/2618/2415 2414/2617/2414 2405/2608/2405
f 2407/2610/2407 2416/2619/2416 2415/2618/2415 2406/2609/2406
f 2408/2611/2408 2417/2620/2417 2416/2619/2416 2407/2610/2407
f 2409/2612/2409 2418/2621/2418 2417/2620/2417 2408/2611/2408
f 2410/2613/2410 2419/2622/2419 2418/2621/2418 2409/2612/2409
f 2411/2614/2411 2420/2623/2420 2419/2622/2419 2410/2613/2410
f 2412/2615/2412 2421/2624/2421 2420/2623/2420 2411/2614/2411
f 2413/2616/2413 2422/2625/2422 2421/2624/2421 2412/2615/2412
f 2415/2618/2415 2424/2627/2424 2423/2626/2423 2414/2617/2414
f 2416/2619/2416 2425/2628/2425 2424/2627/2424 2415/2618/2415
f 2417/2620/2417 2426/2629/2426 2425/2628/2425 2416/2619/2416
f 2418/2621/2418 2427/2630/2427 2426/2629/2426 2417/2620/2417
f 2419/2622/2419 2428/2631/2428 2427/2630/2427 2418/2621/2418
f 2420/2623/2420 2429/2632/2429 2428/2631/2428 2419/2622/2419
f 2421/2624/2421 2430/2633/2430 2429/2632/2429 2420/2623/2420
f 2422/2625/2422 2431/2634/2431 2430/2633/2430 2421/2624/2421
f 2424/2627/2424 410/433/410 409/432/409 2423/2626/2423
f 2425/2628/2425 411/434/411 410/433/410 2424/2627/2424
f 2426/2629/2426 412/435/412 411/434/411 2425/2628/2425
f 2427/2630/2427 413/436/413 412/435/412 2426/2629/2426
f 2428/2631/2428 414/437/414 413/436/413 2427/2630/2427
f 2429/2632/2429 415/438/415 414/437/414 2428/2631/2428
f 2430/2633/2430 416/439/416 415/438/415 2429/2632/2429
f 2431/2634/2431 417/440/417 416/439/416 2430/2633/2430
f 2434/2636/2434 2435/2637/2435 2370/2573/2370
f 2434/2636/2434 2370/2573/2370 2369/2572/2369
f 2435/2637/2435 2436/2638/2436 2371/2574/2371
f 2435/2637/2435 2371/2574/2371 2370/2573/2370
f 2436/2638/2436 2437/2639/2437 2372/2575/2372
f 2436/2638/2436 2372/2575/2372 2371/2574/2371
f 2438/2640/2438 2372/2575/2372 2437/2639/2437
f 2438/2640/2438 2373/2576/2373 2372/2575/2372
f 2438/2640/2438 2439/2641/2439 2373/2576/2373
f 2439/2641/2439 2440/2642/2440 2374/2577/2374
f 2439/2641/2439 2374/2577/2374 2373/2576/2373
f 2440/2642/2440 2441/2643/2441 2375/2578/2375
f 2440/2642/2440 2375/2578/2375 2374/2577/2374
f 2442/2644/2442 2375/2578/2375 2441/2643/2441
f 2442/2644/2442 2376/2579/2376 2375/2578/2375
f 2442/2644/2442 2443/2645/2443 2376/2579/2376
f 2443/2645/2443 2444/2646/2444 2377/2580/2377
f 2443/2645/2443 2377/2580/2377 2376/2579/2376
f 2434/2636/2434 2445/2647/2445 2448/2650/2448 2435/2637/2435
f 2445/2647/2445 2446/2648/2446 2449/2651/2449 2448/2650/2448
f 2446/2648/2446 2447/2649/2447 2450/2652/2450 2449/2651/2449
f 2435/2637/2435 2448/2650/2448 2451/2653/2451 2436/2638/2436
f 2448/2650/2448 2449/2651/2449 2452/2654/2452 2451/2653/2451
f 2449/2651/2449 2450/2652/2450 2453/2655/2453 2452/2654/2452
f 2436/2638/2436 2451/2653/2451 2454/2656/2454 2437/2639/2437
f 2451/2653/2451 2452/2654/2452 2455/2657/2455 2454/2656/2454
f 2452/2654/2452 2453/2655/2453 2456/2658/2456 2455/2657/2455
f 2437/2639/2437 2454/2656/2454 2457/2659/2457 2438/2640/2438
f 2454/2656/2454 2455/2657/2455 2458/2660/2458 2457/2659/2457
f 2455/2657/2455 2456/2658/2456 2459/2661/2459 2458/2660/2458
f 2438/2640/2438 2457/2659/2457 2460/2662/2460 2439/2641/2439
f 2457/2659/2457 2458/2660/2458 2461/2663/2461 2460/2662/2460
f 2458/2660/2458 2459/2661/2459 2462/2664/2462 2461/2663/2461
f 2439/2641/2439 2460/2662/2460 2463/2665/2463 2440/2642/2440
f 2460/2662/2460 2461/2663/2461 2464/2666/2464 2463/2665/2463
f 2461/2663/2461 2462/2664/2462 2465/2667/2465 2464/2666/2464
f 2440/2642/2440 2463/2665/2463 2466/2668/2466 2441/2643/2441
f 2463/2665/2463 2464/2666/2464 2467/2669/2467 2466/2668/2466
f 2464/2666/2464 2465/2667/2465 2468/2670/2468 2467/2669/2467
f 2441/2643/2441 2466/2668/2466 2469/2671/2469 2442/2644/2442
f 2466/2668/2466 2467/2669/2467 2470/2672/2470 2469/2671/2469
f 2467/2669/2467 2468/2670/2468 2471/2673/2471 2470/2672/2470
f 2442/2644/2442 2469/2671/2469 2472/2674/2472 2443/2645/2443
f 2469/2671/2469 2470/2672/2470 2473/2675/2473 2472/2674/2472
f 2470/2672/2470 2471/2673/2471 2474/2676/2474 2473/2675/2473
f 2443/2645/2443 2472/2674/2472 2475/2677/2475 2444/2646/2444
f 2472/2674/2472 2473/2675/2473 2476/2678/2476 2475/2677/2475
f 2473/2675/2473 2474/2676/2474 2477/2679/2477 2476/2678/2476
f 2378/2688/2378 2485/2689/2485 2478/2681/2478 2369/2680/2369
f 2485/2689/2485 2486/2690/2486 2479/2682/2479 2478/2681/2478
f 2486/2690/2486 2487/2691/2487 2480/2683/2480 2479/2682/2479
f 2487/2691/2487 2488/2692/2488 2481/2684/2481 2480/2683/2480
f 2488/2692/2488 2489/2693/2489 2482/2685/2482 2481/2684/2481
f 2489/2693/2489 2490/2694/2490 2483/2686/2483 2482/2685/2482
f 2490/2694/2490 2491/2695/2491 2484/2687/2484 2483/2686/2483
f 2491/2695/2491 2386/2589/2386 2377/2580/2377 2484/2687/2484
f 2387/2696/2387 2492/2697/2492 2485/2689/2485 2378/2688/2378
f 2492/2697/2492 2493/2698/2493 2486/2690/2486 2485/2689/2485
f 2493/2698/2493 2494/2699/2494 2487/2691/2487 2486/2690/2486
f 2494/2699/2494 2495/2700/2495 2488/2692/2488 2487/2691/2487
f 2495/2700/2495 2496/2701/2496 2489/2693/2489 2488/2692/2488
f 2496/2701/2496 2497/2702/2497 2490/2694/2490 2489/2693/2489
f 2497/2702/2497 2498/2703/2498 2491/2695/2491 2490/2694/2490
f 2498/2703/2498 2395/2598/2395 2386/2589/2386 2491/2695/2491
f 2396/2704/2396 2499/2705/2499 2492/2697/2492 2387/2696/2387
f 2499/2705/2499 2500/2706/2500 2493/2698/2493 2492/2697/2492
f 2500/2706/2500 2501/2707/2501 2494/2699/2494 2493/2698/2493
f 2501/2707/2501 2502/2708/2502 2495/2700/2495 2494/2699/2494
f 2502/2708/2502 2503/2709/2503 2496/2701/2496 2495/2700/2495
f 2503/2709/2503 2504/2710/2504 2497/2702/2497 2496/2701/2496
f 2504/2710/2504 2505/2711/2505 2498/2703/2498 2497/2702/2497
f 2505/2711/2505 2404/2607/2404 2395/2598/2395 2498/2703/2498
f 2405/2712/2405 2506/2713/2506 2499/2705/2499 2396/2704/2396
f 2506/2713/2506 2507/2714/2507 2500/2706/2500 2499/2705/2499
f 2507/2714/2507 2508/2715/2508 2501/2707/2501 2500/2706/2500
f 2508/2715/2508 2509/2716/2509 2502/2708/2502 2501/2707/2501
f 2509/2716/2509 2510/2717/2510 2503/2709/2503 2502/2708/2502
f 2510/2717/2510 2511/2718/2511 2504/2710/2504 2503/2709/2503
f 2511/2718/2511 2512/2719/2512 2505/2711/2505 2504/2710/2504
f 2512/2719/2512 2413/2616/2413 2404/2607/2404 2505/2711/2505
f 2414/2720/2414 2513/2721/2513 2506/2713/2506 2405/2712/2405
f 2513/2721/2513 2514/2722/2514 2507/2714/2507 2506/2713/2506
f 2514/2722/2514 2515/2723/2515 2508/2715/2508 2507/2714/2507
f 2515/2723/2515 2516/2724/2516 2509/2716/2509 2508/2715/2508
f 2516/2724/2516 2517/2725/2517 2510/2717/2510 2509/2716/2509
f 2517/2725/2517 2518/2726/2518 2511/2718/2511 2510/2717/2510
f 2518/2726/2518 2519/2727/2519 2512/2719/2512 2511/2718/2511
f 2519/2727/2519 2422/2625/2422 2413/2616/2413 2512/2719/2512
f 2423/2728/2423 2520/2729/2520 2513/2721/2513 2414/2720/2414
f 2520/2729/2520 2521/2730/2521 2514/2722/2514 2513/2721/2513
f 2521/2730/2521 2522/2731/2522 2515/2723/2515 2514/2722/2514
f 2522/2731/2522 2523/2732/2523 2516/2724/2516 2515/2723/2515
f 2523/2732/2523 2524/2733/2524 2517/2725/2517 2516/2724/2516
f 2524/2733/2524 2525/2734/2525 2518/2726/2518 2517/2725/2517
f 2525/2734/2525 2526/2735/2526 2519/2727/2519 2518/2726/2518
f 2526/2735/2526 2431/2634/2431 2422/2625/2422 2519/2727/2519
f 2432/2736/2432 2527/2737/2527 2520/2729/2520 2423/2728/2423
f 2527/2737/2527 2528/2738/2528 2521/2730/2521 2520/2729/2520
f 2528/2738/2528 2529/2739/2529 2522/2731/2522 2521/2730/2521
f 2529/2739/2529 2530/2740/2530 2523/2732/2523 2522/2731/2522
f 2530/2740/2530 2531/2741/2531 2524/2733/2524 2523/2732/2523
f 2531/2741/2531 2532/2742/2532 2525/2734/2525 2524/2733/2524
f 2532/2742/2532 2533/2743/2533 2526/2735/2526 2525/2734/2525
f 2533/2743/2533 2433/2635/2433 2431/2634/2431 2526/2735/2526
f 2478/2681/2478 2534/2745/2534 2434/2744/2434
f 2369/2680/2369 2478/2681/2478 2434/2744/2434
f 2479/2682/2479 2535/2746/2535 2534/2745/2534
f 2478/2681/2478 2479/2682/2479 2534/2745/2534
f 2480/2683/2480 2536/2747/2536 2535/2746/2535
f 2479/2682/2479 2480/2683/2480 2535/2746/2535
f 2536/2747/2536 2480/2683/2480 2537/2748/2537
f 2480/2683/2480 2481/2684/2481 2537/2748/2537
f 2481/2684/2481 2538/2749/2538 2537/2748/2537
f 2482/2685/2482 2539/2750/2539 2538/2749/2538
f 2481/2684/2481 2482/2685/2482 2538/2749/2538
f 2483/2686/2483 2540/2751/2540 2539/2750/2539
f 2482/2685/2482 2483/2686/2483 2539/2750/2539
f 2540/2751/2540 2483/2686/2483 2541/2752/2541
f 2483/2686/2483 2484/2687/2484 2541/2752/2541
f 2484/2687/2484 2542/2753/2542 2541/2752/2541
f 2377/2580/2377 2444/2646/2444 2542/2753/2542
f 2484/2687/2484 2377/2580/2377 2542/2753/2542
f 2543/2757/2543 2445/2754/2445 2434/2744/2434 2534/2745/2534
f 2544/2758/2544 2446/2755/2446 2445/2754/2445 2543/2757/2543
f 2545/2759/2545 2447/2756/2447 2446/2755/2446 2544/2758/2544
f 2546/2760/2546 2543/2757/2543 2534/2745/2534 2535/2746/2535
f 2547/2761/2547 2544/2758/2544 2543/2757/2543 2546/2760/2546
f 2548/2762/2548 2545/2759/2545 2544/2758/2544 2547/2761/2547
f 2549/2763/2549 2546/2760/2546 2535/2746/2535 2536/2747/2536
f 2550/2764/2550 2547/2761/2547 2546/2760/2546 2549/2763/2549
f 2551/2765/2551 2548/2762/2548 2547/2761/2547 2550/2764/2550
f 2552/2766/2552 2549/2763/2549 2536/2747/2536 2537/2748/2537
f 2553/2767/2553 2550/2764/2550 2549/2763/2549 2552/2766/2552
f 2554/2768/2554 2551/2765/2551 2550/2764/2550 2553/2767/2553
f 2555/2769/2555 2552/2766/2552 2537/2748/2537 2538/2749/2538
f 2556/2770/2556 2553/2767/2553 2552/2766/2552 2555/2769/2555
f 2557/2771/2557 2554/2768/2554 2553/2767/2553 2556/2770/2556
f 2558/2772/2558 2555/2769/2555 2538/2749/2538 2539/2750/2539
f 2559/2773/2559 2556/2770/2556 2555/2769/2555 2558/2772/2558
f 2560/2774/2560 2557/2771/2557 2556/2770/2556 2559/2773/2559
f 2561/2775/2561 2558/2772/2558 2539/2750/2539 2540/2751/2540
f 2562/2776/2562 2559/2773/2559 2558/2772/2558 2561/2775/2561
f 2563/2777/2563 2560/2774/2560 2559/2773/2559 2562/2776/2562
f 2564/2778/2564 2561/2775/2561 2540/2751/2540 2541/2752/2541
f 2565/2779/2565 2562/2776/2562 2561/2775/2561 2564/2778/2564
f 2566/2780/2566 2563/2777/2563 2562/2776/2562 2565/2779/2565
f 2567/2781/2567 2564/2778/2564 2541/2752/2541 2542/2753/2542
f 2568/2782/2568 2565/2779/2565 2564/2778/2564 2567/2781/2567
f 2569/2783/2569 2566/2780/2566 2565/2779/2565 2568/2782/2568
f 2475/2677/2475 2567/2781/2567 2542/2753/2542 2444/2646/2444
f 2476/2678/2476 2568/2782/2568 2567/2781/2567 2475/2677/2475
f 2477/2679/2477 2569/2783/2569 2568/2782/2568 2476/2678/2476
f 2571/2785/2571 2580/2794/2580 2579/2793/2579 2570/2784/2570
f 2572/2786/2572 2581/2795/2581 2580/2794/2580 2571/2785/2571
f 2573/2787/2573 2582/2796/2582 2581/2795/2581 2572/2786/2572
f 2574/2788/2574 2583/2797/2583 2582/2796/2582 2573/2787/2573
f 2575/2789/2575 2584/2798/2584 2583/2797/2583 2574/2788/2574
f 2576/2790/2576 2585/2799/2585 2584/2798/2584 2575/2789/2575
f 2577/2791/2577 2586/2800/2586 2585/2799/2585 2576/2790/2576
f 2578/2792/2578 2587/2801/2587 2586/2800/2586 2577/2791/2577
f 2580/2794/2580 2589/2803/2589 2588/2802/2588 2579/2793/2579
f 2581/2795/2581 2590/2804/2590 2589/2803/2589 2580/2794/2580
f 2582/2796/2582 2591/2805/2591 2590/2804/2590 2581/2795/2581
f 2583/2797/2583 2592/2806/2592 2591/2805/2591 2582/2796/2582
f 2584/2798/2584 2593/2807/2593 2592/2806/2592 2583/2797/2583
f 2585/2799/2585 2594/2808/2594 2593/2807/2593 2584/2798/2584
f 2586/2800/2586 2595/2809/2595 2594/2808/2594 2585/2799/2585
f 2587/2801/2587 2596/2810/2596 2595/2809/2595 2586/2800/2586
f 2589/2803/2589 2598/2812/2598 2597/2811/2597 2588/2802/2588
f 2590/2804/2590 2599/2813/2599 2598/2812/2598 2589/2803/2589
f 2591/2805/2591 2600/2814/2600 2599/2813/2599 2590/2804/2590
f 2592/2806/2592 2601/2815/2601 2600/2814/2600 2591/2805/2591
f 2593/2807/2593 2602/2816/2602 2601/2815/2601 2592/2806/2592
f 2594/2808/2594 2603/2817/2603 2602/2816/2602 2593/2807/2593
f 2595/2809/2595 2604/2818/2604 2603/2817/2603 2594/2808/2594
f 2596/2810/2596 2605/2819/2605 2604/2818/2604 2595/2809/2595
f 2598/2812/2598 2607/2821/2607 2606/2820/2606 2597/2811/2597
f 2599/2813/2599 2608/2822/2608 2607/2821/2607 2598/2812/2598
f 2600/2814/2600 2609/2823/2609 2608/2822/2608 2599/2813/2599
f 2601/2815/2601 2610/2824/2610 2609/2823/2609 2600/2814/2600
f 2602/2816/2602 2611/2825/2611 2610/2824/2610 2601/2815/2601
f 2603/2817/2603 2612/2826/2612 2611/2825/2611 2602/2816/2602
f 2604/2818/2604 2613/2827/2613 2612/2826/2612 2603/2817/2603
f 2605/2819/2605 2614/2828/2614 2613/2827/2613 2604/2818/2604
f 2607/2821/2607 2616/2830/2616 2615/2829/2615 2606/2820/2606
f 2608/2822/2608 2617/2831/2617 2616/2830/2616 2607/2821/2607
f 2609/2823/2609 2618/2832/2618 2617/2831/2617 2608/2822/2608
f 2610/2824/2610 2619/2833/2619 2618/2832/2618 2609/2823/2609
f 2611/2825/2611 2620/2834/2620 2619/2833/2619 2610/2824/2610
f 2612/2826/2612 2621/2835/2621 2620/2834/2620 2611/2825/2611
f 2613/2827/2613 2622/2836/2622 2621/2835/2621 2612/2826/2612
f 2614/2828/2614 2623/2837/2623 2622/2836/2622 2613/2827/2613
f 2616/2830/2616 2625/2839/2625 2624/2838/2624 2615/2829/2615
f 2617/2831/2617 2626/2840/2626 2625/2839/2625 2616/2830/2616
f 2618/2832/2618 2627/2841/2627 2626/2840/2626 2617/2831/2617
f 2619/2833/2619 2628/2842/2628 2627/2841/2627 2618/2832/2618
f 2620/2834/2620 2629/2843/2629 2628/2842/2628 2619/2833/2619
f 2621/2835/2621 2630/2844/2630 2629/2843/2629 2620/2834/2620
f 2622/2836/2622 2631/2845/2631 2630/2844/2630 2621/2835/2621
f 2623/2837/2623 2632/2846/2632 2631/2845/2631 2622/2836/2622
f 2625/2839/2625 2634/2848/2634 2633/2847/2633 2624/2838/2624
f 2626/2840/2626 2635/2849/2635 2634/2848/2634 2625/2839/2625
f 2627/2841/2627 2636/2850/2636 2635/2849/2635 2626/2840/2626
f 2628/2842/2628 2637/2851/2637 2636/2850/2636 2627/2841/2627
f 2629/2843/2629 2638/2852/2638 2637/2851/2637 2628/2842/2628
f 2630/2844/2630 2639/2853/2639 2638/2852/2638 2629/2843/2629
f 2631/2845/2631 2640/2854/2640 2639/2853/2639 2630/2844/2630
f 2632/2846/2632 2641/2855/2641 2640/2854/2640 2631/2845/2631
f 2634/2848/2634 2643/2857/2643 2642/2856/2642 2633/2847/2633
f 2635/2849/2635 2644/2858/2644 2643/2857/2643 2634/2848/2634
f 2636/2850/2636 2645/2859/2645 2644/2858/2644 2635/2849/2635
f 2637/2851/2637 2646/2860/2646 2645/2859/2645 2636/2850/2636
f 2638/2852/2638 2647/2861/2647 2646/2860/2646 2637/2851/2637
f 2639/2853/2639 2648/2862/2648 2647/2861/2647 2638/2852/2638
f 2640/2854/2640 2649/2863/2649 2648/2862/2648 2639/2853/2639
f 2641/2855/2641 2650/2864/2650 2649/2863/2649 2640/2854/2640
f 2651/2865/2651 2659/2873/2659 2587/2801/2587 2578/2792/2578
f 2652/2866/2652 2660/2874/2660 2659/2873/2659 2651/2865/2651
f 2653/2867/2653 2661/2875/2661 2660/2874/2660 2652/2866/2652
f 2654/2868/2654 2662/2876/2662 2661/2875/2661 2653/2867/2653
f 2655/2869/2655 2663/2877/2663 2662/2876/2662 2654/2868/2654
f 2656/2870/2656 2664/2878/2664 2663/2877/2663 2655/2869/2655
f 2657/2871/2657 2665/2879/2665 2664/2878/2664 2656/2870/2656
f 2658/2872/2658 2666/2880/2666 2665/2879/2665 2657/2871/2657
f 2659/2873/2659 2667/2881/2667 2596/2810/2596 2587/2801/2587
f 2660/2874/2660 2668/2882/2668 2667/2881/2667 2659/2873/2659
f 2661/2875/2661 2669/2883/2669 2668/2882/2668 2660/2874/2660
f 2662/2876/2662 2670/2884/2670 2669/2883/2669 2661/2875/2661
f 2663/2877/2663 2671/2885/2671 2670/2884/2670 2662/2876/2662
f 2664/2878/2664 2672/2886/2672 2671/2885/2671 2663/2877/2663
f 2665/2879/2665 2673/2887/2673 2672/2886/2672 2664/2878/2664
f 2666/2880/2666 2674/2888/2674 2673/2887/2673 2665/2879/2665
f 2667/2881/2667 2675/2889/2675 2605/2819/2605 2596/2810/2596
f 2668/2882/2668 2676/2890/2676 2675/2889/2675 2667/2881/2667
f 2669/2883/2669 2677/2891/2677 2676/2890/2676 2668/2882/2668
f 2670/2884/2670 2678/2892/2678 2677/2891/2677 2669/2883/2669
f 2671/2885/2671 2679/2893/2679 2678/2892/2678 2670/2884/2670
f 2672/2886/2672 2680/2894/2680 2679/2893/2679 2671/2885/2671
f 2673/2887/2673 2681/2895/2681 2680/2894/2680 2672/2886/2672
f 2674/2888/2674 2682/2896/2682 2681/2895/2681 2673/2887/2673
f 2675/2889/2675 2683/2897/2683 2614/2828/2614 2605/2819/2605
f 2676/2890/2676 2684/2898/2684 2683/2897/2683 2675/2889/2675
f 2677/2891/2677 2685/2899/2685 2684/2898/2684 2676/2890/2676
f 2678/2892/2678 2686/2900/2686 2685/2899/2685 2677/2891/2677
f 2679/2893/2679 2687/2901/2687 2686/2900/2686 2678/2892/2678
f 2680/2894/2680 2688/2902/2688 2687/2901/2687 2679/2893/2679
f 2681/2895/2681 2689/2903/2689 2688/2902/2688 2680/2894/2680
f 2682/2896/2682 2690/2904/2690 2689/2903/2689 2681/2895/2681
f 2683/2897/2683 2691/2905/2691 2623/2837/2623 2614/2828/2614
f 2684/2898/2684 2692/2906/2692 2691/2905/2691 2683/2897/2683
f 2685/2899/2685 2693/2907/2693 2692/2906/2692 2684/2898/2684
f 2686/2900/2686 2694/2908/2694 2693/2907/2693 2685/2899/2685
f 2687/2901/2687 2695/2909/2695 2694/2908/2694 2686/2900/2686
f 2688/2902/2688 2696/2910/2696 2695/2909/2695 2687/2901/2687
f 2689/2903/2689 2697/2911/2697 2696/2910/2696 2688/2902/2688
f 2690/2904/2690 2698/2912/2698 2697/2911/2697 2689/2903/2689
f 2691/2905/2691 2699/2913/2699 2632/2846/2632 2623/2837/2623
f 2692/2906/2692 2700/2914/2700 2699/2913/2699 2691/2905/2691
f 2693/2907/2693 2701/2915/2701 2700/2914/2700 2692/2906/2692
f 2694/2908/2694 2702/2916/2702 2701/2915/2701 2693/2907/2693
f 2695/2909/2695 2703/2917/2703 2702/2916/2702 2694/2908/2694
f 2696/2910/2696 2704/2918/2704 2703/2917/2703 2695/2909/2695
f 2697/2911/2697 2705/2919/2705 2704/2918/2704 2696/2910/2696
f 2698/2912/2698 2706/2920/2706 2705/2919/2705 2697/2911/2697
f 2699/2913/2699 2707/2921/2707 2641/2855/2641 2632/2846/2632
f 2700/2914/2700 2708/2922/2708 2707/2921/2707 2699/2913/2699
f 2701/2915/2701 2709/2923/2709 2708/2922/2708 2700/2914/2700
f 2702/2916/2702 2710/2924/2710 2709/2923/2709 2701/2915/2701
f 2703/2917/2703 2711/2925/2711 2710/2924/2710 2702/2916/2702
f 2704/2918/2704 2712/2926/2712 2711/2925/2711 2703/2917/2703
f 2705/2919/2705 2713/2927/2713 2712/2926/2712 2704/2918/2704
f 2706/2920/2706 2714/2928/2714 2713/2927/2713 2705/2919/2705
f 2707/2921/2707 2715/2929/2715 2650/2864/2650 2641/2855/2641
f 2708/2922/2708 2716/2930/2716 2715/2929/2715 2707/2921/2707
f 2709/2923/2709 2717/2931/2717 2716/2930/2716 2708/2922/2708
f 2710/2924/2710 2718/2932/2718 2717/2931/2717 2709/2923/2709
f 2711/2925/2711 2719/2933/2719 2718/2932/2718 2710/2924/2710
f 2712/2926/2712 2720/2934/2720 2719/2933/2719 2711/2925/2711
f 2713/2927/2713 2721/2935/2721 2720/2934/2720 2712/2926/2712
f 2714/2928/2714 2722/2936/2722 2721/2935/2721 2713/2927/2713
f 2731/2945/2731 2732/2946/2732 2724/2938/2724 2723/2937/2723
f 2732/2946/2732 2733/2947/2733 2725/2939/2725 2724/2938/2724
f 2733/2947/2733 2734/2948/2734 2726/2940/2726 2725/2939/2725
f 2734/2948/2734 2735/2949/2735 2727/2941/2727 2726/2940/2726
f 2735/2949/2735 2736/2950/2736 2728/2942/2728 2727/2941/2727
f 2736/2950/2736 2737/2951/2737 2729/2943/2729 2728/2942/2728
f 2737/2951/2737 2738/2952/2738 2730/2944/2730 2729/2943/2729
f 2738/2952/2738 2666/2880/2666 2658/2872/2658 2730/2944/2730
f 2739/2953/2739 2740/2954/2740 2732/2946/2732 2731/2945/2731
f 2740/2954/2740 2741/2955/2741 2733/2947/2733 2732/2946/2732
f 2741/2955/2741 2742/2956/2742 2734/2948/2734 2733/2947/2733
f 2742/2956/2742 2743/2957/2743 2735/2949/2735 2734/2948/2734
f 2743/2957/2743 2744/2958/2744 2736/2950/2736 2735/2949/2735
f 2744/2958/2744 2745/2959/2745 2737/2951/2737 2736/2950/2736
f 2745/2959/2745 2746/2960/2746 2738/2952/2738 2737/2951/2737
f 2746/2960/2746 2674/2888/2674 2666/2880/2666 2738/2952/2738
f 2747/2961/2747 2748/2962/2748 2740/2954/2740 2739/2953/2739
f 2748/2962/2748 2749/2963/2749 2741/2955/2741 2740/2954/2740
f 2749/2963/2749 2750/2964/2750 2742/2956/2742 2741/2955/2741
f 2750/2964/2750 2751/2965/2751 2743/2957/2743 2742/2956/2742
f 2751/2965/2751 2752/2966/2752 2744/2958/2744 2743/2957/2743
f 2752/2966/2752 2753/2967/2753 2745/2959/2745 2744/2958/2744
f 2753/2967/2753 2754/2968/2754 2746/2960/2746 2745/2959/2745
f 2754/2968/2754 2682/2896/2682 2674/2888/2674 2746/2960/2746
f 2755/2969/2755 2756/2970/2756 2748/2962/2748 2747/2961/2747
f 2756/2970/2756 2757/2971/2757 2749/2963/2749 2748/2962/2748
f 2757/2971/2757 2758/2972/2758 2750/2964/2750 2749/2963/2749
f 2758/2972/2758 2759/2973/2759 2751/2965/2751 2750/2964/2750
f 2759/2973/2759 2760/2974/2760 2752/2966/2752 2751/2965/2751
f 2760/2974/2760 2761/2975/2761 2753/2967/2753 2752/2966/2752
f 2761/2975/2761 2762/2976/2762 2754/2968/2754 2753/2967/2753
f 2762/2976/2762 2690/2904/2690 2682/2896/2682 2754/2968/2754
f 2763/2977/2763 2764/2978/2764 2756/2970/2756 2755/2969/2755
f 2764/2978/2764 2765/2979/2765 2757/2971/2757 2756/2970/2756
f 2765/2979/2765 2766/2980/2766 2758/2972/2758 2757/2971/2757
f 2766/2980/2766 2767/2981/2767 2759/2973/2759 2758/2972/2758
f 2767/2981/2767 2768/2982/2768 2760/2974/2760 2759/2973/2759
f 2768/2982/2768 2769/2983/2769 2761/2975/2761 2760/2974/2760
f 2769/2983/2769 2770/2984/2770 2762/2976/2762 2761/2975/2761
f 2770/2984/2770 2698/2912/2698 2690/2904/2690 2762/2976/2762
f 2771/2985/2771 2772/2986/2772 2764/2978/2764 2763/2977/2763
f 2772/2986/2772 2773/2987/2773 2765/2979/2765 2764/2978/2764
f 2773/2987/2773 2774/2988/2774 2766/2980/2766 2765/2979/2765
f 2774/2988/2774 2775/2989/2775 2767/2981/2767 2766/2980/2766
f 2775/2989/2775 2776/2990/2776 2768/2982/2768 2767/2981/2767
f 2776/2990/2776 2777/2991/2777 2769/2983/2769 2768/2982/2768
f 2777/2991/2777 2778/2992/2778 2770/2984/2770 2769/2983/2769
f 2778/2992/2778 2706/2920/2706 2698/2912/2698 2770/2984/2770
f 2779/2993/2779 2780/2994/2780 2772/2986/2772 2771/2985/2771
f 2780/2994/2780 2781/2995/2781 2773/2987/2773 2772/2986/2772
f 2781/2995/2781 2782/2996/2782 2774/2988/2774 2773/2987/2773
f 2782/2996/2782 2783/2997/2783 2775/2989/2775 2774/2988/2774
f 2783/2997/2783 2784/2998/2784 2776/2990/2776 2775/2989/2775
f 2784/2998/2784 2785/2999/2785 2777/2991/2777 2776/2990/2776
f 2785/2999/2785 2786/3000/2786 2778/2992/2778 2777/2991/2777
f 2786/3000/2786 2714/2928/2714 2706/2920/2706 2778/2992/2778
f 2787/3001/2787 2788/3002/2788 2780/2994/2780 2779/2993/2779
f 2788/3002/2788 2789/3003/2789 2781/2995/2781 2780/2994/2780
f 2789/3003/2789 2790/3004/2790 2782/2996/2782 2781/2995/2781
f 2790/3004/2790 2791/3005/2791 2783/2997/2783 2782/2996/2782
f 2791/3005/2791 2792/3006/2792 2784/2998/2784 2783/2997/2783
f 2792/3006/2792 2793/3007/2793 2785/2999/2785 2784/2998/2784
f 2793/3007/2793 2794/3008/2794 2786/3000/2786 2785/2999/2785
f 2794/3008/2794 2722/2936/2722 2714/2928/2714 2786/3000/2786
f 2579/2793/2579 2802/3016/2802 2795/3009/2795 2570/2784/2570
f 2802/3016/2802 2803/3017/2803 2796/3010/2796 2795/3009/2795
f 2803/3017/2803 2804/3018/2804 2797/3011/2797 2796/3010/2796
f 2804/3018/2804 2805/3019/2805 2798/3012/2798 2797/3011/2797
f 2805/3019/2805 2806/3020/2806 2799/3013/2799 2798/3012/2798
f 2806/3020/2806 2807/3021/2807 2800/3014/2800 2799/3013/2799
f 2807/3021/2807 2808/3022/2808 2801/3015/2801 2800/3014/2800
f 2808/3022/2808 2731/2945/2731 2723/2937/2723 2801/3015/2801
f 2588/2802/2588 2809/3023/2809 2802/3016/2802 2579/2793/2579
f 2809/3023/2809 2810/3024/2810 2803/3017/2803 2802/3016/2802
f 2810/3024/2810 2811/3025/2811 2804/3018/2804 2803/3017/2803
f 2811/3025/2811 2812/3026/2812 2805/3019/2805 2804/3018/2804
f 2812/3026/2812 2813/3027/2813 2806/3020/2806 2805/3019/2805
f 2813/3027/2813 2814/3028/2814 2807/3021/2807 2806/3020/2806
f 2814/3028/2814 2815/3029/2815 2808/3022/2808 2807/3021/2807
f 2815/3029/2815 2739/2953/2739 2731/2945/2731 2808/3022/2808
f 2597/2811/2597 2816/3030/2816 2809/3023/2809 2588/2802/2588
f 2816/3030/2816 2817/3031/2817 2810/3024/2810 2809/3023/2809
f 2817/3031/2817 2818/3032/2818 2811/3025/2811 2810/3024/2810
f 2818/3032/2818 2819/3033/2819 2812/3026/2812 2811/3025/2811
f 2819/3033/2819 2820/3034/2820 2813/3027/2813 2812/3026/2812
f 2820/3034/2820 2821/3035/2821 2814/3028/2814 2813/3027/2813
f 2821/3035/2821 2822/3036/2822 2815/3029/2815 2814/3028/2814
f 2822/3036/2822 2747/2961/2747 2739/2953/2739 2815/3029/2815
f 2606/2820/2606 2823/3037/2823 2816/3030/2816 2597/2811/2597
f 2823/3037/2823 2824/3038/2824 2817/3031/2817 2816/3030/2816
f 2824/3038/2824 2825/3039/2825 2818/3032/2818 2817/3031/2817
f 2825/3039/2825 2826/3040/2826 2819/3033/2819 2818/3032/2818
f 2826/3040/2826 2827/3041/2827 2820/3034/2820 2819/3033/2819
f 2827/3041/2827 2828/3042/2828 2821/3035/2821 2820/3034/2820
f 2828/3042/2828 2829/3043/2829 2822/3036/2822 2821/3035/2821
f 2829/3043/2829 2755/2969/2755 2747/2961/2747 2822/3036/2822
f 2615/2829/2615 2830/3044/2830 2823/3037/2823 2606/2820/2606
f 2830/3044/2830 2831/3045/2831 2824/3038/2824 2823/3037/2823
f 2831/3045/2831 2832/3046/2832 2825/3039/2825 2824/3038/2824
f 2832/3046/2832 2833/3047/2833 2826/3040/2826 2825/3039/2825
f 2833/3047/2833 2834/3048/2834 2827/3041/2827 2826/3040/2826
f 2834/3048/2834 2835/3049/2835 2828/3042/2828 2827/3041/2827
f 2835/3049/2835 2836/3050/2836 2829/3043/2829 2828/3042/2828
f 2836/3050/2836 2763/2977/2763 2755/2969/2755 2829/3043/2829
f 2624/2838/2624 2837/3051/2837 2830/3044/2830 2615/2829/2615
f 2837/3051/2837 2838/3052/2838 2831/3045/2831 2830/3044/2830
f 2838/3052/2838 2839/3053/2839 2832/3046/2832 2831/3045/2831
f 2839/3053/2839 2840/3054/2840 2833/3047/2833 2832/3046/2832
f 2840/3054/2840 2841/3055/2841 2834/3048/2834 2833/3047/2833
f 2841/3055/2841 2842/3056/2842 2835/3049/2835 2834/3048/2834
f 2842/3056/2842 2843/3057/2843 2836/3050/2836 2835/3049/2835
f 2843/3057/2843 2771/2985/2771 2763/2977/2763 2836/3050/2836
f 2633/2847/2633 2844/3058/2844 2837/3051/2837 2624/2838/2624
f 2844/3058/2844 2845/3059/2845 2838/3052/2838 2837/3051/2837
f 2845/3059/2845 2846/3060/2846 2839/3053/2839 2838/3052/2838
f 2846/3060/2846 2847/3061/2847 2840/3054/2840 2839/3053/2839
f 2847/3061/2847 2848/3062/2848 2841/3055/2841 2840/3054/2840
f 2848/3062/2848 2849/3063/2849 2842/3056/2842 2841/3055/2841
f 2849/3063/2849 2850/3064/2850 2843/3057/2843 2842/3056/2842
f 2850/3064/2850 2779/2993/2779 2771/2985/2771 2843/3057/2843
f 2642/2856/2642 2851/3065/2851 2844/3058/2844 2633/2847/2633
f 2851/3065/2851 2852/3066/2852 2845/3059/2845 2844/3058/2844
f 2852/3066/2852 2853/3067/2853 2846/3060/2846 2845/3059/2845
f 2853/3067/2853 2854/3068/2854 2847/3061/2847 2846/3060/2846
f 2854/3068/2854 2855/3069/2855 2848/3062/2848 2847/3061/2847
f 2855/3069/2855 2856/3070/2856 2849/3063/2849 2848/3062/2848
f 2856/3070/2856 2857/3071/2857 2850/3064/2850 2849/3063/2849
f 2857/3071/2857 2787/3001/2787 2779/2993/2779 2850/3064/2850
f 2643/3073/2643 2859/3082/2859 2858/3081/2858 2642/3072/2642
f 2644/3074/2644 2860/3083/2860 2859/3082/2859 2643/3073/2643
f 2645/3075/2645 2861/3084/2861 2860/3083/2860 2644/3074/2644
f 2646/3076/2646 2862/3085/2862 2861/3084/2861 2645/3075/2645
f 2647/3077/2647 2863/3086/2863 2862/3085/2862 2646/3076/2646
f 2648/3078/2648 2864/3087/2864 2863/3086/2863 2647/3077/2647
f 2649/3079/2649 2865/3088/2865 2864/3087/2864 2648/3078/2648
f 2650/3080/2650 2866/3089/2866 2865/3088/2865 2649/3079/2649
f 2859/3082/2859 2868/3091/2868 2867/3090/2867 2858/3081/2858
f 2860/3083/2860 2869/3092/2869 2868/3091/2868 2859/3082/2859
f 2861/3084/2861 2870/3093/2870 2869/3092/2869 2860/3083/2860
f 2862/3085/2862 2871/3094/2871 2870/3093/2870 2861/3084/2861
f 2863/3086/2863 2872/3095/2872 2871/3094/2871 2862/3085/2862
f 2864/3087/2864 2873/3096/2873 2872/3095/2872 2863/3086/2863
f 2865/3088/2865 2874/3097/2874 2873/3096/2873 2864/3087/2864
f 2866/3089/2866 2875/3098/2875 2874/3097/2874 2865/3088/2865
f 2868/3091/2868 2877/3100/2877 2876/3099/2876 2867/3090/2867
f 2869/3092/2869 2878/3101/2878 2877/3100/2877 2868/3091/2868
f 2870/3093/2870 2879/3102/2879 2878/3101/2878 2869/3092/2869
f 2871/3094/2871 2880/3103/2880 2879/3102/2879 2870/3093/2870
f 2872/3095/2872 2881/3104/2881 2880/3103/2880 2871/3094/2871
f 2873/3096/2873 2882/3105/2882 2881/3104/2881 2872/3095/2872
f 2874/3097/2874 2883/3106/2883 2882/3105/2882 2873/3096/2873
f 2875/3098/2875 2884/3107/2884 2883/3106/2883 2874/3097/2874
f 2877/3100/2877 2886/3109/2886 2885/3108/2885 2876/3099/2876
f 2878/3101/2878 2887/3110/2887 2886/3109/2886 2877/3100/2877
f 2879/3102/2879 2888/3111/2888 2887/3110/2887 2878/3101/2878
f 2880/3103/2880 2889/3112/2889 2888/3111/2888 2879/3102/2879
f 2881/3104/2881 2890/3113/2890 2889/3112/2889 2880/3103/2880
f 2882/3105/2882 2891/3114/2891 2890/3113/2890 2881/3104/2881
f 2883/3106/2883 2892/3115/2892 2891/3114/2891 2882/3105/2882
f 2884/3107/2884 2893/3116/2893 2892/3115/2892 2883/3106/2883
f 2886/3109/2886 2895/3118/2895 2894/3117/2894 2885/3108/2885
f 2887/3110/2887 2896/3119/2896 2895/3118/2895 2886/3109/2886
f 2888/3111/2888 2897/3120/2897 2896/3119/2896 2887/3110/2887
f 2889/3112/2889 2898/3121/2898 2897/3120/2897 2888/3111/2888
f 2890/3113/2890 2899/3122/2899 2898/3121/2898 2889/3112/2889
f 2891/3114/2891 2900/3123/2900 2899/3122/2899 2890/3113/2890
f 2892/3115/2892 2901/3124/2901 2900/3123/2900 2891/3114/2891
f 2893/3116/2893 2902/3125/2902 2901/3124/2901 2892/3115/2892
f 2895/3118/2895 2904/3127/2904 2903/3126/2903 2894/3117/2894
f 2896/3119/2896 2905/3128/2905 2904/3127/2904 2895/3118/2895
f 2897/3120/2897 2906/3129/2906 2905/3128/2905 2896/3119/2896
f 2898/3121/2898 2907/3130/2907 2906/3129/2906 2897/3120/2897
f 2899/3122/2899 2908/3131/2908 2907/3130/2907 2898/3121/2898
f 2900/3123/2900 2909/3132/2909 2908/3131/2908 2899/3122/2899
f 2901/3124/2901 2910/3133/2910 2909/3132/2909 2900/3123/2900
f 2902/3125/2902 2911/3134/2911 2910/3133/2910 2901/3124/2901
f 2904/3127/2904 2913/3136/2913 2912/3135/2912 2903/3126/2903
f 2905/3128/2905 2914/3137/2914 2913/3136/2913 2904/3127/2904
f 2906/3129/2906 2915/3138/2915 2914/3137/2914 2905/3128/2905
f 2907/3130/2907 2916/3139/2916 2915/3138/2915 2906/3129/2906
f 2908/3131/2908 2917/3140/2917 2916/3139/2916 2907/3130/2907
f 2909/3132/2909 2918/3141/2918 2917/3140/2917 2908/3131/2908
f 2910/3133/2910 2919/3142/2919 2918/3141/2918 2909/3132/2909
f 2911/3134/2911 2920/3143/2920 2919/3142/2919 2910/3133/2910
f 2913/3136/2913 2922/3145/2922 2921/3144/2921 2912/3135/2912
f 2914/3137/2914 2923/3146/2923 2922/3145/2922 2913/3136/2913
f 2915/3138/2915 2924/3147/2924 2923/3146/2923 2914/3137/2914
f 2916/3139/2916 2925/3148/2925 2924/3147/2924 2915/3138/2915
f 2917/3140/2917 2926/3149/2926 2925/3148/2925 2916/3139/2916
f 2918/3141/2918 2927/3150/2927 2926/3149/2926 2917/3140/2917
f 2919/3142/2919 2928/3151/2928 2927/3150/2927 2918/3141/2918
f 2920/3143/2920 2929/3152/2929 2928/3151/2928 2919/3142/2919
f 2715/3153/2715 2930/3161/2930 2866/3089/2866 2650/3080/2650
f 2716/3154/2716 2931/3162/2931 2930/3161/2930 2715/3153/2715
f 2717/3155/2717 2932/3163/2932 2931/3162/2931 2716/3154/2716
f 2718/3156/2718 2933/3164/2933 2932/3163/2932 2717/3155/2717
f 2719/3157/2719 2934/3165/2934 2933/3164/2933 2718/3156/2718
f 2720/3158/2720 2935/3166/2935 2934/3165/2934 2719/3157/2719
f 2721/3159/2721 2936/3167/2936 2935/3166/2935 2720/3158/2720
f 2722/3160/2722 2937/3168/2937 2936/3167/2936 2721/3159/2721
f 2930/3161/2930 2938/3169/2938 2875/3098/2875 2866/3089/2866
f 2931/3162/2931 2939/3170/2939 2938/3169/2938 2930/3161/2930
f 2932/3163/2932 2940/3171/2940 2939/3170/2939 2931/3162/2931
f 2933/3164/2933 2941/3172/2941 2940/3171/2940 2932/3163/2932
f 2934/3165/2934 2942/3173/2942 2941/3172/2941 2933/3164/2933
f 2935/3166/2935 2943/3174/2943 2942/3173/2942 2934/3165/2934
f 2936/3167/2936 2944/3175/2944 2943/3174/2943 2935/3166/2935
f 2937/3168/2937 2945/3176/2945 2944/3175/2944 2936/3167/2936
f 2938/3169/2938 2946/3177/2946 2884/3107/2884 2875/3098/2875
f 2939/3170/2939 2947/3178/2947 2946/3177/2946 2938/3169/2938
f 2940/3171/2940 2948/3179/2948 2947/3178/2947 2939/3170/2939
f 2941/3172/2941 2949/3180/2949 2948/3179/2948 2940/3171/2940
f 2942/3173/2942 2950/3181/2950 2949/3180/2949 2941/3172/2941
f 2943/3174/2943 2951/3182/2951 2950/3181/2950 2942/3173/2942
f 2944/3175/2944 2952/3183/2952 2951/3182/2951 2943/3174/2943
f 2945/3176/2945 2953/3184/2953 2952/3183/2952 2944/3175/2944
f 2946/3177/2946 2954/3185/2954 2893/3116/2893 2884/3107/2884
f 2947/3178/2947 2955/3186/2955 2954/3185/2954 2946/3177/2946
f 2948/3179/2948 2956/3187/2956 2955/3186/2955 2947/3178/2947
f 2949/3180/2949 2957/3188/2957 2956/3187/2956 2948/3179/2948
f 2950/3181/2950 2958/3189/2958 2957/3188/2957 2949/3180/2949
f 2951/3182/2951 2959/3190/2959 2958/3189/2958 2950/3181/2950
f 2952/3183/2952 2960/3191/2960 2959/3190/2959 2951/3182/2951
f 2953/3184/2953 2961/3192/2961 2960/3191/2960 2952/3183/2952
f 2954/3185/2954 2962/3193/2962 2902/3125/2902 2893/3116/2893
f 2955/3186/2955 2963/3194/2963 2962/3193/2962 2954/3185/2954
f 2956/3187/2956 2964/3195/2964 2963/3194/2963 2955/3186/2955
f 2957/3188/2957 2965/3196/2965 2964/3195/2964 2956/3187/2956
f 2958/3189/2958 2966/3197/2966 2965/3196/2965 2957/3188/2957
f 2959/3190/2959 2967/3198/2967 2966/3197/2966 2958/3189/2958
f 2960/3191/2960 2968/3199/2968 2967/3198/2967 2959/3190/2959
f 2961/3192/2961 2969/3200/2969 2968/3199/2968 2960/3191/2960
f 2962/3193/2962 2970/3201/2970 2911/3134/2911 2902/3125/2902
f 2963/3194/2963 2971/3202/2971 2970/3201/2970 2962/3193/2962
f 2964/3195/2964 2972/3203/2972 2971/3202/2971 2963/3194/2963
f 2965/3196/2965 2973/3204/2973 2972/3203/2972 2964/3195/2964
f 2966/3197/2966 2974/3205/2974 2973/3204/2973 2965/3196/2965
f 2967/3198/2967 2975/3206/2975 2974/3205/2974 2966/3197/2966
f 2968/3199/2968 2976/3207/2976 2975/3206/2975 2967/3198/2967
f 2970/3201/2970 2977/3208/2977 2920/3143/2920 2911/3134/2911
f 2971/3202/2971 2978/3209/2978 2977/3208/2977 2970/3201/2970
f 2972/3203/2972 2979/3210/2979 2978/3209/2978 2971/3202/2971
f 2973/3204/2973 2980/3211/2980 2979/3210/2979 2972/3203/2972
f 2974/3205/2974 2981/3212/2981 2980/3211/2980 2973/3204/2973
f 2975/3206/2975 2982/3213/2982 2981/3212/2981 2974/3205/2974
f 2976/3207/2976 2983/3214/2983 2982/3213/2982 2975/3206/2975
f 2977/3208/2977 2984/3215/2984 2929/3152/2929 2920/3143/2920
f 2978/3209/2978 2985/3216/2985 2984/3215/2984 2977/3208/2977
f 2979/3210/2979 2986/3217/2986 2985/3216/2985 2978/3209/2978
f 2980/3211/2980 2987/3218/2987 2986/3217/2986 2979/3210/2979
f 2981/3212/2981 2988/3219/2988 2987/3218/2987 2980/3211/2980
f 2982/3213/2982 2989/3220/2989 2988/3219/2988 2981/3212/2981
f 2983/3214/2983 2990/3221/2990 2989/3220/2989 2982/3213/2982
f 2450/3224/2450 2447/3223/2447 2991/3222/2991
f 2450/3224/2450 2991/3222/2991 2990/3221/2990
f 2453/3225/2453 2450/3224/2450 2990/3221/2990
f 2453/3225/2453 2990/3221/2990 2456/3226/2456
f 2456/3226/2456 2983/3214/2983 2459/3227/2459
f 2456/3226/2456 2990/3221/2990 2983/3214/2983
f 2459/3227/2459 2983/3214/2983 2462/3228/2462
f 2465/3229/2465 2462/3228/2462 2983/3214/2983
f 2465/3229/2465 2983/3214/2983 2976/3207/2976
f 2468/3230/2468 2465/3229/2465 2976/3207/2976
f 2468/3230/2468 2976/3207/2976 2471/3231/2471
f 2474/3232/2474 2471/3231/2471 2976/3207/2976
f 2474/3232/2474 2976/3207/2976 2968/3199/2968
f 2474/3232/2474 2968/3199/2968 2969/3200/2969
f 2477/3233/2477 2474/3232/2474 2969/3200/2969
f 2992/3242/2992 2993/3243/2993 2788/3235/2788 2787/3234/2787
f 2993/3243/2993 2994/3244/2994 2789/3236/2789 2788/3235/2788
f 2994/3244/2994 2995/3245/2995 2790/3237/2790 2789/3236/2789
f 2995/3245/2995 2996/3246/2996 2791/3238/2791 2790/3237/2790
f 2996/3246/2996 2997/3247/2997 2792/3239/2792 2791/3238/2791
f 2997/3247/2997 2998/3248/2998 2793/3240/2793 2792/3239/2792
f 2998/3248/2998 2999/3249/2999 2794/3241/2794 2793/3240/2793
f 2999/3249/2999 2937/3168/2937 2722/3160/2722 2794/3241/2794
f 3000/3250/3000 3001/3251/3001 2993/3243/2993 2992/3242/2992
f 3001/3251/3001 3002/3252/3002 2994/3244/2994 2993/3243/2993
f 3002/3252/3002 3003/3253/3003 2995/3245/2995 2994/3244/2994
f 3003/3253/3003 3004/3254/3004 2996/3246/2996 2995/3245/2995
f 3004/3254/3004 3005/3255/3005 2997/3247/2997 2996/3246/2996
f 3005/3255/3005 3006/3256/3006 2998/3248/2998 2997/3247/2997
f 3006/3256/3006 3007/3257/3007 2999/3249/2999 2998/3248/2998
f 3007/3257/3007 2945/3176/2945 2937/3168/2937 2999/3249/2999
f 3008/3258/3008 3009/3259/3009 3001/3251/3001 3000/3250/3000
f 3009/3259/3009 3010/3260/3010 3002/3252/3002 3001/3251/3001
f 3010/3260/3010 3011/3261/3011 3003/3253/3003 3002/3252/3002
f 3011/3261/3011 3012/3262/3012 3004/3254/3004 3003/3253/3003
f 3012/3262/3012 3013/3263/3013 3005/3255/3005 3004/3254/3004
f 3013/3263/3013 3014/3264/3014 3006/3256/3006 3005/3255/3005
f 3014/3264/3014 3015/3265/3015 3007/3257/3007 3006/3256/3006
f 3015/3265/3015 2953/3184/2953 2945/3176/2945 3007/3257/3007
f 3016/3266/3016 3017/3267/3017 3009/3259/3009 3008/3258/3008
f 3017/3267/3017 3018/3268/3018 3010/3260/3010 3009/3259/3009
f 3018/3268/3018 3019/3269/3019 3011/3261/3011 3010/3260/3010
f 3019/3269/3019 3020/3270/3020 3012/3262/3012 3011/3261/3011
f 3020/3270/3020 3021/3271/3021 3013/3263/3013 3012/3262/3012
f 3021/3271/3021 3022/3272/3022 3014/3264/3014 3013/3263/3013
f 3022/3272/3022 3023/3273/3023 3015/3265/3015 3014/3264/3014
f 3023/3273/3023 2961/3192/2961 2953/3184/2953 3015/3265/3015
f 3024/3274/3024 3025/3275/3025 3017/3267/3017 3016/3266/3016
f 3025/3275/3025 3026/3276/3026 3018/3268/3018 3017/3267/3017
f 3026/3276/3026 3027/3277/3027 3019/3269/3019 3018/3268/3018
f 3027/3277/3027 3028/3278/3028 3020/3270/3020 3019/3269/3019
f 3028/3278/3028 3029/3279/3029 3021/3271/3021 3020/3270/3020
f 3029/3279/3029 3030/3280/3030 3022/3272/3022 3021/3271/3021
f 3030/3280/3030 3031/3281/3031 3023/3273/3023 3022/3272/3022
f 3031/3281/3031 2969/3200/2969 2961/3192/2961 3023/3273/3023
f 3032/3282/3032 3033/3283/3033 3025/3275/3025 3024/3274/3024
f 3033/3283/3033 3034/3284/3034 3026/3276/3026 3025/3275/3025
f 3034/3284/3034 3035/3285/3035 3027/3277/3027 3026/3276/3026
f 3035/3285/3035 3036/3286/3036 3028/3278/3028 3027/3277/3027
f 3036/3286/3036 3037/3287/3037 3029/3279/3029 3028/3278/3028
f 3037/3287/3037 3038/3288/3038 3030/3280/3030 3029/3279/3029
f 3038/3288/3038 3039/3289/3039 3031/3281/3031 3030/3280/3030
f 3040/3290/3040 3041/3291/3041 3033/3283/3033 3032/3282/3032
f 3041/3291/3041 3042/3292/3042 3034/3284/3034 3033/3283/3033
f 3042/3292/3042 3043/3293/3043 3035/3285/3035 3034/3284/3034
f 3043/3293/3043 3044/3294/3044 3036/3286/3036 3035/3285/3035
f 3044/3294/3044 3045/3295/3045 3037/3287/3037 3036/3286/3036
f 3045/3295/3045 3046/3296/3046 3038/3288/3038 3037/3287/3037
f 3046/3296/3046 3047/3297/3047 3039/3289/3039 3038/3288/3038
f 3048/3298/3048 3049/3299/3049 3041/3291/3041 3040/3290/3040
f 3049/3299/3049 3050/3300/3050 3042/3292/3042 3041/3291/3041
f 3050/3300/3050 3051/3301/3051 3043/3293/3043 3042/3292/3042
f 3051/3301/3051 3052/3302/3052 3044/3294/3044 3043/3293/3043
f 3052/3302/3052 3053/3303/3053 3045/3295/3045 3044/3294/3044
f 3053/3303/3053 3054/3304/3054 3046/3296/3046 3045/3295/3045
f 3054/3304/3054 3055/3305/3055 3047/3297/3047 3046/3296/3046
f 2991/3222/2991 2447/3223/2447 2545/3306/2545
f 3055/3305/3055 2991/3222/2991 2545/3306/2545
f 3055/3305/3055 2545/3306/2545 2548/3307/2548
f 2551/3308/2551 3055/3305/3055 2548/3307/2548
f 2554/3309/2554 3047/3297/3047 2551/3308/2551
f 3047/3297/3047 3055/3305/3055 2551/3308/2551
f 2557/3310/2557 3047/3297/3047 2554/3309/2554
f 3047/3297/3047 2557/3310/2557 2560/3311/2560
f 3039/3289/3039 3047/3297/3047 2560/3311/2560
f 3039/3289/3039 2560/3311/2560 2563/3312/2563
f 2566/3313/2566 3039/3289/3039 2563/3312/2563
f 3039/3289/3039 2566/3313/2566 2569/3314/2569
f 3031/3281/3031 3039/3289/3039 2569/3314/2569
f 2969/3200/2969 3031/3281/3031 2569/3314/2569
f 2969/3200/2969 2569/3314/2569 2477/3233/2477
f 2858/3323/2858 3056/3324/3056 2851/3316/2851 2642/3315/2642
f 3056/3324/3056 3057/3325/3057 2852/3317/2852 2851/3316/2851
f 3057/3325/3057 3058/3326/3058 2853/3318/2853 2852/3317/2852
f 3058/3326/3058 3059/3327/3059 2854/3319/2854 2853/3318/2853
f 3059/3327/3059 3060/3328/3060 2855/3320/2855 2854/3319/2854
f 3060/3328/3060 3061/3329/3061 2856/3321/2856 2855/3320/2855
f 3061/3329/3061 3062/3330/3062 2857/3322/2857 2856/3321/2856
f 3062/3330/3062 2992/3242/2992 2787/3234/2787 2857/3322/2857
f 2867/3331/2867 3063/3332/3063 3056/3324/3056 2858/3323/2858
f 3063/3332/3063 3064/3333/3064 3057/3325/3057 3056/3324/3056
f 3064/3333/3064 3065/3334/3065 3058/3326/3058 3057/3325/3057
f 3065/3334/3065 3066/3335/3066 3059/3327/3059 3058/3326/3058
f 3066/3335/3066 3067/3336/3067 3060/3328/3060 3059/3327/3059
f 3067/3336/3067 3068/3337/3068 3061/3329/3061 3060/3328/3060
f 3068/3337/3068 3069/3338/3069 3062/3330/3062 3061/3329/3061
f 3069/3338/3069 3000/3250/3000 2992/3242/2992 3062/3330/3062
f 2876/3339/2876 3070/3340/3070 3063/3332/3063 2867/3331/2867
f 3070/3340/3070 3071/3341/3071 3064/3333/3064 3063/3332/3063
f 3071/3341/3071 3072/3342/3072 3065/3334/3065 3064/3333/3064
f 3072/3342/3072 3073/3343/3073 3066/3335/3066 3065/3334/3065
f 3073/3343/3073 3074/3344/3074 3067/3336/3067 3066/3335/3066
f 3074/3344/3074 3075/3345/3075 3068/3337/3068 3067/3336/3067
f 3075/3345/3075 3076/3346/3076 3069/3338/3069 3068/3337/3068
f 3076/3346/3076 3008/3258/3008 3000/3250/3000 3069/3338/3069
f 2885/3347/2885 3077/3348/3077 3070/3340/3070 2876/3339/2876
f 3077/3348/3077 3078/3349/3078 3071/3341/3071 3070/3340/3070
f 3078/3349/3078 3079/3350/3079 3072/3342/3072 3071/3341/3071
f 3079/3350/3079 3080/3351/3080 3073/3343/3073 3072/3342/3072
f 3080/3351/3080 3081/3352/3081 3074/3344/3074 3073/3343/3073
f 3081/3352/3081 3082/3353/3082 3075/3345/3075 3074/3344/3074
f 3082/3353/3082 3083/3354/3083 3076/3346/3076 3075/3345/3075
f 3083/3354/3083 3016/3266/3016 3008/3258/3008 3076/3346/3076
f 2894/3355/2894 3084/3356/3084 3077/3348/3077 2885/3347/2885
f 3084/3356/3084 3085/3357/3085 3078/3349/3078 3077/3348/3077
f 3085/3357/3085 3086/3358/3086 3079/3350/3079 3078/3349/3078
f 3086/3358/3086 3087/3359/3087 3080/3351/3080 3079/3350/3079
f 3087/3359/3087 3088/3360/3088 3081/3352/3081 3080/3351/3080
f 3088/3360/3088 3089/3361/3089 3082/3353/3082 3081/3352/3081
f 3089/3361/3089 3090/3362/3090 3083/3354/3083 3082/3353/3082
f 3090/3362/3090 3024/3274/3024 3016/3266/3016 3083/3354/3083
f 2903/3363/2903 3091/3364/3091 3084/3356/3084 2894/3355/2894
f 3091/3364/3091 3092/3365/3092 3085/3357/3085 3084/3356/3084
f 3092/3365/3092 3093/3366/3093 3086/3358/3086 3085/3357/3085
f 3093/3366/3093 3094/3367/3094 3087/3359/3087 3086/3358/3086
f 3094/3367/3094 3095/3368/3095 3088/3360/3088 3087/3359/3087
f 3095/3368/3095 3096/3369/3096 3089/3361/3089 3088/3360/3088
f 3096/3369/3096 3097/3370/3097 3090/3362/3090 3089/3361/3089
f 3097/3370/3097 3032/3282/3032 3024/3274/3024 3090/3362/3090
f 2912/3371/2912 3098/3372/3098 3091/3364/3091 2903/3363/2903
f 3098/3372/3098 3099/3373/3099 3092/3365/3092 3091/3364/3091
f 3099/3373/3099 3100/3374/3100 3093/3366/3093 3092/3365/3092
f 3100/3374/3100 3101/3375/3101 3094/3367/3094 3093/3366/3093
f 3101/3375/3101 3102/3376/3102 3095/3368/3095 3094/3367/3094
f 3102/3376/3102 3103/3377/3103 3096/3369/3096 3095/3368/3095
f 3103/3377/3103 3104/3378/3104 3097/3370/3097 3096/3369/3096
f 3104/3378/3104 3040/3290/3040 3032/3282/3032 3097/3370/3097
f 2921/3379/2921 3105/3380/3105 3098/3372/3098 2912/3371/2912
f 3105/3380/3105 3106/3381/3106 3099/3373/3099 3098/3372/3098
f 3106/3381/3106 3107/3382/3107 3100/3374/3100 3099/3373/3099
f 3107/3382/3107 3108/3383/3108 3101/3375/3101 3100/3374/3100
f 3108/3383/3108 3109/3384/3109 3102/3376/3102 3101/3375/3101
f 3109/3384/3109 3110/3385/3110 3103/3377/3103 3102/3376/3102
f 3110/3385/3110 3111/3386/3111 3104/3378/3104 3103/3377/3103
f 3111/3386/3111 3048/3298/3048 3040/3290/3040 3104/3378/3104
f 2922/3145/2922 3113/3388/3113 3112/3387/3112 2921/3144/2921
f 2923/3146/2923 3114/3389/3114 3113/3388/3113 2922/3145/2922
f 2924/3147/2924 3115/3390/3115 3114/3389/3114 2923/3146/2923
f 2925/3148/2925 3116/3391/3116 3115/3390/3115 2924/3147/2924
f 2926/3149/2926 3117/3392/3117 3116/3391/3116 2925/3148/2925
f 2927/3150/2927 3118/3393/3118 3117/3392/3117 2926/3149/2926
f 2928/3151/2928 3119/3394/3119 3118/3393/3118 2927/3150/2927
f 2929/3152/2929 3120/3395/3120 3119/3394/3119 2928/3151/2928
f 3113/3388/3113 3122/3397/3122 3121/3396/3121 3112/3387/3112
f 3114/3389/3114 3123/3398/3123 3122/3397/3122 3113/3388/3113
f 3115/3390/3115 3124/3399/3124 3123/3398/3123 3114/3389/3114
f 3116/3391/3116 3125/3400/3125 3124/3399/3124 3115/3390/3115
f 3117/3392/3117 3126/3401/3126 3125/3400/3125 3116/3391/3116
f 3118/3393/3118 3127/3402/3127 3126/3401/3126 3117/3392/3117
f 3119/3394/3119 3128/3403/3128 3127/3402/3127 3118/3393/3118
f 3120/3395/3120 3129/3404/3129 3128/3403/3128 3119/3394/3119
f 3122/3397/3122 3131/3406/3131 3130/3405/3130 3121/3396/3121
f 3123/3398/3123 3132/3407/3132 3131/3406/3131 3122/3397/3122
f 3124/3399/3124 3133/3408/3133 3132/3407/3132 3123/3398/3123
f 3125/3400/3125 3134/3409/3134 3133/3408/3133 3124/3399/3124
f 3126/3401/3126 3135/3410/3135 3134/3409/3134 3125/3400/3125
f 3127/3402/3127 3136/3411/3136 3135/3410/3135 3126/3401/3126
f 3128/3403/3128 3137/3412/3137 3136/3411/3136 3127/3402/3127
f 3129/3404/3129 3138/3413/3138 3137/3412/3137 3128/3403/3128
f 3131/3406/3131 3140/3415/3140 3139/3414/3139 3130/3405/3130
f 3132/3407/3132 3141/3416/3141 3140/3415/3140 3131/3406/3131
f 3133/3408/3133 3142/3417/3142 3141/3416/3141 3132/3407/3132
f 3134/3409/3134 3143/3418/3143 3142/3417/3142 3133/3408/3133
f 3135/3410/3135 3144/3419/3144 3143/3418/3143 3134/3409/3134
f 3136/3411/3136 3145/3420/3145 3144/3419/3144 3135/3410/3135
f 3137/3412/3137 3146/3421/3146 3145/3420/3145 3136/3411/3136
f 3138/3413/3138 3147/3422/3147 3146/3421/3146 3137/3412/3137
f 3140/3415/3140 3149/3424/3149 3148/3423/3148 3139/3414/3139
f 3141/3416/3141 3150/3425/3150 3149/3424/3149 3140/3415/3140
f 3142/3417/3142 3151/3426/3151 3150/3425/3150 3141/3416/3141
f 3143/3418/3143 3152/3427/3152 3151/3426/3151 3142/3417/3142
f 3144/3419/3144 3153/3428/3153 3152/3427/3152 3143/3418/3143
f 3145/3420/3145 3154/3429/3154 3153/3428/3153 3144/3419/3144
f 3146/3421/3146 3155/3430/3155 3154/3429/3154 3145/3420/3145
f 3147/3422/3147 3156/3431/3156 3155/3430/3155 3146/3421/3146
f 3149/3424/3149 3158/3433/3158 3157/3432/3157 3148/3423/3148
f 3150/3425/3150 3159/3434/3159 3158/3433/3158 3149/3424/3149
f 3151/3426/3151 3160/3435/3160 3159/3434/3159 3150/3425/3150
f 3152/3427/3152 3161/3436/3161 3160/3435/3160 3151/3426/3151
f 3153/3428/3153 3162/3437/3162 3161/3436/3161 3152/3427/3152
f 3154/3429/3154 3163/3438/3163 3162/3437/3162 3153/3428/3153
f 3155/3430/3155 3164/3439/3164 3163/3438/3163 3154/3429/3154
f 3156/3431/3156 3165/3440/3165 3164/3439/3164 3155/3430/3155
f 3158/3433/3158 3167/3442/3167 3166/3441/3166 3157/3432/3157
f 3159/3434/3159 3168/3443/3168 3167/3442/3167 3158/3433/3158
f 3160/3435/3160 3169/3444/3169 3168/3443/3168 3159/3434/3159
f 3161/3436/3161 3170/3445/3170 3169/3444/3169 3160/3435/3160
f 3162/3437/3162 3171/3446/3171 3170/3445/3170 3161/3436/3161
f 3163/3438/3163 3172/3447/3172 3171/3446/3171 3162/3437/3162
f 3164/3439/3164 3173/3448/3173 3172/3447/3172 3163/3438/3163
f 3165/3440/3165 3174/3449/3174 3173/3448/3173 3164/3439/3164
f 3167/3442/3167 3176/3451/3176 3175/3450/3175 3166/3441/3166
f 3168/3443/3168 3177/3452/3177 3176/3451/3176 3167/3442/3167
f 3169/3444/3169 3178/3453/3178 3177/3452/3177 3168/3443/3168
f 3170/3445/3170 3179/3454/3179 3178/3453/3178 3169/3444/3169
f 3171/3446/3171 3180/3455/3180 3179/3454/3179 3170/3445/3170
f 3172/3447/3172 3181/3456/3181 3180/3455/3180 3171/3446/3171
f 3173/3448/3173 3182/3457/3182 3181/3456/3181 3172/3447/3172
f 3174/3449/3174 3183/3458/3183 3182/3457/3182 3173/3448/3173
f 2984/3215/2984 3184/3459/3184 3120/3395/3120 2929/3152/2929
f 2985/3216/2985 3185/3460/3185 3184/3459/3184 2984/3215/2984
f 2986/3217/2986 3186/3461/3186 3185/3460/3185 2985/3216/2985
f 2987/3218/2987 3187/3462/3187 3186/3461/3186 2986/3217/2986
f 2988/3219/2988 3188/3463/3188 3187/3462/3187 2987/3218/2987
f 2989/3220/2989 3189/3464/3189 3188/3463/3188 2988/3219/2988
f 2990/3221/2990 3190/3465/3190 3189/3464/3189 2989/3220/2989
f 2991/3222/2991 3191/3466/3191 3190/3465/3190 2990/3221/2990
f 3184/3459/3184 3192/3467/3192 3129/3404/3129 3120/3395/3120
f 3185/3460/3185 3193/3468/3193 3192/3467/3192 3184/3459/3184
f 3186/3461/3186 3194/3469/3194 3193/3468/3193 3185/3460/3185
f 3187/3462/3187 3195/3470/3195 3194/3469/3194 3186/3461/3186
f 3188/3463/3188 3196/3471/3196 3195/3470/3195 3187/3462/3187
f 3189/3464/3189 3197/3472/3197 3196/3471/3196 3188/3463/3188
f 3190/3465/3190 3198/3473/3198 3197/3472/3197 3189/3464/3189
f 3191/3466/3191 3199/3474/3199 3198/3473/3198 3190/3465/3190
f 3192/3467/3192 3200/3475/3200 3138/3413/3138 3129/3404/3129
f 3193/3468/3193 3201/3476/3201 3200/3475/3200 3192/3467/3192
f 3194/3469/3194 3202/3477/3202 3201/3476/3201 3193/3468/3193
f 3195/3470/3195 3203/3478/3203 3202/3477/3202 3194/3469/3194
f 3196/3471/3196 3204/3479/3204 3203/3478/3203 3195/3470/3195
f 3197/3472/3197 3205/3480/3205 3204/3479/3204 3196/3471/3196
f 3198/3473/3198 3206/3481/3206 3205/3480/3205 3197/3472/3197
f 3199/3474/3199 3207/3482/3207 3206/3481/3206 3198/3473/3198
f 3200/3475/3200 3208/3483/3208 3147/3422/3147 3138/3413/3138
f 3201/3476/3201 3209/3484/3209 3208/3483/3208 3200/3475/3200
f 3202/3477/3202 3210/3485/3210 3209/3484/3209 3201/3476/3201
f 3203/3478/3203 3211/3486/3211 3210/3485/3210 3202/3477/3202
f 3204/3479/3204 3212/3487/3212 3211/3486/3211 3203/3478/3203
f 3205/3480/3205 3213/3488/3213 3212/3487/3212 3204/3479/3204
f 3206/3481/3206 3214/3489/3214 3213/3488/3213 3205/3480/3205
f 3207/3482/3207 3215/3490/3215 3214/3489/3214 3206/3481/3206
f 3208/3483/3208 3216/3491/3216 3156/3431/3156 3147/3422/3147
f 3209/3484/3209 3217/3492/3217 3216/3491/3216 3208/3483/3208
f 3210/3485/3210 3218/3493/3218 3217/3492/3217 3209/3484/3209
f 3211/3486/3211 3219/3494/3219 3218/3493/3218 3210/3485/3210
f 3212/3487/3212 3220/3495/3220 3219/3494/3219 3211/3486/3211
f 3213/3488/3213 3221/3496/3221 3220/3495/3220 3212/3487/3212
f 3214/3489/3214 3222/3497/3222 3221/3496/3221 3213/3488/3213
f 3215/3490/3215 3223/3498/3223 3222/3497/3222 3214/3489/3214
f 3216/3491/3216 3224/3499/3224 3165/3440/3165 3156/3431/3156
f 3217/3492/3217 3225/3500/3225 3224/3499/3224 3216/3491/3216
f 3218/3493/3218 3226/3501/3226 3225/3500/3225 3217/3492/3217
f 3219/3494/3219 3227/3502/3227 3226/3501/3226 3218/3493/3218
f 3220/3495/3220 3228/3503/3228 3227/3502/3227 3219/3494/3219
f 3221/3496/3221 3229/3504/3229 3228/3503/3228 3220/3495/3220
f 3222/3497/3222 3230/3505/3230 3229/3504/3229 3221/3496/3221
f 3223/3498/3223 3231/3506/3231 3230/3505/3230 3222/3497/3222
f 3224/3499/3224 3232/3507/3232 3174/3449/3174 3165/3440/3165
f 3225/3500/3225 3233/3508/3233 3232/3507/3232 3224/3499/3224
f 3226/3501/3226 3234/3509/3234 3233/3508/3233 3225/3500/3225
f 3227/3502/3227 3235/3510/3235 3234/3509/3234 3226/3501/3226
f 3228/3503/3228 3236/3511/3236 3235/3510/3235 3227/3502/3227
f 3229/3504/3229 3237/3512/3237 3236/3511/3236 3228/3503/3228
f 3230/3505/3230 3238/3513/3238 3237/3512/3237 3229/3504/3229
f 3231/3506/3231 3239/3514/3239 3238/3513/3238 3230/3505/3230
f 3232/3507/3232 3240/3515/3240 3183/3458/3183 3174/3449/3174
f 3233/3508/3233 3241/3516/3241 3240/3515/3240 3232/3507/3232
f 3234/3509/3234 3242/3517/3242 3241/3516/3241 3233/3508/3233
f 3235/3510/3235 3243/3518/3243 3242/3517/3242 3234/3509/3234
f 3236/3511/3236 3244/3519/3244 3243/3518/3243 3235/3510/3235
f 3237/3512/3237 3245/3520/3245 3244/3519/3244 3236/3511/3236
f 3238/3513/3238 3246/3521/3246 3245/3520/3245 3237/3512/3237
f 3239/3514/3239 3247/3522/3247 3246/3521/3246 3238/3513/3238
f 3248/3523/3248 3249/3524/3249 3049/3299/3049 3048/3298/3048
f 3249/3524/3249 3250/3525/3250 3050/3300/3050 3049/3299/3049
f 3250/3525/3250 3251/3526/3251 3051/3301/3051 3050/3300/3050
f 3251/3526/3251 3252/3527/3252 3052/3302/3052 3051/3301/3051
f 3252/3527/3252 3253/3528/3253 3053/3303/3053 3052/3302/3052
f 3253/3528/3253 3254/3529/3254 3054/3304/3054 3053/3303/3053
f 3254/3529/3254 3255/3530/3255 3055/3305/3055 3054/3304/3054
f 3255/3530/3255 3191/3466/3191 2991/3222/2991 3055/3305/3055
f 3256/3531/3256 3257/3532/3257 3249/3524/3249 3248/3523/3248
f 3257/3532/3257 3258/3533/3258 3250/3525/3250 3249/3524/3249
f 3258/3533/3258 3259/3534/3259 3251/3526/3251 3250/3525/3250
f 3259/3534/3259 3260/3535/3260 3252/3527/3252 3251/3526/3251
f 3260/3535/3260 3261/3536/3261 3253/3528/3253 3252/3527/3252
f 3261/3536/3261 3262/3537/3262 3254/3529/3254 3253/3528/3253
f 3262/3537/3262 3263/3538/3263 3255/3530/3255 3254/3529/3254
f 3263/3538/3263 3199/3474/3199 3191/3466/3191 3255/3530/3255
f 3264/3539/3264 3265/3540/3265 3257/3532/3257 3256/3531/3256
f 3265/3540/3265 3266/3541/3266 3258/3533/3258 3257/3532/3257
f 3266/3541/3266 3267/3542/3267 3259/3534/3259 3258/3533/3258
f 3267/3542/3267 3268/3543/3268 3260/3535/3260 3259/3534/3259
f 3268/3543/3268 3269/3544/3269 3261/3536/3261 3260/3535/3260
f 3269/3544/3269 3270/3545/3270 3262/3537/3262 3261/3536/3261
f 3270/3545/3270 3271/3546/3271 3263/3538/3263 3262/3537/3262
f 3271/3546/3271 3207/3482/3207 3199/3474/3199 3263/3538/3263
f 3272/3547/3272 3273/3548/3273 3265/3540/3265 3264/3539/3264
f 3273/3548/3273 3274/3549/3274 3266/3541/3266 3265/3540/3265
f 3274/3549/3274 3275/3550/3275 3267/3542/3267 3266/3541/3266
f 3275/3550/3275 3276/3551/3276 3268/3543/3268 3267/3542/3267
f 3276/3551/3276 3277/3552/3277 3269/3544/3269 3268/3543/3268
f 3277/3552/3277 3278/3553/3278 3270/3545/3270 3269/3544/3269
f 3278/3553/3278 3279/3554/3279 3271/3546/3271 3270/3545/3270
f 3279/3554/3279 3215/3490/3215 3207/3482/3207 3271/3546/3271
f 3280/3555/3280 3281/3556/3281 3273/3548/3273 3272/3547/3272
f 3281/3556/3281 3282/3557/3282 3274/3549/3274 3273/3548/3273
f 3282/3557/3282 3283/3558/3283 3275/3550/3275 3274/3549/3274
f 3283/3558/3283 3284/3559/3284 3276/3551/3276 3275/3550/3275
f 3284/3559/3284 3285/3560/3285 3277/3552/3277 3276/3551/3276
f 3285/3560/3285 3286/3561/3286 3278/3553/3278 3277/3552/3277
f 3286/3561/3286 3287/3562/3287 3279/3554/3279 3278/3553/3278
f 3287/3562/3287 3223/3498/3223 3215/3490/3215 3279/3554/3279
f 3288/3563/3288 3289/3564/3289 3281/3556/3281 3280/3555/3280
f 3289/3564/3289 3290/3565/3290 3282/3557/3282 3281/3556/3281
f 3290/3565/3290 3291/3566/3291 3283/3558/3283 3282/3557/3282
f 3291/3566/3291 3292/3567/3292 3284/3559/3284 3283/3558/3283
f 3292/3567/3292 3293/3568/3293 3285/3560/3285 3284/3559/3284
f 3293/3568/3293 3294/3569/3294 3286/3561/3286 3285/3560/3285
f 3294/3569/3294 3295/3570/3295 3287/3562/3287 3286/3561/3286
f 3295/3570/3295 3231/3506/3231 3223/3498/3223 3287/3562/3287
f 3296/3571/3296 3297/3572/3297 3289/3564/3289 3288/3563/3288
f 3297/3572/3297 3298/3573/3298 3290/3565/3290 3289/3564/3289
f 3298/3573/3298 3299/3574/3299 3291/3566/3291 3290/3565/3290
f 3299/3574/3299 3300/3575/3300 3292/3567/3292 3291/3566/3291
f 3300/3575/3300 3301/3576/3301 3293/3568/3293 3292/3567/3292
f 3301/3576/3301 3302/3577/3302 3294/3569/3294 3293/3568/3293
f 3302/3577/3302 3303/3578/3303 3295/3570/3295 3294/3569/3294
f 3303/3578/3303 3239/3514/3239 3231/3506/3231 3295/3570/3295
f 3304/3579/3304 3305/3580/3305 3297/3572/3297 3296/3571/3296
f 3305/3580/3305 3306/3581/3306 3298/3573/3298 3297/3572/3297
f 3306/3581/3306 3307/3582/3307 3299/3574/3299 3298/3573/3298
f 3307/3582/3307 3308/3583/3308 3300/3575/3300 3299/3574/3299
f 3308/3583/3308 3309/3584/3309 3301/3576/3301 3300/3575/3300
f 3309/3584/3309 3310/3585/3310 3302/3577/3302 3301/3576/3301
f 3310/3585/3310 3311/3586/3311 3303/3578/3303 3302/3577/3302
f 3311/3586/3311 3247/3522/3247 3239/3514/3239 3303/3578/3303
f 3112/3587/3112 3312/3588/3312 3105/3380/3105 2921/3379/2921
f 3312/3588/3312 3313/3589/3313 3106/3381/3106 3105/3380/3105
f 3313/3589/3313 3314/3590/3314 3107/3382/3107 3106/3381/3106
f 3314/3590/3314 3315/3591/3315 3108/3383/3108 3107/3382/3107
f 3315/3591/3315 3316/3592/3316 3109/3384/3109 3108/3383/3108
f 3316/3592/3316 3317/3593/3317 3110/3385/3110 3109/3384/3109
f 3317/3593/3317 3318/3594/3318 3111/3386/3111 3110/3385/3110
f 3318/3594/3318 3248/3523/3248 3048/3298/3048 3111/3386/3111
f 3121/3595/3121 3319/3596/3319 3312/3588/3312 3112/3587/3112
f 3319/3596/3319 3320/3597/3320 3313/3589/3313 3312/3588/3312
f 3320/3597/3320 3321/3598/3321 3314/3590/3314 3313/3589/3313
f 3321/3598/3321 3322/3599/3322 3315/3591/3315 3314/3590/3314
f 3322/3599/3322 3323/3600/3323 3316/3592/3316 3315/3591/3315
f 3323/3600/3323 3324/3601/3324 3317/3593/3317 3316/3592/3316
f 3324/3601/3324 3325/3602/3325 3318/3594/3318 3317/3593/3317
f 3325/3602/3325 3256/3531/3256 3248/3523/3248 3318/3594/3318
f 3130/3603/3130 3326/3604/3326 3319/3596/3319 3121/3595/3121
f 3326/3604/3326 3327/3605/3327 3320/3597/3320 3319/3596/3319
f 3327/3605/3327 3328/3606/3328 3321/3598/3321 3320/3597/3320
f 3328/3606/3328 3329/3607/3329 3322/3599/3322 3321/3598/3321
f 3329/3607/3329 3330/3608/3330 3323/3600/3323 3322/3599/3322
f 3330/3608/3330 3331/3609/3331 3324/3601/3324 3323/3600/3323
f 3331/3609/3331 3332/3610/3332 3325/3602/3325 3324/3601/3324
f 3332/3610/3332 3264/3539/3264 3256/3531/3256 3325/3602/3325
f 3139/3611/3139 3333/3612/3333 3326/3604/3326 3130/3603/3130
f 3333/3612/3333 3334/3613/3334 3327/3605/3327 3326/3604/3326
f 3334/3613/3334 3335/3614/3335 3328/3606/3328 3327/3605/3327
f 3335/3614/3335 3336/3615/3336 3329/3607/3329 3328/3606/3328
f 3336/3615/3336 3337/3616/3337 3330/3608/3330 3329/3607/3329
f 3337/3616/3337 3338/3617/3338 3331/3609/3331 3330/3608/3330
f 3338/3617/3338 3339/3618/3339 3332/3610/3332 3331/3609/3331
f 3339/3618/3339 3272/3547/3272 3264/3539/3264 3332/3610/3332
f 3148/3619/3148 3340/3620/3340 3333/3612/3333 3139/3611/3139
f 3340/3620/3340 3341/3621/3341 3334/3613/3334 3333/3612/3333
f 3341/3621/3341 3342/3622/3342 3335/3614/3335 3334/3613/3334
f 3342/3622/3342 3343/3623/3343 3336/3615/3336 3335/3614/3335
f 3343/3623/3343 3344/3624/3344 3337/3616/3337 3336/3615/3336
f 3344/3624/3344 3345/3625/3345 3338/3617/3338 3337/3616/3337
f 3345/3625/3345 3346/3626/3346 3339/3618/3339 3338/3617/3338
f 3346/3626/3346 3280/3555/3280 3272/3547/3272 3339/3618/3339
f 3157/3627/3157 3347/3628/3347 3340/3620/3340 3148/3619/3148
f 3347/3628/3347 3348/3629/3348 3341/3621/3341 3340/3620/3340
f 3348/3629/3348 3349/3630/3349 3342/3622/3342 3341/3621/3341
f 3349/3630/3349 3350/3631/3350 3343/3623/3343 3342/3622/3342
f 3350/3631/3350 3351/3632/3351 3344/3624/3344 3343/3623/3343
f 3351/3632/3351 3352/3633/3352 3345/3625/3345 3344/3624/3344
f 3352/3633/3352 3353/3634/3353 3346/3626/3346 3345/3625/3345
f 3353/3634/3353 3288/3563/3288 3280/3555/3280 3346/3626/3346
f 3166/3635/3166 3354/3636/3354 3347/3628/3347 3157/3627/3157
f 3354/3636/3354 3355/3637/3355 3348/3629/3348 3347/3628/3347
f 3355/3637/3355 3356/3638/3356 3349/3630/3349 3348/3629/3348
f 3356/3638/3356 3357/3639/3357 3350/3631/3350 3349/3630/3349
f 3357/3639/3357 3358/3640/3358 3351/3632/3351 3350/3631/3350
f 3358/3640/3358 3359/3641/3359 3352/3633/3352 3351/3632/3351
f 3359/3641/3359 3360/3642/3360 3353/3634/3353 3352/3633/3352
f 3360/3642/3360 3296/3571/3296 3288/3563/3288 3353/3634/3353
f 3175/3643/3175 3361/3644/3361 3354/3636/3354 3166/3635/3166
f 3361/3644/3361 3362/3645/3362 3355/3637/3355 3354/3636/3354
f 3362/3645/3362 3363/3646/3363 3356/3638/3356 3355/3637/3355
f 3363/3646/3363 3364/3647/3364 3357/3639/3357 3356/3638/3356
f 3364/3647/3364 3365/3648/3365 3358/3640/3358 3357/3639/3357
f 3365/3648/3365 3366/3649/3366 3359/3641/3359 3358/3640/3358
f 3366/3649/3366 3367/3650/3367 3360/3642/3360 3359/3641/3359
f 3367/3650/3367 3304/3579/3304 3296/3571/3296 3360/3642/3360
f 3176/3451/3176 3369/3652/3369 3368/3651/3368 3175/3450/3175
f 3177/3452/3177 3370/3653/3370 3369/3652/3369 3176/3451/3176
f 3178/3453/3178 3371/3654/3371 3370/3653/3370 3177/3452/3177
f 3179/3454/3179 3372/3655/3372 3371/3654/3371 3178/3453/3178
f 3180/3455/3180 3373/3656/3373 3372/3655/3372 3179/3454/3179
f 3181/3456/3181 3374/3657/3374 3373/3656/3373 3180/3455/3180
f 3182/3457/3182 3375/3658/3375 3374/3657/3374 3181/3456/3181
f 3183/3458/3183 3376/3659/3376 3375/3658/3375 3182/3457/3182
f 3369/3652/3369 3378/3661/3378 3377/3660/3377 3368/3651/3368
f 3370/3653/3370 3379/3662/3379 3378/3661/3378 3369/3652/3369
f 3371/3654/3371 3380/3663/3380 3379/3662/3379 3370/3653/3370
f 3372/3655/3372 3381/3664/3381 3380/3663/3380 3371/3654/3371
f 3373/3656/3373 3382/3665/3382 3381/3664/3381 3372/3655/3372
f 3374/3657/3374 3383/3666/3383 3382/3665/3382 3373/3656/3373
f 3375/3658/3375 3384/3667/3384 3383/3666/3383 3374/3657/3374
f 3376/3659/3376 3385/3668/3385 3384/3667/3384 3375/3658/3375
f 3378/3661/3378 3387/3670/3387 3386/3669/3386 3377/3660/3377
f 3379/3662/3379 3388/3671/3388 3387/3670/3387 3378/3661/3378
f 3380/3663/3380 3389/3672/3389 3388/3671/3388 3379/3662/3379
f 3381/3664/3381 3390/3673/3390 3389/3672/3389 3380/3663/3380
f 3382/3665/3382 3391/3674/3391 3390/3673/3390 3381/3664/3381
f 3383/3666/3383 3392/3675/3392 3391/3674/3391 3382/3665/3382
f 3384/3667/3384 3393/3676/3393 3392/3675/3392 3383/3666/3383
f 3385/3668/3385 3394/3677/3394 3393/3676/3393 3384/3667/3384
f 3387/3670/3387 3396/3679/3396 3395/3678/3395 3386/3669/3386
f 3388/3671/3388 3397/3680/3397 3396/3679/3396 3387/3670/3387
f 3389/3672/3389 3398/3681/3398 3397/3680/3397 3388/3671/3388
f 3390/3673/3390 3399/3682/3399 3398/3681/3398 3389/3672/3389
f 3391/3674/3391 3400/3683/3400 3399/3682/3399 3390/3673/3390
f 3392/3675/3392 3401/3684/3401 3400/3683/3400 3391/3674/3391
f 3393/3676/3393 3402/3685/3402 3401/3684/3401 3392/3675/3392
f 3394/3677/3394 3403/3686/3403 3402/3685/3402 3393/3676/3393
f 3396/3679/3396 3405/3688/3405 3404/3687/3404 3395/3678/3395
f 3397/3680/3397 3406/3689/3406 3405/3688/3405 3396/3679/3396
f 3398/3681/3398 3407/3690/3407 3406/3689/3406 3397/3680/3397
f 3399/3682/3399 3408/3691/3408 3407/3690/3407 3398/3681/3398
f 3400/3683/3400 3409/3692/3409 3408/3691/3408 3399/3682/3399
f 3401/3684/3401 3410/3693/3410 3409/3692/3409 3400/3683/3400
f 3402/3685/3402 3411/3694/3411 3410/3693/3410 3401/3684/3401
f 3403/3686/3403 3412/3695/3412 3411/3694/3411 3402/3685/3402
f 3405/3688/3405 3414/3697/3414 3413/3696/3413 3404/3687/3404
f 3406/3689/3406 3415/3698/3415 3414/3697/3414 3405/3688/3405
f 3407/3690/3407 3416/3699/3416 3415/3698/3415 3406/3689/3406
f 3408/3691/3408 3417/3700/3417 3416/3699/3416 3407/3690/3407
f 3409/3692/3409 3418/3701/3418 3417/3700/3417 3408/3691/3408
f 3410/3693/3410 3419/3702/3419 3418/3701/3418 3409/3692/3409
f 3411/3694/3411 3420/3703/3420 3419/3702/3419 3410/3693/3410
f 3412/3695/3412 3421/3704/3421 3420/3703/3420 3411/3694/3411
f 3414/3697/3414 3423/3706/3423 3422/3705/3422 3413/3696/3413
f 3415/3698/3415 3424/3707/3424 3423/3706/3423 3414/3697/3414
f 3416/3699/3416 3425/3708/3425 3424/3707/3424 3415/3698/3415
f 3417/3700/3417 3426/3709/3426 3425/3708/3425 3416/3699/3416
f 3418/3701/3418 3427/3710/3427 3426/3709/3426 3417/3700/3417
f 3419/3702/3419 3428/3711/3428 3427/3710/3427 3418/3701/3418
f 3420/3703/3420 3429/3712/3429 3428/3711/3428 3419/3702/3419
f 3421/3704/3421 3430/3713/3430 3429/3712/3429 3420/3703/3420
f 3423/3706/3423 1330/1405/3432 1329/1404/3431 3422/3705/3422
f 3424/3707/3424 1331/1406/3433 1330/1405/3432 3423/3706/3423
f 3425/3708/3425 1332/1407/3434 1331/1406/3433 3424/3707/3424
f 3426/3709/3426 1333/1408/3435 1332/1407/3434 3425/3708/3425
f 3427/3710/3427 1334/1409/3436 1333/1408/3435 3426/3709/3426
f 3428/3711/3428 1335/1410/3437 1334/1409/3436 3427/3710/3427
f 3429/3712/3429 1336/1411/3438 1335/1410/3437 3428/3711/3428
f 3430/3713/3430 1337/1412/3439 1336/1411/3438 3429/3712/3429
f 3240/3515/3240 3431/3714/3440 3376/3659/3376 3183/3458/3183
f 3241/3516/3241 3432/3715/3441 3431/3714/3440 3240/3515/3240
f 3242/3517/3242 3433/3716/3442 3432/3715/3441 3241/3516/3241
f 3243/3518/3243 3434/3717/3443 3433/3716/3442 3242/3517/3242
f 3244/3519/3244 3435/3718/3444 3434/3717/3443 3243/3518/3243
f 3245/3520/3245 3436/3719/3445 3435/3718/3444 3244/3519/3244
f 3246/3521/3246 3437/3720/3446 3436/3719/3445 3245/3520/3245
f 3247/3522/3247 3438/3721/3447 3437/3720/3446 3246/3521/3246
f 3431/3714/3440 3439/3722/3448 3385/3668/3385 3376/3659/3376
f 3432/3715/3441 3440/3723/3449 3439/3722/3448 3431/3714/3440
f 3433/3716/3442 3441/3724/3450 3440/3723/3449 3432/3715/3441
f 3434/3717/3443 3442/3725/3451 3441/3724/3450 3433/3716/3442
f 3435/3718/3444 3443/3726/3452 3442/3725/3451 3434/3717/3443
f 3436/3719/3445 3444/3727/3453 3443/3726/3452 3435/3718/3444
f 3437/3720/3446 3445/3728/3454 3444/3727/3453 3436/3719/3445
f 3438/3721/3447 3446/3729/3455 3445/3728/3454 3437/3720/3446
f 3439/3722/3448 3447/3730/3456 3394/3677/3394 3385/3668/3385
f 3440/3723/3449 3448/3731/3457 3447/3730/3456 3439/3722/3448
f 3441/3724/3450 3449/3732/3458 3448/3731/3457 3440/3723/3449
f 3442/3725/3451 3450/3733/3459 3449/3732/3458 3441/3724/3450
f 3443/3726/3452 3451/3734/3460 3450/3733/3459 3442/3725/3451
f 3444/3727/3453 3452/3735/3461 3451/3734/3460 3443/3726/3452
f 3445/3728/3454 3453/3736/3462 3452/3735/3461 3444/3727/3453
f 3446/3729/3455 3454/3737/3463 3453/3736/3462 3445/3728/3454
f 3447/3730/3456 3455/3738/3464 3403/3686/3403 3394/3677/3394
f 3448/3731/3457 3456/3739/3465 3455/3738/3464 3447/3730/3456
f 3449/3732/3458 3457/3740/3466 3456/3739/3465 3448/3731/3457
f 3450/3733/3459 3458/3741/3467 3457/3740/3466 3449/3732/3458
f 3451/3734/3460 3459/3742/3468 3458/3741/3467 3450/3733/3459
f 3452/3735/3461 3460/3743/3469 3459/3742/3468 3451/3734/3460
f 3453/3736/3462 3461/3744/3470 3460/3743/3469 3452/3735/3461
f 3454/3737/3463 3462/3745/3471 3461/3744/3470 3453/3736/3462
f 3455/3738/3464 3463/3746/3472 3412/3695/3412 3403/3686/3403
f 3456/3739/3465 3464/3747/3473 3463/3746/3472 3455/3738/3464
f 3457/3740/3466 3465/3748/3474 3464/3747/3473 3456/3739/3465
f 3458/3741/3467 3466/3749/3475 3465/3748/3474 3457/3740/3466
f 3459/3742/3468 3467/3750/3476 3466/3749/3475 3458/3741/3467
f 3460/3743/3469 3468/3751/3477 3467/3750/3476 3459/3742/3468
f 3461/3744/3470 3469/3752/3478 3468/3751/3477 3460/3743/3469
f 3462/3745/3471 3470/3753/3479 3469/3752/3478 3461/3744/3470
f 3463/3746/3472 3471/3754/3480 3421/3704/3421 3412/3695/3412
f 3464/3747/3473 3472/3755/3481 3471/3754/3480 3463/3746/3472
f 3465/3748/3474 3473/3756/3482 3472/3755/3481 3464/3747/3473
f 3466/3749/3475 3474/3757/3483 3473/3756/3482 3465/3748/3474
f 3467/3750/3476 3475/3758/3484 3474/3757/3483 3466/3749/3475
f 3468/3751/3477 3476/3759/3485 3475/3758/3484 3467/3750/3476
f 3469/3752/3478 3477/3760/3486 3476/3759/3485 3468/3751/3477
f 3470/3753/3479 3478/3761/3487 3477/3760/3486 3469/3752/3478
f 3471/3754/3480 3479/3762/3488 3430/3713/3430 3421/3704/3421
f 3472/3755/3481 3480/3763/3489 3479/3762/3488 3471/3754/3480
f 3473/3756/3482 3481/3764/3490 3480/3763/3489 3472/3755/3481
f 3474/3757/3483 3482/3765/3491 3481/3764/3490 3473/3756/3482
f 3475/3758/3484 3483/3766/3492 3482/3765/3491 3474/3757/3483
f 3476/3759/3485 3484/3767/3493 3483/3766/3492 3475/3758/3484
f 3477/3760/3486 3485/3768/3494 3484/3767/3493 3476/3759/3485
f 3478/3761/3487 3486/3769/3495 3485/3768/3494 3477/3760/3486
f 3479/3762/3488 1410/1485/3496 1337/1412/3439 3430/3713/3430
f 3480/3763/3489 1411/1486/3497 1410/1485/3496 3479/3762/3488
f 3481/3764/3490 1412/1487/3498 1411/1486/3497 3480/3763/3489
f 3482/3765/3491 1413/1488/3499 1412/1487/3498 3481/3764/3490
f 3483/3766/3492 1414/1489/3500 1413/1488/3499 3482/3765/3491
f 3484/3767/3493 1415/1490/3501 1414/1489/3500 3483/3766/3492
f 3485/3768/3494 1416/1491/3502 1415/1490/3501 3484/3767/3493
f 3486/3769/3495 1417/1492/3503 1416/1491/3502 3485/3768/3494
f 3487/3770/3504 3488/3771/3505 3305/3580/3305 3304/3579/3304
f 3488/3771/3505 3489/3772/3506 3306/3581/3306 3305/3580/3305
f 3489/3772/3506 3490/3773/3507 3307/3582/3307 3306/3581/3306
f 3490/3773/3507 3491/3774/3508 3308/3583/3308 3307/3582/3307
f 3491/3774/3508 3492/3775/3509 3309/3584/3309 3308/3583/3308
f 3492/3775/3509 3493/3776/3510 3310/3585/3310 3309/3584/3309
f 3493/3776/3510 3494/3777/3511 3311/3586/3311 3310/3585/3310
f 3494/3777/3511 3438/3721/3447 3247/3522/3247 3311/3586/3311
f 3495/3778/3512 3496/3779/3513 3488/3771/3505 3487/3770/3504
f 3496/3779/3513 3497/3780/3514 3489/3772/3506 3488/3771/3505
f 3497/3780/3514 3498/3781/3515 3490/3773/3507 3489/3772/3506
f 3498/3781/3515 3499/3782/3516 3491/3774/3508 3490/3773/3507
f 3499/3782/3516 3500/3783/3517 3492/3775/3509 3491/3774/3508
f 3500/3783/3517 3501/3784/3518 3493/3776/3510 3492/3775/3509
f 3501/3784/3518 3502/3785/3519 3494/3777/3511 3493/3776/3510
f 3502/3785/3519 3446/3729/3455 3438/3721/3447 3494/3777/3511
f 3503/3786/3520 3504/3787/3521 3496/3779/3513 3495/3778/3512
f 3504/3787/3521 3505/3788/3522 3497/3780/3514 3496/3779/3513
f 3505/3788/3522 3506/3789/3523 3498/3781/3515 3497/3780/3514
f 3506/3789/3523 3507/3790/3524 3499/3782/3516 3498/3781/3515
f 3507/3790/3524 3508/3791/3525 3500/3783/3517 3499/3782/3516
f 3508/3791/3525 3509/3792/3526 3501/3784/3518 3500/3783/3517
f 3509/3792/3526 3510/3793/3527 3502/3785/3519 3501/3784/3518
f 3510/3793/3527 3454/3737/3463 3446/3729/3455 3502/3785/3519
f 3511/3794/3528 3512/3795/3529 3504/3787/3521 3503/3786/3520
f 3512/3795/3529 3513/3796/3530 3505/3788/3522 3504/3787/3521
f 3513/3796/3530 3514/3797/3531 3506/3789/3523 3505/3788/3522
f 3514/3797/3531 3515/3798/3532 3507/3790/3524 3506/3789/3523
f 3515/3798/3532 3516/3799/3533 3508/3791/3525 3507/3790/3524
f 3516/3799/3533 3517/3800/3534 3509/3792/3526 3508/3791/3525
f 3517/3800/3534 3518/3801/3535 3510/3793/3527 3509/3792/3526
f 3518/3801/3535 3462/3745/3471 3454/3737/3463 3510/3793/3527
f 3519/3802/3536 3520/3803/3537 3512/3795/3529 3511/3794/3528
f 3520/3803/3537 3521/3804/3538 3513/3796/3530 3512/3795/3529
f 3521/3804/3538 3522/3805/3539 3514/3797/3531 3513/3796/3530
f 3522/3805/3539 3523/3806/3540 3515/3798/3532 3514/3797/3531
f 3523/3806/3540 3524/3807/3541 3516/3799/3533 3515/3798/3532
f 3524/3807/3541 3525/3808/3542 3517/3800/3534 3516/3799/3533
f 3525/3808/3542 3526/3809/3543 3518/3801/3535 3517/3800/3534
f 3526/3809/3543 3470/3753/3479 3462/3745/3471 3518/3801/3535
f 3527/3810/3544 3528/3811/3545 3520/3803/3537 3519/3802/3536
f 3528/3811/3545 3529/3812/3546 3521/3804/3538 3520/3803/3537
f 3529/3812/3546 3530/3813/3547 3522/3805/3539 3521/3804/3538
f 3530/3813/3547 3531/3814/3548 3523/3806/3540 3522/3805/3539
f 3531/3814/3548 3532/3815/3549 3524/3807/3541 3523/3806/3540
f 3532/3815/3549 3533/3816/3550 3525/3808/3542 3524/3807/3541
f 3533/3816/3550 3534/3817/3551 3526/3809/3543 3525/3808/3542
f 3534/3817/3551 3478/3761/3487 3470/3753/3479 3526/3809/3543
f 3535/3818/3552 3536/3819/3553 3528/3811/3545 3527/3810/3544
f 3536/3819/3553 3537/3820/3554 3529/3812/3546 3528/3811/3545
f 3537/3820/3554 3538/3821/3555 3530/3813/3547 3529/3812/3546
f 3538/3821/3555 3539/3822/3556 3531/3814/3548 3530/3813/3547
f 3539/3822/3556 3540/3823/3557 3532/3815/3549 3531/3814/3548
f 3540/3823/3557 3541/3824/3558 3533/3816/3550 3532/3815/3549
f 3541/3824/3558 3542/3825/3559 3534/3817/3551 3533/3816/3550
f 3542/3825/3559 3486/3769/3495 3478/3761/3487 3534/3817/3551
f 1482/1557/3560 1483/1558/3561 3536/3819/3553 3535/3818/3552
f 1483/1558/3561 1484/1559/3562 3537/3820/3554 3536/3819/3553
f 1484/1559/3562 1485/1560/3563 3538/3821/3555 3537/3820/3554
f 1485/1560/3563 1486/1561/3564 3539/3822/3556 3538/3821/3555
f 1486/1561/3564 1487/1562/3565 3540/3823/3557 3539/3822/3556
f 1487/1562/3565 1488/1563/3566 3541/3824/3558 3540/3823/3557
f 1488/1563/3566 1489/1564/3567 3542/3825/3559 3541/3824/3558
f 1489/1564/3567 1417/1492/3503 3486/3769/3495 3542/3825/3559
f 3368/3826/3368 3543/3827/3568 3361/3644/3361 3175/3643/3175
f 3543/3827/3568 3544/3828/3569 3362/3645/3362 3361/3644/3361
f 3544/3828/3569 3545/3829/3570 3363/3646/3363 3362/3645/3362
f 3545/3829/3570 3546/3830/3571 3364/3647/3364 3363/3646/3363
f 3546/3830/3571 3547/3831/3572 3365/3648/3365 3364/3647/3364
f 3547/3831/3572 3548/3832/3573 3366/3649/3366 3365/3648/3365
f 3548/3832/3573 3549/3833/3574 3367/3650/3367 3366/3649/3366
f 3549/3833/3574 3487/3770/3504 3304/3579/3304 3367/3650/3367
f 3377/3834/3377 3550/3835/3575 3543/3827/3568 3368/3826/3368
f 3550/3835/3575 3551/3836/3576 3544/3828/3569 3543/3827/3568
f 3551/3836/3576 3552/3837/3577 3545/3829/3570 3544/3828/3569
f 3552/3837/3577 3553/3838/3578 3546/3830/3571 3545/3829/3570
f 3553/3838/3578 3554/3839/3579 3547/3831/3572 3546/3830/3571
f 3554/3839/3579 3555/3840/3580 3548/3832/3573 3547/3831/3572
f 3555/3840/3580 3556/3841/3581 3549/3833/3574 3548/3832/3573
f 3556/3841/3581 3495/3778/3512 3487/3770/3504 3549/3833/3574
f 3386/3842/3386 3557/3843/3582 3550/3835/3575 3377/3834/3377
f 3557/3843/3582 3558/3844/3583 3551/3836/3576 3550/3835/3575
f 3558/3844/3583 3559/3845/3584 3552/3837/3577 3551/3836/3576
f 3559/3845/3584 3560/3846/3585 3553/3838/3578 3552/3837/3577
f 3560/3846/3585 3561/3847/3586 3554/3839/3579 3553/3838/3578
f 3561/3847/3586 3562/3848/3587 3555/3840/3580 3554/3839/3579
f 3562/3848/3587 3563/3849/3588 3556/3841/3581 3555/3840/3580
f 3563/3849/3588 3503/3786/3520 3495/3778/3512 3556/3841/3581
f 3395/3850/3395 3564/3851/3589 3557/3843/3582 3386/3842/3386
f 3564/3851/3589 3565/3852/3590 3558/3844/3583 3557/3843/3582
f 3565/3852/3590 3566/3853/3591 3559/3845/3584 3558/3844/3583
f 3566/3853/3591 3567/3854/3592 3560/3846/3585 3559/3845/3584
f 3567/3854/3592 3568/3855/3593 3561/3847/3586 3560/3846/3585
f 3568/3855/3593 3569/3856/3594 3562/3848/3587 3561/3847/3586
f 3569/3856/3594 3570/3857/3595 3563/3849/3588 3562/3848/3587
f 3570/3857/3595 3511/3794/3528 3503/3786/3520 3563/3849/3588
f 3404/3858/3404 3571/3859/3596 3564/3851/3589 3395/3850/3395
f 3571/3859/3596 3572/3860/3597 3565/3852/3590 3564/3851/3589
f 3572/3860/3597 3573/3861/3598 3566/3853/3591 3565/3852/3590
f 3573/3861/3598 3574/3862/3599 3567/3854/3592 3566/3853/3591
f 3574/3862/3599 3575/3863/3600 3568/3855/3593 3567/3854/3592
f 3575/3863/3600 3576/3864/3601 3569/3856/3594 3568/3855/3593
f 3576/3864/3601 3577/3865/3602 3570/3857/3595 3569/3856/3594
f 3577/3865/3602 3519/3802/3536 3511/3794/3528 3570/3857/3595
f 3413/3866/3413 3578/3867/3603 3571/3859/3596 3404/3858/3404
f 3578/3867/3603 3579/3868/3604 3572/3860/3597 3571/3859/3596
f 3579/3868/3604 3580/3869/3605 3573/3861/3598 3572/3860/3597
f 3580/3869/3605 3581/3870/3606 3574/3862/3599 3573/3861/3598
f 3581/3870/3606 3582/3871/3607 3575/3863/3600 3574/3862/3599
f 3582/3871/3607 3583/3872/3608 3576/3864/3601 3575/3863/3600
f 3583/3872/3608 3584/3873/3609 3577/3865/3602 3576/3864/3601
f 3584/3873/3609 3527/3810/3544 3519/3802/3536 3577/3865/3602
f 3422/3874/3422 3585/3875/3610 3578/3867/3603 3413/3866/3413
f 3585/3875/3610 3586/3876/3611 3579/3868/3604 3578/3867/3603
f 3586/3876/3611 3587/3877/3612 3580/3869/3605 3579/3868/3604
f 3587/3877/3612 3588/3878/3613 3581/3870/3606 3580/3869/3605
f 3588/3878/3613 3589/3879/3614 3582/3871/3607 3581/3870/3606
f 3589/3879/3614 3590/3880/3615 3583/3872/3608 3582/3871/3607
f 3590/3880/3615 3591/3881/3616 3584/3873/3609 3583/3872/3608
f 3591/3881/3616 3535/3818/3552 3527/3810/3544 3584/3873/3609
f 1329/1629/3431 1554/1630/3617 3585/3875/3610 3422/3874/3422
f 1554/1630/3617 1555/1631/3618 3586/3876/3611 3585/3875/3610
f 1555/1631/3618 1556/1632/3619 3587/3877/3612 3586/3876/3611
f 1556/1632/3619 1557/1633/3620 3588/3878/3613 3587/3877/3612
f 1557/1633/3620 1558/1634/3621 3589/3879/3614 3588/3878/3613
f 1558/1634/3621 1559/1635/3622 3590/3880/3615 3589/3879/3614
f 1559/1635/3622 1560/1636/3623 3591/3881/3616 3590/3880/3615
f 1560/1636/3623 1482/1557/3560 3535/3818/3552 3591/3881/3616
f 1137/3883/3625 3593/3892/3634 3592/3891/3633 1136/3882/3624
f 1138/3884/3626 3594/3893/3635 3593/3892/3634 1137/3883/3625
f 1139/3885/3627 3595/3894/3636 3594/3893/3635 1138/3884/3626
f 1140/3886/3628 3596/3895/3637 3595/3894/3636 1139/3885/3627
f 1141/3887/3629 3597/3896/3638 3596/3895/3637 1140/3886/3628
f 1142/3888/3630 3598/3897/3639 3597/3896/3638 1141/3887/3629
f 1143/3889/3631 3599/3898/3640 3598/3897/3639 1142/3888/3630
f 1144/3890/3632 3600/3899/3641 3599/3898/3640 1143/3889/3631
f 3593/3892/3634 3602/3901/3643 3601/3900/3642 3592/3891/3633
f 3594/3893/3635 3603/3902/3644 3602/3901/3643 3593/3892/3634
f 3595/3894/3636 3604/3903/3645 3603/3902/3644 3594/3893/3635
f 3596/3895/3637 3605/3904/3646 3604/3903/3645 3595/3894/3636
f 3597/3896/3638 3606/3905/3647 3605/3904/3646 3596/3895/3637
f 3598/3897/3639 3607/3906/3648 3606/3905/3647 3597/3896/3638
f 3599/3898/3640 3608/3907/3649 3607/3906/3648 3598/3897/3639
f 3600/3899/3641 3609/3908/3650 3608/3907/3649 3599/3898/3640
f 3602/3901/3643 3611/3910/3652 3610/3909/3651 3601/3900/3642
f 3603/3902/3644 3612/3911/3653 3611/3910/3652 3602/3901/3643
f 3604/3903/3645 3613/3912/3654 3612/3911/3653 3603/3902/3644
f 3605/3904/3646 3614/3913/3655 3613/3912/3654 3604/3903/3645
f 3606/3905/3647 3615/3914/3656 3614/3913/3655 3605/3904/3646
f 3607/3906/3648 3616/3915/3657 3615/3914/3656 3606/3905/3647
f 3608/3907/3649 3617/3916/3658 3616/3915/3657 3607/3906/3648
f 3609/3908/3650 3618/3917/3659 3617/3916/3658 3608/3907/3649
f 3611/3910/3652 3620/3919/3661 3619/3918/3660 3610/3909/3651
f 3612/3911/3653 3621/3920/3662 3620/3919/3661 3611/3910/3652
f 3613/3912/3654 3622/3921/3663 3621/3920/3662 3612/3911/3653
f 3614/3913/3655 3623/3922/3664 3622/3921/3663 3613/3912/3654
f 3615/3914/3656 3624/3923/3665 3623/3922/3664 3614/3913/3655
f 3616/3915/3657 3625/3924/3666 3624/3923/3665 3615/3914/3656
f 3617/3916/3658 3626/3925/3667 3625/3924/3666 3616/3915/3657
f 3618/3917/3659 3627/3926/3668 3626/3925/3667 3617/3916/3658
f 3620/3919/3661 3629/3928/3670 3628/3927/3669 3619/3918/3660
f 3621/3920/3662 3630/3929/3671 3629/3928/3670 3620/3919/3661
f 3622/3921/3663 3631/3930/3672 3630/3929/3671 3621/3920/3662
f 3623/3922/3664 3632/3931/3673 3631/3930/3672 3622/3921/3663
f 3624/3923/3665 3633/3932/3674 3632/3931/3673 3623/3922/3664
f 3625/3924/3666 3634/3933/3675 3633/3932/3674 3624/3923/3665
f 3626/3925/3667 3635/3934/3676 3634/3933/3675 3625/3924/3666
f 3627/3926/3668 3636/3935/3677 3635/3934/3676 3626/3925/3667
f 3629/3928/3670 3638/3937/3679 3637/3936/3678 3628/3927/3669
f 3630/3929/3671 3639/3938/3680 3638/3937/3679 3629/3928/3670
f 3631/3930/3672 3640/3939/3681 3639/3938/3680 3630/3929/3671
f 3632/3931/3673 3641/3940/3682 3640/3939/3681 3631/3930/3672
f 3633/3932/3674 3642/3941/3683 3641/3940/3682 3632/3931/3673
f 3634/3933/3675 3643/3942/3684 3642/3941/3683 3633/3932/3674
f 3635/3934/3676 3644/3943/3685 3643/3942/3684 3634/3933/3675
f 3636/3935/3677 3645/3944/3686 3644/3943/3685 3635/3934/3676
f 3638/3937/3679 3647/3946/3688 3646/3945/3687 3637/3936/3678
f 3639/3938/3680 3648/3947/3689 3647/3946/3688 3638/3937/3679
f 3640/3939/3681 3649/3948/3690 3648/3947/3689 3639/3938/3680
f 3641/3940/3682 3650/3949/3691 3649/3948/3690 3640/3939/3681
f 3642/3941/3683 3651/3950/3692 3650/3949/3691 3641/3940/3682
f 3643/3942/3684 3652/3951/3693 3651/3950/3692 3642/3941/3683
f 3644/3943/3685 3653/3952/3694 3652/3951/3693 3643/3942/3684
f 3645/3944/3686 3654/3953/3695 3653/3952/3694 3644/3943/3685
f 3647/3946/3688 3656/3955/3697 3655/3954/3696 3646/3945/3687
f 3648/3947/3689 3657/3956/3698 3656/3955/3697 3647/3946/3688
f 3649/3948/3690 3658/3957/3699 3657/3956/3698 3648/3947/3689
f 3650/3949/3691 3659/3958/3700 3658/3957/3699 3649/3948/3690
f 3651/3950/3692 3660/3959/3701 3659/3958/3700 3650/3949/3691
f 3652/3951/3693 3661/3960/3702 3660/3959/3701 3651/3950/3692
f 3653/3952/3694 3662/3961/3703 3661/3960/3702 3652/3951/3693
f 3654/3953/3695 3663/3962/3704 3662/3961/3703 3653/3952/3694
f 1201/3963/3705 3664/3971/3713 3600/3899/3641 1144/3890/3632
f 1202/3964/3706 3665/3972/3714 3664/3971/3713 1201/3963/3705
f 1203/3965/3707 3666/3973/3715 3665/3972/3714 1202/3964/3706
f 1204/3966/3708 3667/3974/3716 3666/3973/3715 1203/3965/3707
f 1205/3967/3709 3668/3975/3717 3667/3974/3716 1204/3966/3708
f 1206/3968/3710 3669/3976/3718 3668/3975/3717 1205/3967/3709
f 1207/3969/3711 3670/3977/3719 3669/3976/3718 1206/3968/3710
f 1208/3970/3712 3671/3978/3720 3670/3977/3719 1207/3969/3711
f 3664/3971/3713 3672/3979/3721 3609/3908/3650 3600/3899/3641
f 3665/3972/3714 3673/3980/3722 3672/3979/3721 3664/3971/3713
f 3666/3973/3715 3674/3981/3723 3673/3980/3722 3665/3972/3714
f 3667/3974/3716 3675/3982/3724 3674/3981/3723 3666/3973/3715
f 3668/3975/3717 3676/3983/3725 3675/3982/3724 3667/3974/3716
f 3669/3976/3718 3677/3984/3726 3676/3983/3725 3668/3975/3717
f 3670/3977/3719 3678/3985/3727 3677/3984/3726 3669/3976/3718
f 3671/3978/3720 3679/3986/3728 3678/3985/3727 3670/3977/3719
f 3672/3979/3721 3680/3987/3729 3618/3917/3659 3609/3908/3650
f 3673/3980/3722 3681/3988/3730 3680/3987/3729 3672/3979/3721
f 3674/3981/3723 3682/3989/3731 3681/3988/3730 3673/3980/3722
f 3675/3982/3724 3683/3990/3732 3682/3989/3731 3674/3981/3723
f 3676/3983/3725 3684/3991/3733 3683/3990/3732 3675/3982/3724
f 3677/3984/3726 3685/3992/3734 3684/3991/3733 3676/3983/3725
f 3678/3985/3727 3686/3993/3735 3685/3992/3734 3677/3984/3726
f 3679/3986/3728 3687/3994/3736 3686/3993/3735 3678/3985/3727
f 3680/3987/3729 3688/3995/3737 3627/3926/3668 3618/3917/3659
f 3681/3988/3730 3689/3996/3738 3688/3995/3737 3680/3987/3729
f 3682/3989/3731 3690/3997/3739 3689/3996/3738 3681/3988/3730
f 3683/3990/3732 3691/3998/3740 3690/3997/3739 3682/3989/3731
f 3684/3991/3733 3692/3999/3741 3691/3998/3740 3683/3990/3732
f 3685/3992/3734 3693/4000/3742 3692/3999/3741 3684/3991/3733
f 3686/3993/3735 3694/4001/3743 3693/4000/3742 3685/3992/3734
f 3687/3994/3736 3695/4002/3744 3694/4001/3743 3686/3993/3735
f 3688/3995/3737 3696/4003/3745 3636/3935/3677 3627/3926/3668
f 3689/3996/3738 3697/4004/3746 3696/4003/3745 3688/3995/3737
f 3690/3997/3739 3698/4005/3747 3697/4004/3746 3689/3996/3738
f 3691/3998/3740 3699/4006/3748 3698/4005/3747 3690/3997/3739
f 3692/3999/3741 3700/4007/3749 3699/4006/3748 3691/3998/3740
f 3693/4000/3742 3701/4008/3750 3700/4007/3749 3692/3999/3741
f 3694/4001/3743 3702/4009/3751 3701/4008/3750 3693/4000/3742
f 3695/4002/3744 3703/4010/3752 3702/4009/3751 3694/4001/3743
f 3696/4003/3745 3704/4011/3753 3645/3944/3686 3636/3935/3677
f 3697/4004/3746 3705/4012/3754 3704/4011/3753 3696/4003/3745
f 3698/4005/3747 3706/4013/3755 3705/4012/3754 3697/4004/3746
f 3699/4006/3748 3707/4014/3756 3706/4013/3755 3698/4005/3747
f 3700/4007/3749 3708/4015/3757 3707/4014/3756 3699/4006/3748
f 3701/4008/3750 3709/4016/3758 3708/4015/3757 3700/4007/3749
f 3702/4009/3751 3710/4017/3759 3709/4016/3758 3701/4008/3750
f 3703/4010/3752 3711/4018/3760 3710/4017/3759 3702/4009/3751
f 3704/4011/3753 3712/4019/3761 3654/3953/3695 3645/3944/3686
f 3705/4012/3754 3713/4020/3762 3712/4019/3761 3704/4011/3753
f 3706/4013/3755 3714/4021/3763 3713/4020/3762 3705/4012/3754
f 3707/4014/3756 3715/4022/3764 3714/4021/3763 3706/4013/3755
f 3708/4015/3757 3716/4023/3765 3715/4022/3764 3707/4014/3756
f 3709/4016/3758 3717/4024/3766 3716/4023/3765 3708/4015/3757
f 3710/4017/3759 3718/4025/3767 3717/4024/3766 3709/4016/3758
f 3711/4018/3760 3719/4026/3768 3718/4025/3767 3710/4017/3759
f 3712/4019/3761 3720/4027/3769 3663/3962/3704 3654/3953/3695
f 3713/4020/3762 3721/4028/3770 3720/4027/3769 3712/4019/3761
f 3714/4021/3763 3722/4029/3771 3721/4028/3770 3713/4020/3762
f 3715/4022/3764 3723/4030/3772 3722/4029/3771 3714/4021/3763
f 3716/4023/3765 3724/4031/3773 3723/4030/3772 3715/4022/3764
f 3717/4024/3766 3725/4032/3774 3724/4031/3773 3716/4023/3765
f 3718/4025/3767 3726/4033/3775 3725/4032/3774 3717/4024/3766
f 3719/4026/3768 3727/4034/3776 3726/4033/3775 3718/4025/3767
f 3728/4043/3785 3729/4044/3786 1266/4036/3778 1265/4035/3777
f 3729/4044/3786 3730/4045/3787 1267/4037/3779 1266/4036/3778
f 3730/4045/3787 3731/4046/3788 1268/4038/3780 1267/4037/3779
f 3731/4046/3788 3732/4047/3789 1269/4039/3781 1268/4038/3780
f 3732/4047/3789 3733/4048/3790 1270/4040/3782 1269/4039/3781
f 3733/4048/3790 3734/4049/3791 1271/4041/3783 1270/4040/3782
f 3734/4049/3791 3735/4050/3792 1272/4042/3784 1271/4041/3783
f 3735/4050/3792 3671/3978/3720 1208/3970/3712 1272/4042/3784
f 3736/4051/3793 3737/4052/3794 3729/4044/3786 3728/4043/3785
f 3737/4052/3794 3738/4053/3795 3730/4045/3787 3729/4044/3786
f 3738/4053/3795 3739/4054/3796 3731/4046/3788 3730/4045/3787
f 3739/4054/3796 3740/4055/3797 3732/4047/3789 3731/4046/3788
f 3740/4055/3797 3741/4056/3798 3733/4048/3790 3732/4047/3789
f 3741/4056/3798 3742/4057/3799 3734/4049/3791 3733/4048/3790
f 3742/4057/3799 3743/4058/3800 3735/4050/3792 3734/4049/3791
f 3743/4058/3800 3679/3986/3728 3671/3978/3720 3735/4050/3792
f 3744/4059/3801 3745/4060/3802 3737/4052/3794 3736/4051/3793
f 3745/4060/3802 3746/4061/3803 3738/4053/3795 3737/4052/3794
f 3746/4061/3803 3747/4062/3804 3739/4054/3796 3738/4053/3795
f 3747/4062/3804 3748/4063/3805 3740/4055/3797 3739/4054/3796
f 3748/4063/3805 3749/4064/3806 3741/4056/3798 3740/4055/3797
f 3749/4064/3806 3750/4065/3807 3742/4057/3799 3741/4056/3798
f 3750/4065/3807 3751/4066/3808 3743/4058/3800 3742/4057/3799
f 3751/4066/3808 3687/3994/3736 3679/3986/3728 3743/4058/3800
f 3752/4067/3809 3753/4068/3810 3745/4060/3802 3744/4059/3801
f 3753/4068/3810 3754/4069/3811 3746/4061/3803 3745/4060/3802
f 3754/4069/3811 3755/4070/3812 3747/4062/3804 3746/4061/3803
f 3755/4070/3812 3756/4071/3813 3748/4063/3805 3747/4062/3804
f 3756/4071/3813 3757/4072/3814 3749/4064/3806 3748/4063/3805
f 3757/4072/3814 3758/4073/3815 3750/4065/3807 3749/4064/3806
f 3758/4073/3815 3759/4074/3816 3751/4066/3808 3750/4065/3807
f 3759/4074/3816 3695/4002/3744 3687/3994/3736 3751/4066/3808
f 3760/4075/3817 3761/4076/3818 3753/4068/3810 3752/4067/3809
f 3761/4076/3818 3762/4077/3819 3754/4069/3811 3753/4068/3810
f 3762/4077/3819 3763/4078/3820 3755/4070/3812 3754/4069/3811
f 3763/4078/3820 3764/4079/3821 3756/4071/3813 3755/4070/3812
f 3764/4079/3821 3765/4080/3822 3757/4072/3814 3756/4071/3813
f 3765/4080/3822 3766/4081/3823 3758/4073/3815 3757/4072/3814
f 3766/4081/3823 3767/4082/3824 3759/4074/3816 3758/4073/3815
f 3767/4082/3824 3703/4010/3752 3695/4002/3744 3759/4074/3816
f 3768/4083/3825 3769/4084/3826 3761/4076/3818 3760/4075/3817
f 3769/4084/3826 3770/4085/3827 3762/4077/3819 3761/4076/3818
f 3770/4085/3827 3771/4086/3828 3763/4078/3820 3762/4077/3819
f 3771/4086/3828 3772/4087/3829 3764/4079/3821 3763/4078/3820
f 3772/4087/3829 3773/4088/3830 3765/4080/3822 3764/4079/3821
f 3773/4088/3830 3774/4089/3831 3766/4081/3823 3765/4080/3822
f 3774/4089/3831 3775/4090/3832 3767/4082/3824 3766/4081/3823
f 3775/4090/3832 3711/4018/3760 3703/4010/3752 3767/4082/3824
f 3776/4091/3833 3777/4092/3834 3769/4084/3826 3768/4083/3825
f 3777/4092/3834 3778/4093/3835 3770/4085/3827 3769/4084/3826
f 3778/4093/3835 3779/4094/3836 3771/4086/3828 3770/4085/3827
f 3779/4094/3836 3780/4095/3837 3772/4087/3829 3771/4086/3828
f 3780/4095/3837 3781/4096/3838 3773/4088/3830 3772/4087/3829
f 3781/4096/3838 3782/4097/3839 3774/4089/3831 3773/4088/3830
f 3782/4097/3839 3783/4098/3840 3775/4090/3832 3774/4089/3831
f 3783/4098/3840 3719/4026/3768 3711/4018/3760 3775/4090/3832
f 3784/4099/3841 3785/4100/3842 3777/4092/3834 3776/4091/3833
f 3785/4100/3842 3786/4101/3843 3778/4093/3835 3777/4092/3834
f 3786/4101/3843 3787/4102/3844 3779/4094/3836 3778/4093/3835
f 3787/4102/3844 3788/4103/3845 3780/4095/3837 3779/4094/3836
f 3788/4103/3845 3789/4104/3846 3781/4096/3838 3780/4095/3837
f 3789/4104/3846 3790/4105/3847 3782/4097/3839 3781/4096/3838
f 3790/4105/3847 3791/4106/3848 3783/4098/3840 3782/4097/3839
f 3791/4106/3848 3727/4034/3776 3719/4026/3768 3783/4098/3840
f 3592/3891/3633 3792/4114/3856 1322/4107/3849 1136/3882/3624
f 3792/4114/3856 3793/4115/3857 1323/4108/3850 1322/4107/3849
f 3793/4115/3857 3794/4116/3858 1324/4109/3851 1323/4108/3850
f 3794/4116/3858 3795/4117/3859 1325/4110/3852 1324/4109/3851
f 3795/4117/3859 3796/4118/3860 1326/4111/3853 1325/4110/3852
f 3796/4118/3860 3797/4119/3861 1327/4112/3854 1326/4111/3853
f 3797/4119/3861 3798/4120/3862 1328/4113/3855 1327/4112/3854
f 3798/4120/3862 3728/4043/3785 1265/4035/3777 1328/4113/3855
f 3601/3900/3642 3799/4121/3863 3792/4114/3856 3592/3891/3633
f 3799/4121/3863 3800/4122/3864 3793/4115/3857 3792/4114/3856
f 3800/4122/3864 3801/4123/3865 3794/4116/3858 3793/4115/3857
f 3801/4123/3865 3802/4124/3866 3795/4117/3859 3794/4116/3858
f 3802/4124/3866 3803/4125/3867 3796/4118/3860 3795/4117/3859
f 3803/4125/3867 3804/4126/3868 3797/4119/3861 3796/4118/3860
f 3804/4126/3868 3805/4127/3869 3798/4120/3862 3797/4119/3861
f 3805/4127/3869 3736/4051/3793 3728/4043/3785 3798/4120/3862
f 3610/3909/3651 3806/4128/3870 3799/4121/3863 3601/3900/3642
f 3806/4128/3870 3807/4129/3871 3800/4122/3864 3799/4121/3863
f 3807/4129/3871 3808/4130/3872 3801/4123/3865 3800/4122/3864
f 3808/4130/3872 3809/4131/3873 3802/4124/3866 3801/4123/3865
f 3809/4131/3873 3810/4132/3874 3803/4125/3867 3802/4124/3866
f 3810/4132/3874 3811/4133/3875 3804/4126/3868 3803/4125/3867
f 3811/4133/3875 3812/4134/3876 3805/4127/3869 3804/4126/3868
f 3812/4134/3876 3744/4059/3801 3736/4051/3793 3805/4127/3869
f 3619/3918/3660 3813/4135/3877 3806/4128/3870 3610/3909/3651
f 3813/4135/3877 3814/4136/3878 3807/4129/3871 3806/4128/3870
f 3814/4136/3878 3815/4137/3879 3808/4130/3872 3807/4129/3871
f 3815/4137/3879 3816/4138/3880 3809/4131/3873 3808/4130/3872
f 3816/4138/3880 3817/4139/3881 3810/4132/3874 3809/4131/3873
f 3817/4139/3881 3818/4140/3882 3811/4133/3875 3810/4132/3874
f 3818/4140/3882 3819/4141/3883 3812/4134/3876 3811/4133/3875
f 3819/4141/3883 3752/4067/3809 3744/4059/3801 3812/4134/3876
f 3628/3927/3669 3820/4142/3884 3813/4135/3877 3619/3918/3660
f 3820/4142/3884 3821/4143/3885 3814/4136/3878 3813/4135/3877
f 3821/4143/3885 3822/4144/3886 3815/4137/3879 3814/4136/3878
f 3822/4144/3886 3823/4145/3887 3816/4138/3880 3815/4137/3879
f 3823/4145/3887 3824/4146/3888 3817/4139/3881 3816/4138/3880
f 3824/4146/3888 3825/4147/3889 3818/4140/3882 3817/4139/3881
f 3825/4147/3889 3826/4148/3890 3819/4141/3883 3818/4140/3882
f 3826/4148/3890 3760/4075/3817 3752/4067/3809 3819/4141/3883
f 3637/3936/3678 3827/4149/3891 3820/4142/3884 3628/3927/3669
f 3827/4149/3891 3828/4150/3892 3821/4143/3885 3820/4142/3884
f 3828/4150/3892 3829/4151/3893 3822/4144/3886 3821/4143/3885
f 3829/4151/3893 3830/4152/3894 3823/4145/3887 3822/4144/3886
f 3830/4152/3894 3831/4153/3895 3824/4146/3888 3823/4145/3887
f 3831/4153/3895 3832/4154/3896 3825/4147/3889 3824/4146/3888
f 3832/4154/3896 3833/4155/3897 3826/4148/3890 3825/4147/3889
f 3833/4155/3897 3768/4083/3825 3760/4075/3817 3826/4148/3890
f 3646/3945/3687 3834/4156/3898 3827/4149/3891 3637/3936/3678
f 3834/4156/3898 3835/4157/3899 3828/4150/3892 3827/4149/3891
f 3835/4157/3899 3836/4158/3900 3829/4151/3893 3828/4150/3892
f 3836/4158/3900 3837/4159/3901 3830/4152/3894 3829/4151/3893
f 3837/4159/3901 3838/4160/3902 3831/4153/3895 3830/4152/3894
f 3838/4160/3902 3839/4161/3903 3832/4154/3896 3831/4153/3895
f 3839/4161/3903 3840/4162/3904 3833/4155/3897 3832/4154/3896
f 3840/4162/3904 3776/4091/3833 3768/4083/3825 3833/4155/3897
f 3655/3954/3696 3841/4163/3905 3834/4156/3898 3646/3945/3687
f 3841/4163/3905 3842/4164/3906 3835/4157/3899 3834/4156/3898
f 3842/4164/3906 3843/4165/3907 3836/4158/3900 3835/4157/3899
f 3843/4165/3907 3844/4166/3908 3837/4159/3901 3836/4158/3900
f 3844/4166/3908 3845/4167/3909 3838/4160/3902 3837/4159/3901
f 3845/4167/3909 3846/4168/3910 3839/4161/3903 3838/4160/3902
f 3846/4168/3910 3847/4169/3911 3840/4162/3904 3839/4161/3903
f 3847/4169/3911 3784/4099/3841 3776/4091/3833 3840/4162/3904
f 3656/3955/3697 3849/4171/3913 3848/4170/3912 3655/3954/3696
f 3657/3956/3698 3850/4172/3914 3849/4171/3913 3656/3955/3697
f 3658/3957/3699 3851/4173/3915 3850/4172/3914 3657/3956/3698
f 3659/3958/3700 3852/4174/3916 3851/4173/3915 3658/3957/3699
f 3660/3959/3701 3853/4175/3917 3852/4174/3916 3659/3958/3700
f 3661/3960/3702 3854/4176/3918 3853/4175/3917 3660/3959/3701
f 3662/3961/3703 3855/4177/3919 3854/4176/3918 3661/3960/3702
f 3663/3962/3704 3856/4178/3920 3855/4177/3919 3662/3961/3703
f 3849/4171/3913 3858/4180/3922 3857/4179/3921 3848/4170/3912
f 3850/4172/3914 3859/4181/3923 3858/4180/3922 3849/4171/3913
f 3851/4173/3915 3860/4182/3924 3859/4181/3923 3850/4172/3914
f 3852/4174/3916 3861/4183/3925 3860/4182/3924 3851/4173/3915
f 3853/4175/3917 3862/4184/3926 3861/4183/3925 3852/4174/3916
f 3854/4176/3918 3863/4185/3927 3862/4184/3926 3853/4175/3917
f 3855/4177/3919 3864/4186/3928 3863/4185/3927 3854/4176/3918
f 3856/4178/3920 3865/4187/3929 3864/4186/3928 3855/4177/3919
f 3858/4180/3922 3867/4189/3931 3866/4188/3930 3857/4179/3921
f 3859/4181/3923 3868/4190/3932 3867/4189/3931 3858/4180/3922
f 3860/4182/3924 3869/4191/3933 3868/4190/3932 3859/4181/3923
f 3861/4183/3925 3870/4192/3934 3869/4191/3933 3860/4182/3924
f 3862/4184/3926 3871/4193/3935 3870/4192/3934 3861/4183/3925
f 3863/4185/3927 3872/4194/3936 3871/4193/3935 3862/4184/3926
f 3864/4186/3928 3873/4195/3937 3872/4194/3936 3863/4185/3927
f 3865/4187/3929 3874/4196/3938 3873/4195/3937 3864/4186/3928
f 3867/4189/3931 3876/4198/3940 3875/4197/3939 3866/4188/3930
f 3868/4190/3932 3877/4199/3941 3876/4198/3940 3867/4189/3931
f 3869/4191/3933 3878/4200/3942 3877/4199/3941 3868/4190/3932
f 3870/4192/3934 3879/4201/3943 3878/4200/3942 3869/4191/3933
f 3871/4193/3935 3880/4202/3944 3879/4201/3943 3870/4192/3934
f 3872/4194/3936 3881/4203/3945 3880/4202/3944 3871/4193/3935
f 3873/4195/3937 3882/4204/3946 3881/4203/3945 3872/4194/3936
f 3874/4196/3938 3883/4205/3947 3882/4204/3946 3873/4195/3937
f 3876/4198/3940 3885/4207/3949 3884/4206/3948 3875/4197/3939
f 3877/4199/3941 3886/4208/3950 3885/4207/3949 3876/4198/3940
f 3878/4200/3942 3887/4209/3951 3886/4208/3950 3877/4199/3941
f 3879/4201/3943 3888/4210/3952 3887/4209/3951 3878/4200/3942
f 3880/4202/3944 3889/4211/3953 3888/4210/3952 3879/4201/3943
f 3881/4203/3945 3890/4212/3954 3889/4211/3953 3880/4202/3944
f 3882/4204/3946 3891/4213/3955 3890/4212/3954 3881/4203/3945
f 3883/4205/3947 3892/4214/3956 3891/4213/3955 3882/4204/3946
f 3885/4207/3949 3894/4216/3958 3893/4215/3957 3884/4206/3948
f 3886/4208/3950 3895/4217/3959 3894/4216/3958 3885/4207/3949
f 3887/4209/3951 3896/4218/3960 3895/4217/3959 3886/4208/3950
f 3888/4210/3952 3897/4219/3961 3896/4218/3960 3887/4209/3951
f 3889/4211/3953 3898/4220/3962 3897/4219/3961 3888/4210/3952
f 3890/4212/3954 3899/4221/3963 3898/4220/3962 3889/4211/3953
f 3891/4213/3955 3900/4222/3964 3899/4221/3963 3890/4212/3954
f 3892/4214/3956 3901/4223/3965 3900/4222/3964 3891/4213/3955
f 3894/4216/3958 3903/4225/3967 3902/4224/3966 3893/4215/3957
f 3895/4217/3959 3904/4226/3968 3903/4225/3967 3894/4216/3958
f 3896/4218/3960 3905/4227/3969 3904/4226/3968 3895/4217/3959
f 3897/4219/3961 3906/4228/3970 3905/4227/3969 3896/4218/3960
f 3898/4220/3962 3907/4229/3971 3906/4228/3970 3897/4219/3961
f 3899/4221/3963 3908/4230/3972 3907/4229/3971 3898/4220/3962
f 3900/4222/3964 3909/4231/3973 3908/4230/3972 3899/4221/3963
f 3901/4223/3965 3910/4232/3974 3909/4231/3973 3900/4222/3964
f 3903/4225/3967 3912/4234/3976 3911/4233/3975 3902/4224/3966
f 3904/4226/3968 3913/4235/3977 3912/4234/3976 3903/4225/3967
f 3905/4227/3969 3914/4236/3978 3913/4235/3977 3904/4226/3968
f 3906/4228/3970 3915/4237/3979 3914/4236/3978 3905/4227/3969
f 3907/4229/3971 3916/4238/3980 3915/4237/3979 3906/4228/3970
f 3908/4230/3972 3917/4239/3981 3916/4238/3980 3907/4229/3971
f 3909/4231/3973 3918/4240/3982 3917/4239/3981 3908/4230/3972
f 3910/4232/3974 3919/4241/3983 3918/4240/3982 3909/4231/3973
f 3720/4027/3769 3920/4242/3984 3856/4178/3920 3663/3962/3704
f 3721/4028/3770 3921/4243/3985 3920/4242/3984 3720/4027/3769
f 3722/4029/3771 3922/4244/3986 3921/4243/3985 3721/4028/3770
f 3723/4030/3772 3923/4245/3987 3922/4244/3986 3722/4029/3771
f 3724/4031/3773 3924/4246/3988 3923/4245/3987 3723/4030/3772
f 3725/4032/3774 3925/4247/3989 3924/4246/3988 3724/4031/3773
f 3726/4033/3775 3926/4248/3990 3925/4247/3989 3725/4032/3774
f 3727/4034/3776 3927/4249/3991 3926/4248/3990 3726/4033/3775
f 3920/4242/3984 3928/4250/3992 3865/4187/3929 3856/4178/3920
f 3921/4243/3985 3929/4251/3993 3928/4250/3992 3920/4242/3984
f 3922/4244/3986 3930/4252/3994 3929/4251/3993 3921/4243/3985
f 3923/4245/3987 3931/4253/3995 3930/4252/3994 3922/4244/3986
f 3924/4246/3988 3932/4254/3996 3931/4253/3995 3923/4245/3987
f 3925/4247/3989 3933/4255/3997 3932/4254/3996 3924/4246/3988
f 3926/4248/3990 3934/4256/3998 3933/4255/3997 3925/4247/3989
f 3927/4249/3991 3935/4257/3999 3934/4256/3998 3926/4248/3990
f 3928/4250/3992 3936/4258/4000 3874/4196/3938 3865/4187/3929
f 3929/4251/3993 3937/4259/4001 3936/4258/4000 3928/4250/3992
f 3930/4252/3994 3938/4260/4002 3937/4259/4001 3929/4251/3993
f 3931/4253/3995 3939/4261/4003 3938/4260/4002 3930/4252/3994
f 3932/4254/3996 3940/4262/4004 3939/4261/4003 3931/4253/3995
f 3933/4255/3997 3941/4263/4005 3940/4262/4004 3932/4254/3996
f 3934/4256/3998 3942/4264/4006 3941/4263/4005 3933/4255/3997
f 3935/4257/3999 3943/4265/4007 3942/4264/4006 3934/4256/3998
f 3936/4258/4000 3944/4266/4008 3883/4205/3947 3874/4196/3938
f 3937/4259/4001 3945/4267/4009 3944/4266/4008 3936/4258/4000
f 3938/4260/4002 3946/4268/4010 3945/4267/4009 3937/4259/4001
f 3939/4261/4003 3947/4269/4011 3946/4268/4010 3938/4260/4002
f 3940/4262/4004 3948/4270/4012 3947/4269/4011 3939/4261/4003
f 3941/4263/4005 3949/4271/4013 3948/4270/4012 3940/4262/4004
f 3942/4264/4006 3950/4272/4014 3949/4271/4013 3941/4263/4005
f 3943/4265/4007 3951/4273/4015 3950/4272/4014 3942/4264/4006
f 3944/4266/4008 3952/4274/4016 3892/4214/3956 3883/4205/3947
f 3945/4267/4009 3953/4275/4017 3952/4274/4016 3944/4266/4008
f 3946/4268/4010 3954/4276/4018 3953/4275/4017 3945/4267/4009
f 3947/4269/4011 3955/4277/4019 3954/4276/4018 3946/4268/4010
f 3948/4270/4012 3956/4278/4020 3955/4277/4019 3947/4269/4011
f 3949/4271/4013 3957/4279/4021 3956/4278/4020 3948/4270/4012
f 3950/4272/4014 3958/4280/4022 3957/4279/4021 3949/4271/4013
f 3951/4273/4015 3959/4281/4023 3958/4280/4022 3950/4272/4014
f 3952/4274/4016 3960/4282/4024 3901/4223/3965 3892/4214/3956
f 3953/4275/4017 3961/4283/4025 3960/4282/4024 3952/4274/4016
f 3954/4276/4018 3962/4284/4026 3961/4283/4025 3953/4275/4017
f 3955/4277/4019 3963/4285/4027 3962/4284/4026 3954/4276/4018
f 3956/4278/4020 3964/4286/4028 3963/4285/4027 3955/4277/4019
f 3957/4279/4021 3965/4287/4029 3964/4286/4028 3956/4278/4020
f 3958/4280/4022 3966/4288/4030 3965/4287/4029 3957/4279/4021
f 3959/4281/4023 3967/4289/4031 3966/4288/4030 3958/4280/4022
f 3960/4282/4024 3968/4290/4032 3910/4232/3974 3901/4223/3965
f 3961/4283/4025 3969/4291/4033 3968/4290/4032 3960/4282/4024
f 3962/4284/4026 3970/4292/4034 3969/4291/4033 3961/4283/4025
f 3963/4285/4027 3971/4293/4035 3970/4292/4034 3962/4284/4026
f 3964/4286/4028 3972/4294/4036 3971/4293/4035 3963/4285/4027
f 3965/4287/4029 3973/4295/4037 3972/4294/4036 3964/4286/4028
f 3966/4288/4030 3974/4296/4038 3973/4295/4037 3965/4287/4029
f 3967/4289/4031 3975/4297/4039 3974/4296/4038 3966/4288/4030
f 3968/4290/4032 3976/4298/4040 3919/4241/3983 3910/4232/3974
f 3969/4291/4033 3977/4299/4041 3976/4298/4040 3968/4290/4032
f 3970/4292/4034 3978/4300/4042 3977/4299/4041 3969/4291/4033
f 3971/4293/4035 3979/4301/4043 3978/4300/4042 3970/4292/4034
f 3972/4294/4036 3980/4302/4044 3979/4301/4043 3971/4293/4035
f 3973/4295/4037 3981/4303/4045 3980/4302/4044 3972/4294/4036
f 3974/4296/4038 3982/4304/4046 3981/4303/4045 3973/4295/4037
f 3975/4297/4039 3983/4305/4047 3982/4304/4046 3974/4296/4038
f 3984/4306/4048 3985/4307/4049 3785/4100/3842 3784/4099/3841
f 3985/4307/4049 3986/4308/4050 3786/4101/3843 3785/4100/3842
f 3986/4308/4050 3987/4309/4051 3787/4102/3844 3786/4101/3843
f 3987/4309/4051 3988/4310/4052 3788/4103/3845 3787/4102/3844
f 3988/4310/4052 3989/4311/4053 3789/4104/3846 3788/4103/3845
f 3989/4311/4053 3990/4312/4054 3790/4105/3847 3789/4104/3846
f 3990/4312/4054 3991/4313/4055 3791/4106/3848 3790/4105/3847
f 3991/4313/4055 3927/4249/3991 3727/4034/3776 3791/4106/3848
f 3992/4314/4056 3993/4315/4057 3985/4307/4049 3984/4306/4048
f 3993/4315/4057 3994/4316/4058 3986/4308/4050 3985/4307/4049
f 3994/4316/4058 3995/4317/4059 3987/4309/4051 3986/4308/4050
f 3995/4317/4059 3996/4318/4060 3988/4310/4052 3987/4309/4051
f 3996/4318/4060 3997/4319/4061 3989/4311/4053 3988/4310/4052
f 3997/4319/4061 3998/4320/4062 3990/4312/4054 3989/4311/4053
f 3998/4320/4062 3999/4321/4063 3991/4313/4055 3990/4312/4054
f 3999/4321/4063 3935/4257/3999 3927/4249/3991 3991/4313/4055
f 4000/4322/4064 4001/4323/4065 3993/4315/4057 3992/4314/4056
f 4001/4323/4065 4002/4324/4066 3994/4316/4058 3993/4315/4057
f 4002/4324/4066 4003/4325/4067 3995/4317/4059 3994/4316/4058
f 4003/4325/4067 4004/4326/4068 3996/4318/4060 3995/4317/4059
f 4004/4326/4068 4005/4327/4069 3997/4319/4061 3996/4318/4060
f 4005/4327/4069 4006/4328/4070 3998/4320/4062 3997/4319/4061
f 4006/4328/4070 4007/4329/4071 3999/4321/4063 3998/4320/4062
f 4007/4329/4071 3943/4265/4007 3935/4257/3999 3999/4321/4063
f 4008/4330/4072 4009/4331/4073 4001/4323/4065 4000/4322/4064
f 4009/4331/4073 4010/4332/4074 4002/4324/4066 4001/4323/4065
f 4010/4332/4074 4011/4333/4075 4003/4325/4067 4002/4324/4066
f 4011/4333/4075 4012/4334/4076 4004/4326/4068 4003/4325/4067
f 4012/4334/4076 4013/4335/4077 4005/4327/4069 4004/4326/4068
f 4013/4335/4077 4014/4336/4078 4006/4328/4070 4005/4327/4069
f 4014/4336/4078 4015/4337/4079 4007/4329/4071 4006/4328/4070
f 4015/4337/4079 3951/4273/4015 3943/4265/4007 4007/4329/4071
f 4016/4338/4080 4017/4339/4081 4009/4331/4073 4008/4330/4072
f 4017/4339/4081 4018/4340/4082 4010/4332/4074 4009/4331/4073
f 4018/4340/4082 4019/4341/4083 4011/4333/4075 4010/4332/4074
f 4019/4341/4083 4020/4342/4084 4012/4334/4076 4011/4333/4075
f 4020/4342/4084 4021/4343/4085 4013/4335/4077 4012/4334/4076
f 4021/4343/4085 4022/4344/4086 4014/4336/4078 4013/4335/4077
f 4022/4344/4086 4023/4345/4087 4015/4337/4079 4014/4336/4078
f 4023/4345/4087 3959/4281/4023 3951/4273/4015 4015/4337/4079
f 4024/4346/4088 4025/4347/4089 4017/4339/4081 4016/4338/4080
f 4025/4347/4089 4026/4348/4090 4018/4340/4082 4017/4339/4081
f 4026/4348/4090 4027/4349/4091 4019/4341/4083 4018/4340/4082
f 4027/4349/4091 4028/4350/4092 4020/4342/4084 4019/4341/4083
f 4028/4350/4092 4029/4351/4093 4021/4343/4085 4020/4342/4084
f 4029/4351/4093 4030/4352/4094 4022/4344/4086 4021/4343/4085
f 4030/4352/4094 4031/4353/4095 4023/4345/4087 4022/4344/4086
f 4031/4353/4095 3967/4289/4031 3959/4281/4023 4023/4345/4087
f 4032/4354/4096 4033/4355/4097 4025/4347/4089 4024/4346/4088
f 4033/4355/4097 4034/4356/4098 4026/4348/4090 4025/4347/4089
f 4034/4356/4098 4035/4357/4099 4027/4349/4091 4026/4348/4090
f 4035/4357/4099 4036/4358/4100 4028/4350/4092 4027/4349/4091
f 4036/4358/4100 4037/4359/4101 4029/4351/4093 4028/4350/4092
f 4037/4359/4101 4038/4360/4102 4030/4352/4094 4029/4351/4093
f 4038/4360/4102 4039/4361/4103 4031/4353/4095 4030/4352/4094
f 4039/4361/4103 3975/4297/4039 3967/4289/4031 4031/4353/4095
f 4040/4362/4104 4041/4363/4105 4033/4355/4097 4032/4354/4096
f 4041/4363/4105 4042/4364/4106 4034/4356/4098 4033/4355/4097
f 4042/4364/4106 4043/4365/4107 4035/4357/4099 4034/4356/4098
f 4043/4365/4107 4044/4366/4108 4036/4358/4100 4035/4357/4099
f 4044/4366/4108 4045/4367/4109 4037/4359/4101 4036/4358/4100
f 4045/4367/4109 4046/4368/4110 4038/4360/4102 4037/4359/4101
f 4046/4368/4110 4047/4369/4111 4039/4361/4103 4038/4360/4102
f 4047/4369/4111 3983/4305/4047 3975/4297/4039 4039/4361/4103
f 3848/4170/3912 4048/4370/4112 3841/4163/3905 3655/3954/3696
f 4048/4370/4112 4049/4371/4113 3842/4164/3906 3841/4163/3905
f 4049/4371/4113 4050/4372/4114 3843/4165/3907 3842/4164/3906
f 4050/4372/4114 4051/4373/4115 3844/4166/3908 3843/4165/3907
f 4051/4373/4115 4052/4374/4116 3845/4167/3909 3844/4166/3908
f 4052/4374/4116 4053/4375/4117 3846/4168/3910 3845/4167/3909
f 4053/4375/4117 4054/4376/4118 3847/4169/3911 3846/4168/3910
f 4054/4376/4118 3984/4306/4048 3784/4099/3841 3847/4169/3911
f 3857/4179/3921 4055/4377/4119 4048/4370/4112 3848/4170/3912
f 4055/4377/4119 4056/4378/4120 4049/4371/4113 4048/4370/4112
f 4056/4378/4120 4057/4379/4121 4050/4372/4114 4049/4371/4113
f 4057/4379/4121 4058/4380/4122 4051/4373/4115 4050/4372/4114
f 4058/4380/4122 4059/4381/4123 4052/4374/4116 4051/4373/4115
f 4059/4381/4123 4060/4382/4124 4053/4375/4117 4052/4374/4116
f 4060/4382/4124 4061/4383/4125 4054/4376/4118 4053/4375/4117
f 4061/4383/4125 3992/4314/4056 3984/4306/4048 4054/4376/4118
f 3866/4188/3930 4062/4384/4126 4055/4377/4119 3857/4179/3921
f 4062/4384/4126 4063/4385/4127 4056/4378/4120 4055/4377/4119
f 4063/4385/4127 4064/4386/4128 4057/4379/4121 4056/4378/4120
f 4064/4386/4128 4065/4387/4129 4058/4380/4122 4057/4379/4121
f 4065/4387/4129 4066/4388/4130 4059/4381/4123 4058/4380/4122
f 4066/4388/4130 4067/4389/4131 4060/4382/4124 4059/4381/4123
f 4067/4389/4131 4068/4390/4132 4061/4383/4125 4060/4382/4124
f 4068/4390/4132 4000/4322/4064 3992/4314/4056 4061/4383/4125
f 3875/4197/3939 4069/4391/4133 4062/4384/4126 3866/4188/3930
f 4069/4391/4133 4070/4392/4134 4063/4385/4127 4062/4384/4126
f 4070/4392/4134 4071/4393/4135 4064/4386/4128 4063/4385/4127
f 4071/4393/4135 4072/4394/4136 4065/4387/4129 4064/4386/4128
f 4072/4394/4136 4073/4395/4137 4066/4388/4130 4065/4387/4129
f 4073/4395/4137 4074/4396/4138 4067/4389/4131 4066/4388/4130
f 4074/4396/4138 4075/4397/4139 4068/4390/4132 4067/4389/4131
f 4075/4397/4139 4008/4330/4072 4000/4322/4064 4068/4390/4132
f 3884/4206/3948 4076/4398/4140 4069/4391/4133 3875/4197/3939
f 4076/4398/4140 4077/4399/4141 4070/4392/4134 4069/4391/4133
f 4077/4399/4141 4078/4400/4142 4071/4393/4135 4070/4392/4134
f 4078/4400/4142 4079/4401/4143 4072/4394/4136 4071/4393/4135
f 4079/4401/4143 4080/4402/4144 4073/4395/4137 4072/4394/4136
f 4080/4402/4144 4081/4403/4145 4074/4396/4138 4073/4395/4137
f 4081/4403/4145 4082/4404/4146 4075/4397/4139 4074/4396/4138
f 4082/4404/4146 4016/4338/4080 4008/4330/4072 4075/4397/4139
f 3893/4215/3957 4083/4405/4147 4076/4398/4140 3884/4206/3948
f 4083/4405/4147 4084/4406/4148 4077/4399/4141 4076/4398/4140
f 4084/4406/4148 4085/4407/4149 4078/4400/4142 4077/4399/4141
f 4085/4407/4149 4086/4408/4150 4079/4401/4143 4078/4400/4142
f 4086/4408/4150 4087/4409/4151 4080/4402/4144 4079/4401/4143
f 4087/4409/4151 4088/4410/4152 4081/4403/4145 4080/4402/4144
f 4088/4410/4152 4089/4411/4153 4082/4404/4146 4081/4403/4145
f 4089/4411/4153 4024/4346/4088 4016/4338/4080 4082/4404/4146
f 3902/4224/3966 4090/4412/4154 4083/4405/4147 3893/4215/3957
f 4090/4412/4154 4091/4413/4155 4084/4406/4148 4083/4405/4147
f 4091/4413/4155 4092/4414/4156 4085/4407/4149 4084/4406/4148
f 4092/4414/4156 4093/4415/4157 4086/4408/4150 4085/4407/4149
f 4093/4415/4157 4094/4416/4158 4087/4409/4151 4086/4408/4150
f 4094/4416/4158 4095/4417/4159 4088/4410/4152 4087/4409/4151
f 4095/4417/4159 4096/4418/4160 4089/4411/4153 4088/4410/4152
f 4096/4418/4160 4032/4354/4096 4024/4346/4088 4089/4411/4153
f 3911/4233/3975 4097/4419/4161 4090/4412/4154 3902/4224/3966
f 4097/4419/4161 4098/4420/4162 4091/4413/4155 4090/4412/4154
f 4098/4420/4162 4099/4421/4163 4092/4414/4156 4091/4413/4155
f 4099/4421/4163 4100/4422/4164 4093/4415/4157 4092/4414/4156
f 4100/4422/4164 4101/4423/4165 4094/4416/4158 4093/4415/4157
f 4101/4423/4165 4102/4424/4166 4095/4417/4159 4094/4416/4158
f 4102/4424/4166 4103/4425/4167 4096/4418/4160 4095/4417/4159
f 4103/4425/4167 4040/4362/4104 4032/4354/4096 4096/4418/4160
f 3912/4234/3976 4105/4427/4169 4104/4426/4168 3911/4233/3975
f 3913/4235/3977 4106/4428/4170 4105/4427/4169 3912/4234/3976
f 3914/4236/3978 4107/4429/4171 4106/4428/4170 3913/4235/3977
f 3915/4237/3979 4108/4430/4172 4107/4429/4171 3914/4236/3978
f 3916/4238/3980 4109/4431/4173 4108/4430/4172 3915/4237/3979
f 3917/4239/3981 4110/4432/4174 4109/4431/4173 3916/4238/3980
f 3918/4240/3982 4111/4433/4175 4110/4432/4174 3917/4239/3981
f 3919/4241/3983 4112/4434/4176 4111/4433/4175 3918/4240/3982
f 4105/4427/4169 4114/4436/4178 4113/4435/4177 4104/4426/4168
f 4106/4428/4170 4115/4437/4179 4114/4436/4178 4105/4427/4169
f 4107/4429/4171 4116/4438/4180 4115/4437/4179 4106/4428/4170
f 4108/4430/4172 4117/4439/4181 4116/4438/4180 4107/4429/4171
f 4109/4431/4173 4118/4440/4182 4117/4439/4181 4108/4430/4172
f 4110/4432/4174 4119/4441/4183 4118/4440/4182 4109/4431/4173
f 4111/4433/4175 4120/4442/4184 4119/4441/4183 4110/4432/4174
f 4112/4434/4176 4121/4443/4185 4120/4442/4184 4111/4433/4175
f 4114/4436/4178 4123/4445/4187 4122/4444/4186 4113/4435/4177
f 4115/4437/4179 4124/4446/4188 4123/4445/4187 4114/4436/4178
f 4116/4438/4180 4125/4447/4189 4124/4446/4188 4115/4437/4179
f 4117/4439/4181 4126/4448/4190 4125/4447/4189 4116/4438/4180
f 4118/4440/4182 4127/4449/4191 4126/4448/4190 4117/4439/4181
f 4119/4441/4183 4128/4450/4192 4127/4449/4191 4118/4440/4182
f 4120/4442/4184 4129/4451/4193 4128/4450/4192 4119/4441/4183
f 4121/4443/4185 4130/4452/4194 4129/4451/4193 4120/4442/4184
f 4123/4445/4187 4132/4454/4196 4131/4453/4195 4122/4444/4186
f 4124/4446/4188 4133/4455/4197 4132/4454/4196 4123/4445/4187
f 4125/4447/4189 4134/4456/4198 4133/4455/4197 4124/4446/4188
f 4126/4448/4190 4135/4457/4199 4134/4456/4198 4125/4447/4189
f 4127/4449/4191 4136/4458/4200 4135/4457/4199 4126/4448/4190
f 4128/4450/4192 4137/4459/4201 4136/4458/4200 4127/4449/4191
f 4129/4451/4193 4138/4460/4202 4137/4459/4201 4128/4450/4192
f 4130/4452/4194 4139/4461/4203 4138/4460/4202 4129/4451/4193
f 4132/4454/4196 4141/4463/4205 4140/4462/4204 4131/4453/4195
f 4133/4455/4197 4142/4464/4206 4141/4463/4205 4132/4454/4196
f 4134/4456/4198 4143/4465/4207 4142/4464/4206 4133/4455/4197
f 4135/4457/4199 4144/4466/4208 4143/4465/4207 4134/4456/4198
f 4136/4458/4200 4145/4467/4209 4144/4466/4208 4135/4457/4199
f 4137/4459/4201 4146/4468/4210 4145/4467/4209 4136/4458/4200
f 4138/4460/4202 4147/4469/4211 4146/4468/4210 4137/4459/4201
f 4139/4461/4203 4148/4470/4212 4147/4469/4211 4138/4460/4202
f 4141/4463/4205 4150/4472/4214 4149/4471/4213 4140/4462/4204
f 4142/4464/4206 4151/4473/4215 4150/4472/4214 4141/4463/4205
f 4143/4465/4207 4152/4474/4216 4151/4473/4215 4142/4464/4206
f 4144/4466/4208 4153/4475/4217 4152/4474/4216 4143/4465/4207
f 4145/4467/4209 4154/4476/4218 4153/4475/4217 4144/4466/4208
f 4146/4468/4210 4155/4477/4219 4154/4476/4218 4145/4467/4209
f 4147/4469/4211 4156/4478/4220 4155/4477/4219 4146/4468/4210
f 4148/4470/4212 4157/4479/4221 4156/4478/4220 4147/4469/4211
f 4150/4472/4214 4159/4481/4223 4158/4480/4222 4149/4471/4213
f 4151/4473/4215 4160/4482/4224 4159/4481/4223 4150/4472/4214
f 4152/4474/4216 4161/4483/4225 4160/4482/4224 4151/4473/4215
f 4153/4475/4217 4162/4484/4226 4161/4483/4225 4152/4474/4216
f 4154/4476/4218 4163/4485/4227 4162/4484/4226 4153/4475/4217
f 4155/4477/4219 4164/4486/4228 4163/4485/4227 4154/4476/4218
f 4156/4478/4220 4165/4487/4229 4164/4486/4228 4155/4477/4219
f 4157/4479/4221 4166/4488/4230 4165/4487/4229 4156/4478/4220
f 4159/4481/4223 4168/4490/4232 4167/4489/4231 4158/4480/4222
f 4160/4482/4224 4169/4491/4233 4168/4490/4232 4159/4481/4223
f 4161/4483/4225 4170/4492/4234 4169/4491/4233 4160/4482/4224
f 4162/4484/4226 4171/4493/4235 4170/4492/4234 4161/4483/4225
f 4163/4485/4227 4172/4494/4236 4171/4493/4235 4162/4484/4226
f 4164/4486/4228 4173/4495/4237 4172/4494/4236 4163/4485/4227
f 4165/4487/4229 4174/4496/4238 4173/4495/4237 4164/4486/4228
f 4166/4488/4230 4175/4497/4239 4174/4496/4238 4165/4487/4229
f 3976/4298/4040 4176/4498/4240 4112/4434/4176 3919/4241/3983
f 3977/4299/4041 4177/4499/4241 4176/4498/4240 3976/4298/4040
f 3978/4300/4042 4178/4500/4242 4177/4499/4241 3977/4299/4041
f 3979/4301/4043 4179/4501/4243 4178/4500/4242 3978/4300/4042
f 3980/4302/4044 4180/4502/4244 4179/4501/4243 3979/4301/4043
f 3981/4303/4045 4181/4503/4245 4180/4502/4244 3980/4302/4044
f 3982/4304/4046 4182/4504/4246 4181/4503/4245 3981/4303/4045
f 3983/4305/4047 4183/4505/4247 4182/4504/4246 3982/4304/4046
f 4176/4498/4240 4184/4506/4248 4121/4443/4185 4112/4434/4176
f 4177/4499/4241 4185/4507/4249 4184/4506/4248 4176/4498/4240
f 4178/4500/4242 4186/4508/4250 4185/4507/4249 4177/4499/4241
f 4179/4501/4243 4187/4509/4251 4186/4508/4250 4178/4500/4242
f 4180/4502/4244 4188/4510/4252 4187/4509/4251 4179/4501/4243
f 4181/4503/4245 4189/4511/4253 4188/4510/4252 4180/4502/4244
f 4182/4504/4246 4190/4512/4254 4189/4511/4253 4181/4503/4245
f 4183/4505/4247 4191/4513/4255 4190/4512/4254 4182/4504/4246
f 4184/4506/4248 4192/4514/4256 4130/4452/4194 4121/4443/4185
f 4185/4507/4249 4193/4515/4257 4192/4514/4256 4184/4506/4248
f 4186/4508/4250 4194/4516/4258 4193/4515/4257 4185/4507/4249
f 4187/4509/4251 4195/4517/4259 4194/4516/4258 4186/4508/4250
f 4188/4510/4252 4196/4518/4260 4195/4517/4259 4187/4509/4251
f 4189/4511/4253 4197/4519/4261 4196/4518/4260 4188/4510/4252
f 4190/4512/4254 4198/4520/4262 4197/4519/4261 4189/4511/4253
f 4191/4513/4255 4199/4521/4263 4198/4520/4262 4190/4512/4254
f 4192/4514/4256 4200/4522/4264 4139/4461/4203 4130/4452/4194
f 4193/4515/4257 4201/4523/4265 4200/4522/4264 4192/4514/4256
f 4194/4516/4258 4202/4524/4266 4201/4523/4265 4193/4515/4257
f 4195/4517/4259 4203/4525/4267 4202/4524/4266 4194/4516/4258
f 4196/4518/4260 4204/4526/4268 4203/4525/4267 4195/4517/4259
f 4197/4519/4261 4205/4527/4269 4204/4526/4268 4196/4518/4260
f 4198/4520/4262 4206/4528/4270 4205/4527/4269 4197/4519/4261
f 4199/4521/4263 4207/4529/4271 4206/4528/4270 4198/4520/4262
f 4200/4522/4264 4208/4530/4272 4148/4470/4212 4139/4461/4203
f 4201/4523/4265 4209/4531/4273 4208/4530/4272 4200/4522/4264
f 4202/4524/4266 4210/4532/4274 4209/4531/4273 4201/4523/4265
f 4203/4525/4267 4211/4533/4275 4210/4532/4274 4202/4524/4266
f 4204/4526/4268 4212/4534/4276 4211/4533/4275 4203/4525/4267
f 4205/4527/4269 4213/4535/4277 4212/4534/4276 4204/4526/4268
f 4206/4528/4270 4214/4536/4278 4213/4535/4277 4205/4527/4269
f 4207/4529/4271 4215/4537/4279 4214/4536/4278 4206/4528/4270
f 4208/4530/4272 4216/4538/4280 4157/4479/4221 4148/4470/4212
f 4209/4531/4273 4217/4539/4281 4216/4538/4280 4208/4530/4272
f 4210/4532/4274 4218/4540/4282 4217/4539/4281 4209/4531/4273
f 4211/4533/4275 4219/4541/4283 4218/4540/4282 4210/4532/4274
f 4212/4534/4276 4220/4542/4284 4219/4541/4283 4211/4533/4275
f 4213/4535/4277 4221/4543/4285 4220/4542/4284 4212/4534/4276
f 4214/4536/4278 4222/4544/4286 4221/4543/4285 4213/4535/4277
f 4215/4537/4279 4223/4545/4287 4222/4544/4286 4214/4536/4278
f 4216/4538/4280 4224/4546/4288 4166/4488/4230 4157/4479/4221
f 4217/4539/4281 4225/4547/4289 4224/4546/4288 4216/4538/4280
f 4218/4540/4282 4226/4548/4290 4225/4547/4289 4217/4539/4281
f 4219/4541/4283 4227/4549/4291 4226/4548/4290 4218/4540/4282
f 4220/4542/4284 4228/4550/4292 4227/4549/4291 4219/4541/4283
f 4221/4543/4285 4229/4551/4293 4228/4550/4292 4220/4542/4284
f 4222/4544/4286 4230/4552/4294 4229/4551/4293 4221/4543/4285
f 4223/4545/4287 4231/4553/4295 4230/4552/4294 4222/4544/4286
f 4224/4546/4288 4232/4554/4296 4175/4497/4239 4166/4488/4230
f 4225/4547/4289 4233/4555/4297 4232/4554/4296 4224/4546/4288
f 4226/4548/4290 4234/4556/4298 4233/4555/4297 4225/4547/4289
f 4227/4549/4291 4235/4557/4299 4234/4556/4298 4226/4548/4290
f 4228/4550/4292 4236/4558/4300 4235/4557/4299 4227/4549/4291
f 4229/4551/4293 4237/4559/4301 4236/4558/4300 4228/4550/4292
f 4230/4552/4294 4238/4560/4302 4237/4559/4301 4229/4551/4293
f 4231/4553/4295 4239/4561/4303 4238/4560/4302 4230/4552/4294
f 4240/4562/4304 4241/4563/4305 4041/4363/4105 4040/4362/4104
f 4241/4563/4305 4242/4564/4306 4042/4364/4106 4041/4363/4105
f 4242/4564/4306 4243/4565/4307 4043/4365/4107 4042/4364/4106
f 4243/4565/4307 4244/4566/4308 4044/4366/4108 4043/4365/4107
f 4244/4566/4308 4245/4567/4309 4045/4367/4109 4044/4366/4108
f 4245/4567/4309 4246/4568/4310 4046/4368/4110 4045/4367/4109
f 4246/4568/4310 4247/4569/4311 4047/4369/4111 4046/4368/4110
f 4247/4569/4311 4183/4505/4247 3983/4305/4047 4047/4369/4111
f 4248/4570/4312 4249/4571/4313 4241/4563/4305 4240/4562/4304
f 4249/4571/4313 4250/4572/4314 4242/4564/4306 4241/4563/4305
f 4250/4572/4314 4251/4573/4315 4243/4565/4307 4242/4564/4306
f 4251/4573/4315 4252/4574/4316 4244/4566/4308 4243/4565/4307
f 4252/4574/4316 4253/4575/4317 4245/4567/4309 4244/4566/4308
f 4253/4575/4317 4254/4576/4318 4246/4568/4310 4245/4567/4309
f 4254/4576/4318 4255/4577/4319 4247/4569/4311 4246/4568/4310
f 4255/4577/4319 4191/4513/4255 4183/4505/4247 4247/4569/4311
f 4256/4578/4320 4257/4579/4321 4249/4571/4313 4248/4570/4312
f 4257/4579/4321 4258/4580/4322 4250/4572/4314 4249/4571/4313
f 4258/4580/4322 4259/4581/4323 4251/4573/4315 4250/4572/4314
f 4259/4581/4323 4260/4582/4324 4252/4574/4316 4251/4573/4315
f 4260/4582/4324 4261/4583/4325 4253/4575/4317 4252/4574/4316
f 4261/4583/4325 4262/4584/4326 4254/4576/4318 4253/4575/4317
f 4262/4584/4326 4263/4585/4327 4255/4577/4319 4254/4576/4318
f 4263/4585/4327 4199/4521/4263 4191/4513/4255 4255/4577/4319
f 4264/4586/4328 4265/4587/4329 4257/4579/4321 4256/4578/4320
f 4265/4587/4329 4266/4588/4330 4258/4580/4322 4257/4579/4321
f 4266/4588/4330 4267/4589/4331 4259/4581/4323 4258/4580/4322
f 4267/4589/4331 4268/4590/4332 4260/4582/4324 4259/4581/4323
f 4268/4590/4332 4269/4591/4333 4261/4583/4325 4260/4582/4324
f 4269/4591/4333 4270/4592/4334 4262/4584/4326 4261/4583/4325
f 4270/4592/4334 4271/4593/4335 4263/4585/4327 4262/4584/4326
f 4271/4593/4335 4207/4529/4271 4199/4521/4263 4263/4585/4327
f 4272/4594/4336 4273/4595/4337 4265/4587/4329 4264/4586/4328
f 4273/4595/4337 4274/4596/4338 4266/4588/4330 4265/4587/4329
f 4274/4596/4338 4275/4597/4339 4267/4589/4331 4266/4588/4330
f 4275/4597/4339 4276/4598/4340 4268/4590/4332 4267/4589/4331
f 4276/4598/4340 4277/4599/4341 4269/4591/4333 4268/4590/4332
f 4277/4599/4341 4278/4600/4342 4270/4592/4334 4269/4591/4333
f 4278/4600/4342 4279/4601/4343 4271/4593/4335 4270/4592/4334
f 4279/4601/4343 4215/4537/4279 4207/4529/4271 4271/4593/4335
f 4280/4602/4344 4281/4603/4345 4273/4595/4337 4272/4594/4336
f 4281/4603/4345 4282/4604/4346 4274/4596/4338 4273/4595/4337
f 4282/4604/4346 4283/4605/4347 4275/4597/4339 4274/4596/4338
f 4283/4605/4347 4284/4606/4348 4276/4598/4340 4275/4597/4339
f 4284/4606/4348 4285/4607/4349 4277/4599/4341 4276/4598/4340
f 4285/4607/4349 4286/4608/4350 4278/4600/4342 4277/4599/4341
f 4286/4608/4350 4287/4609/4351 4279/4601/4343 4278/4600/4342
f 4287/4609/4351 4223/4545/4287 4215/4537/4279 4279/4601/4343
f 4288/4610/4352 4289/4611/4353 4281/4603/4345 4280/4602/4344
f 4289/4611/4353 4290/4612/4354 4282/4604/4346 4281/4603/4345
f 4290/4612/4354 4291/4613/4355 4283/4605/4347 4282/4604/4346
f 4291/4613/4355 4292/4614/4356 4284/4606/4348 4283/4605/4347
f 4292/4614/4356 4293/4615/4357 4285/4607/4349 4284/4606/4348
f 4293/4615/4357 4294/4616/4358 4286/4608/4350 4285/4607/4349
f 4294/4616/4358 4295/4617/4359 4287/4609/4351 4286/4608/4350
f 4295/4617/4359 4231/4553/4295 4223/4545/4287 4287/4609/4351
f 4296/4618/4360 4297/4619/4361 4289/4611/4353 4288/4610/4352
f 4297/4619/4361 4298/4620/4362 4290/4612/4354 4289/4611/4353
f 4298/4620/4362 4299/4621/4363 4291/4613/4355 4290/4612/4354
f 4299/4621/4363 4300/4622/4364 4292/4614/4356 4291/4613/4355
f 4300/4622/4364 4301/4623/4365 4293/4615/4357 4292/4614/4356
f 4301/4623/4365 4302/4624/4366 4294/4616/4358 4293/4615/4357
f 4302/4624/4366 4303/4625/4367 4295/4617/4359 4294/4616/4358
f 4303/4625/4367 4239/4561/4303 4231/4553/4295 4295/4617/4359
f 4104/4426/4168 4304/4626/4368 4097/4419/4161 3911/4233/3975
f 4304/4626/4368 4305/4627/4369 4098/4420/4162 4097/4419/4161
f 4305/4627/4369 4306/4628/4370 4099/4421/4163 4098/4420/4162
f 4306/4628/4370 4307/4629/4371 4100/4422/4164 4099/4421/4163
f 4307/4629/4371 4308/4630/4372 4101/4423/4165 4100/4422/4164
f 4308/4630/4372 4309/4631/4373 4102/4424/4166 4101/4423/4165
f 4309/4631/4373 4310/4632/4374 4103/4425/4167 4102/4424/4166
f 4310/4632/4374 4240/4562/4304 4040/4362/4104 4103/4425/4167
f 4113/4435/4177 4311/4633/4375 4304/4626/4368 4104/4426/4168
f 4311/4633/4375 4312/4634/4376 4305/4627/4369 4304/4626/4368
f 4312/4634/4376 4313/4635/4377 4306/4628/4370 4305/4627/4369
f 4313/4635/4377 4314/4636/4378 4307/4629/4371 4306/4628/4370
f 4314/4636/4378 4315/4637/4379 4308/4630/4372 4307/4629/4371
f 4315/4637/4379 4316/4638/4380 4309/4631/4373 4308/4630/4372
f 4316/4638/4380 4317/4639/4381 4310/4632/4374 4309/4631/4373
f 4317/4639/4381 4248/4570/4312 4240/4562/4304 4310/4632/4374
f 4122/4444/4186 4318/4640/4382 4311/4633/4375 4113/4435/4177
f 4318/4640/4382 4319/4641/4383 4312/4634/4376 4311/4633/4375
f 4319/4641/4383 4320/4642/4384 4313/4635/4377 4312/4634/4376
f 4320/4642/4384 4321/4643/4385 4314/4636/4378 4313/4635/4377
f 4321/4643/4385 4322/4644/4386 4315/4637/4379 4314/4636/4378
f 4322/4644/4386 4323/4645/4387 4316/4638/4380 4315/4637/4379
f 4323/4645/4387 4324/4646/4388 4317/4639/4381 4316/4638/4380
f 4324/4646/4388 4256/4578/4320 4248/4570/4312 4317/4639/4381
f 4131/4453/4195 4325/4647/4389 4318/4640/4382 4122/4444/4186
f 4325/4647/4389 4326/4648/4390 4319/4641/4383 4318/4640/4382
f 4326/4648/4390 4327/4649/4391 4320/4642/4384 4319/4641/4383
f 4327/4649/4391 4328/4650/4392 4321/4643/4385 4320/4642/4384
f 4328/4650/4392 4329/4651/4393 4322/4644/4386 4321/4643/4385
f 4329/4651/4393 4330/4652/4394 4323/4645/4387 4322/4644/4386
f 4330/4652/4394 4331/4653/4395 4324/4646/4388 4323/4645/4387
f 4331/4653/4395 4264/4586/4328 4256/4578/4320 4324/4646/4388
f 4140/4462/4204 4332/4654/4396 4325/4647/4389 4131/4453/4195
f 4332/4654/4396 4333/4655/4397 4326/4648/4390 4325/4647/4389
f 4333/4655/4397 4334/4656/4398 4327/4649/4391 4326/4648/4390
f 4334/4656/4398 4335/4657/4399 4328/4650/4392 4327/4649/4391
f 4335/4657/4399 4336/4658/4400 4329/4651/4393 4328/4650/4392
f 4336/4658/4400 4337/4659/4401 4330/4652/4394 4329/4651/4393
f 4337/4659/4401 4338/4660/4402 4331/4653/4395 4330/4652/4394
f 4338/4660/4402 4272/4594/4336 4264/4586/4328 4331/4653/4395
f 4149/4471/4213 4339/4661/4403 4332/4654/4396 4140/4462/4204
f 4339/4661/4403 4340/4662/4404 4333/4655/4397 4332/4654/4396
f 4340/4662/4404 4341/4663/4405 4334/4656/4398 4333/4655/4397
f 4341/4663/4405 4342/4664/4406 4335/4657/4399 4334/4656/4398
f 4342/4664/4406 4343/4665/4407 4336/4658/4400 4335/4657/4399
f 4343/4665/4407 4344/4666/4408 4337/4659/4401 4336/4658/4400
f 4344/4666/4408 4345/4667/4409 4338/4660/4402 4337/4659/4401
f 4345/4667/4409 4280/4602/4344 4272/4594/4336 4338/4660/4402
f 4158/4480/4222 4346/4668/4410 4339/4661/4403 4149/4471/4213
f 4346/4668/4410 4347/4669/4411 4340/4662/4404 4339/4661/4403
f 4347/4669/4411 4348/4670/4412 4341/4663/4405 4340/4662/4404
f 4348/4670/4412 4349/4671/4413 4342/4664/4406 4341/4663/4405
f 4349/4671/4413 4350/4672/4414 4343/4665/4407 4342/4664/4406
f 4350/4672/4414 4351/4673/4415 4344/4666/4408 4343/4665/4407
f 4351/4673/4415 4352/4674/4416 4345/4667/4409 4344/4666/4408
f 4352/4674/4416 4288/4610/4352 4280/4602/4344 4345/4667/4409
f 4167/4489/4231 4353/4675/4417 4346/4668/4410 4158/4480/4222
f 4353/4675/4417 4354/4676/4418 4347/4669/4411 4346/4668/4410
f 4354/4676/4418 4355/4677/4419 4348/4670/4412 4347/4669/4411
f 4355/4677/4419 4356/4678/4420 4349/4671/4413 4348/4670/4412
f 4356/4678/4420 4357/4679/4421 4350/4672/4414 4349/4671/4413
f 4357/4679/4421 4358/4680/4422 4351/4673/4415 4350/4672/4414
f 4358/4680/4422 4359/4681/4423 4352/4674/4416 4351/4673/4415
f 4359/4681/4423 4296/4618/4360 4288/4610/4352 4352/4674/4416
